dataset_id,file,boundary_m,label,omega_rpm,axial_depth_m,kurtosis_1st_derivative,ar_coeff_2,d2_energy,skewness_1st_derivative,multi_axis_energy_asymmetry,d3_d4_subband_energy_ratio,coherence_at_dominant_resonant,impulse_factor,cross_axis_peak_delay,cross_spectral_centroid,phase_space_ellipsicity,bivariate_orbit_radius_ratio
1,ds1_time1_1.h5,0.0014729720492096473,0,2000.0,0.001,2.155898882697718,-0.9008667320576634,1530.63310162088,2.2391171144164574,-0.46433375335405375,0.2752011799348989,0.9999882452227767,2.1887865440295253,0.0004787234042553656,169.75802719521093,0.7822365434869323,0.2030308268915098
1,ds1_time1_2.h5,0.0014729720492096473,1,2000.0,0.002,1.849062145295407,-2.059534440193355,117831.28079909924,-0.9194653574567926,-0.38799002240703984,0.3056588027699234,0.9997591235236979,3.6454072684072125,0.007898936170213533,272.06258140929674,0.7406175874064228,0.26446398888868927
1,ds1_time1_3.h5,0.0014729720492096473,1,2000.0,0.003,1.8867285497628836,-1.7229145621387496,2025009.558554598,-0.09192011837335887,-0.3138404744605643,0.4316482880257459,0.9988075658799035,7.108503881395625,0.02194148936170426,472.85714882126223,0.7464232973353124,0.23590510964519693
1,ds1_time1_4.h5,0.00486265734176468,0,2500.0,0.001,1.5844014483517481,-0.9258208126460967,2591.5972405353245,2.124174156607614,-0.4781886918830206,0.3398291247704697,0.9993543926966573,2.184883577683847,0.0003999999999999837,210.75398710015108,0.7315379077751276,0.18669522304030522
1,ds1_time1_5.h5,0.00486265734176468,0,2500.0,0.002,1.6273779739261252,-0.8353615515413764,1659.595859066142,0.8972439508996309,-0.46301649521290644,0.15197693140023222,0.9976996898233587,2.3079341547474503,0.00047999999999998044,186.7136694668188,0.7273096923853413,0.19398503289242627
1,ds1_time1_6.h5,0.00486265734176468,0,2500.0,0.003,1.6225939376149219,-0.8418897196389827,1829.8670949658654,0.5649680873248422,-0.45260918709901127,0.09721543147195798,0.9955021037823779,2.3170270383203033,0.00047999999999998044,178.14948251474215,0.7237015794784215,0.20812361980599028
1,ds1_time1_7.h5,0.00486265734176468,0,2500.0,0.004,1.6961184826778377,-0.8872336702691608,1944.0041290708664,0.38561771555441104,-0.4435148777193535,0.08566409017046264,0.9912336672446781,2.2076001503168747,0.0005599999999999772,173.27023719796742,0.7175839879345194,0.23590266236960028
1,ds1_time1_8.h5,0.00486265734176468,1,2500.0,0.005,2.2190208974404877,-2.01251080934379,4913.764625766238,-0.2879597422608369,-0.4318582213088809,0.24015094813270954,0.9999940429605132,2.131051209554795,0.005439999999999778,175.2247667257642,0.8059143048222263,0.3023531929304341
1,ds1_time1_9.h5,0.00486265734176468,1,2500.0,0.006,1.8626934065321274,-2.3088260413314687,116037.8596492716,-0.8179553700562955,-0.39534954991211474,0.2859122967155909,0.9999560565384753,2.8520236880310748,0.005519999999999775,257.1345657536289,0.853434611067012,0.3244969401280279
1,ds1_time1_10.h5,0.00122736072758267,0,3000.0,0.001,3.0216414391645094,-0.936494115034782,4097.317985857516,1.7798502050583174,-0.46923036960016434,0.34307217368554577,0.9999998273826267,2.167201264337834,0.0003225806451612903,247.24767565992346,0.8492351532381517,0.27440608488655815
1,ds1_time1_11.h5,0.00122736072758267,1,3000.0,0.002,1.6908036771142008,-1.932824651225042,113070.92055010321,-0.21889790909183698,-0.39261899027642877,0.45573179824078075,0.9995636260319706,3.7624242699851647,0.019596774193548386,371.9259187412173,0.7740229568610908,0.25868282705169404
1,ds1_time1_12.h5,0.00122736072758267,1,3000.0,0.003,1.702052270594021,-1.7896605967348533,1506251.432298271,0.379499405166029,-0.3459759955605612,0.5942965134857753,0.9993002626971802,6.757812820655213,0.009758064516129032,539.4102842212591,0.781750550109858,0.23878835272289647
1,ds1_time1_13.h5,0.0037118327626069485,0,3500.0,0.001,1.5823462348770008,-0.9548152868736475,4813.045816852113,1.99384443906758,-0.48234657074168696,0.3117760747585933,0.9999689656971025,2.1222143334090053,0.000317460317460317,294.5379213116099,0.7164364982116878,0.1982347360240501
1,ds1_time1_14.h5,0.0037118327626069485,0,3500.0,0.002,2.0097294129628978,-0.8916326617693802,3641.7654291939343,0.9545406003151626,-0.4692326344838393,0.1981563410449542,0.9998677864777635,2.214307328047647,0.000317460317460317,264.47197924314185,0.6813156259349209,0.2057729927824573
1,ds1_time1_15.h5,0.0037118327626069485,0,3500.0,0.003,2.758545114624615,-0.8608115565520751,3421.813666819811,0.5753245738821554,-0.4580447092553843,0.10356052936266041,0.9997213155934829,2.304917787359893,0.0003968253968253963,250.7125363910039,0.6431071159846061,0.21721943540889765
1,ds1_time1_16.h5,0.0037118327626069485,1,3500.0,0.004,1.9425213980963107,-2.1870524518480017,25048.860398565725,-0.780476272420296,-0.43172601995125875,0.29803576574973584,0.9999783185862838,2.411480112328731,0.003888888888888884,270.8223154115885,0.8090864651682841,0.3453713788553301
1,ds1_time1_17.h5,0.0037118327626069485,1,3500.0,0.005,1.9166110294386614,-2.140473843841108,264046.78060124745,-0.9223615064409382,-0.37978663586937417,0.3724731637029091,0.9998817937113591,3.5037229813184387,0.0038095238095238048,368.4965080022706,0.8182778229889652,0.3476682707994886
1,ds1_time1_18.h5,0.0026254736930035327,0,4000.0,0.001,3.5085323975368046,-0.9562956592596529,7196.610730432461,1.8079466881682,-0.4716640669206963,0.2111413062704463,0.9999380809998669,2.144135900501825,0.0002393617021276828,331.98125459804993,0.7517931482594314,0.201109412134754
1,ds1_time1_19.h5,0.0026254736930035327,0,4000.0,0.002,6.27642236774616,-0.927937403370557,6600.319044867942,1.0180487032610097,-0.46127953228184054,0.15616639340621957,0.999812685215733,2.2311558862894416,0.0002393617021276828,305.8231431948239,0.7366444535018182,0.21492656508948715
1,ds1_time1_20.h5,0.0026254736930035327,1,4000.0,0.003,2.2844462283407583,-1.593165750306224,20275.150566829587,-0.47600587939319705,-0.4383566273835996,0.24522546862155326,0.9995150810297829,2.529665097064442,0.004069148936170608,301.768161392295,0.7243423052214999,0.38211577707602434
1,ds1_time1_21.h5,0.0026254736930035327,1,4000.0,0.004,1.7687382979052388,-1.9139081417808128,905681.821457738,-0.7078036143963676,-0.3442719622629434,0.5900530734684392,0.9997272694421897,4.665524407678144,0.007898936170213533,475.09067031941834,0.7318226504025844,0.27176707786165716
1,ds1_time1_22.h5,0.0012660557382003584,0,4500.0,0.001,4.449297200841733,-0.9753852905353774,5573.665202076083,2.2574581774412743,-0.4898352868166596,0.1450245078019652,0.9999999993733987,2.17395193116721,0.00023809523809520392,391.1176255594888,0.6408884499650112,0.2862497750871297
1,ds1_time1_23.h5,0.0012660557382003584,1,4500.0,0.002,1.698729326747834,-1.6506996454282228,308211.8299988911,-0.6094664007808298,-0.38044873598037837,0.6489291414255816,0.9990476156240744,4.723506755515813,0.013650793650791693,534.6183342876466,0.7422575000551115,0.24728894692030878
1,ds1_time1_24.h5,0.0012660557382003584,1,4500.0,0.003,1.657558947495166,-1.5533460307234377,1706261.5401416454,0.22680998075547507,-0.3601646769993673,0.7827931850215455,0.9983086176163214,6.184977939420894,0.013650793650791693,649.7190747814795,0.7472831005377104,0.23603729912484137
1,ds1_time1_25.h5,0.0012467600519764047,0,5000.0,0.001,2.517457638682732,-0.973559164825398,8505.054977616885,2.160211843469257,-0.4769994001242402,0.10781268342044169,0.9999999990087315,2.2653006899527646,0.00023684210526320193,432.419541295218,0.5707564022071329,0.279209171775511
1,ds1_time1_26.h5,0.0012467600519764047,1,5000.0,0.002,1.7409322120140116,-1.6235166624001922,66377.20947637295,-0.5104179070583678,-0.4195402775959555,0.41630032714289844,0.9992619175720417,3.279637171142225,0.01176315789473903,461.90975758944313,0.7458801811478012,0.27157450190945887
1,ds1_time1_27.h5,0.0012467600519764047,1,5000.0,0.003,1.6480311831118626,-1.6908519051111168,1036092.1316321822,0.47713715997445877,-0.36327389226547113,0.7187452640083345,0.9996112204837694,5.306771145751701,0.005842105263158981,621.5827434970666,0.7600777330154688,0.22933280867536
1,ds1_time1_28.h5,0.0017359116151273064,0,5500.0,0.001,1.5395054996937025,-0.9691444662562623,10818.95083824865,2.065876454492324,-0.4608660987659831,0.08320031751075188,0.99999999717291,2.2293213824764004,0.00016042780748662389,472.88665084797407,0.5570318012486648,0.26725787025175163
1,ds1_time1_29.h5,0.0017359116151273064,1,5500.0,0.002,2.094085081165764,-1.1717993609655502,26660.73502145065,0.2859713484769038,-0.43671028274678314,0.12752442322632682,0.9999915483603201,2.418190557389608,0.00016042780748662389,430.0534695590602,0.7216826251281809,0.31128390557013147
1,ds1_time1_30.h5,0.0017359116151273064,1,5500.0,0.003,1.8101288188816222,-1.7943595345551682,361489.9020286529,-1.3182859914555785,-0.3564789817910911,0.4462954400795329,0.9995635266678754,4.215944798724687,0.005695187165775148,527.9885412474231,0.7765516606601199,0.22145379262086168
1,ds1_time1_31.h5,0.0029457126545122288,0,6000.0,0.001,1.5084679237609087,-0.9654286826518835,14313.96372520646,1.895211684372469,-0.45901827347773,0.06980832049733332,0.9999999852318922,2.2499276711330514,0.00016129032258063725,508.9428900841193,0.5774433229064646,0.2648275912189768
1,ds1_time1_32.h5,0.0029457126545122288,0,6000.0,0.002,1.7427351195289864,-0.9039758890338084,22069.586084601757,0.9017062080980065,-0.44239923285290905,0.05759157475960987,0.9999999637772251,2.3592407862571805,0.00016129032258063725,450.5912106435343,0.5760344859488108,0.2659452929563696
1,ds1_time1_33.h5,0.0029457126545122288,1,6000.0,0.003,2.0041607851795247,-0.8835083875161035,20543.097168372224,0.6577279393981778,-0.43515233338606346,0.05246182228274696,0.9999999379715916,2.397391252444077,0.00016129032258063725,436.49147328813024,0.5807543835159639,0.2672039202996057
1,ds1_time1_34.h5,0.0029457126545122288,1,6000.0,0.004,2.005404221493878,-1.8038465175333125,118868.095218723,-0.7089927066887788,-0.39073187770105466,0.2182549658489954,0.999916682351697,2.853912008486914,0.00016129032258063725,469.19894660992674,0.7643103951241184,0.303344144255315
1,ds1_time1_35.h5,0.0029457126545122288,1,6000.0,0.005,1.8405139177983063,-1.766790100797944,645926.2088635926,-0.7520240152703228,-0.3338497427663451,0.4046102412309743,0.9999081846607143,3.9853287557201793,8.064516129031862e-05,545.2451366437359,0.8025090728166143,0.25380099352430635
1,ds1_time1_36.h5,0.005340597669805986,0,6500.0,0.001,1.5340010829834887,-0.9644847099803617,15183.472284862888,1.636755906564268,-0.4761806677673657,0.06307495556196635,0.9999998528444767,2.179643520125061,0.00015915119363396624,539.4942691287861,0.6083474617069913,0.27347095449735914
1,ds1_time1_37.h5,0.005340597669805986,0,6500.0,0.002,1.5218533093334377,-0.933534594317436,22389.003197985225,1.0677702801521134,-0.46704162087357515,0.058871980275509314,0.9999997733207706,2.22694770416085,0.00015915119363396624,502.5596961423793,0.6076944538423482,0.27395915986712
1,ds1_time1_38.h5,0.005340597669805986,0,6500.0,0.003,1.5184332131262692,-0.8328779349131288,20641.940601897455,0.5822111604251096,-0.45207163714943904,0.049390845168096796,0.999999500075945,2.255370547777207,0.00015915119363396624,466.22728690946593,0.6066054207268714,0.27459791751797463
1,ds1_time1_39.h5,0.005340597669805986,0,6500.0,0.004,1.5850037790494709,-0.6888937641069639,13996.218195492984,0.3493153590946521,-0.439686108128478,0.04252055539912438,0.9999991261225405,2.2583641381153234,0.00023872679045094936,449.5137562800427,0.6063214871745723,0.27502077954586174
1,ds1_time1_40.h5,0.005340597669805986,0,6500.0,0.005,1.6519156486987123,-0.628819034458808,14658.550332110877,0.2586279573470611,-0.4341526565423647,0.04165570652611064,0.9999988996997076,2.355454996717452,0.00023872679045094936,445.2148462609249,0.6073197120220192,0.2753225484359829
1,ds1_time1_41.h5,0.005340597669805986,1,6500.0,0.006,2.3312808482455654,-1.7427688030759818,89180.21796249208,-0.44229934131538207,-0.41162536900966323,0.11707050808422653,0.9999978851262767,2.6619144097292224,0.007161803713528481,464.1043090291336,0.6678196546825379,0.2870915120660793
1,ds1_time1_42.h5,0.005340597669805986,1,6500.0,0.007,2.077070493011211,-2.026166631987674,474200.3540888055,-0.8434874411784158,-0.3647956816136074,0.28601354409891133,0.9999959272526295,3.346451163019349,0.007161803713528481,528.9468614432291,0.7660961699666088,0.30306761449333514
1,ds1_time1_43.h5,0.00913760235676533,0,7000.0,0.001,1.5260197169187797,-0.9631265808374887,15713.946625382318,1.3590177613031684,-0.49538956611784696,0.06572138060514619,0.9999916452250396,2.0903813823293897,0.00015873015873013596,567.7542389565642,0.6591832296144072,0.284095505814374
1,ds1_time1_44.h5,0.00913760235676533,0,7000.0,0.002,1.5204574131473967,-0.9283388344207948,22882.40656515533,0.8740463793029913,-0.48597686017212777,0.06311360960905357,0.9999872871987061,2.0960839542833876,0.00015873015873013596,531.2069025659985,0.6589949920154966,0.2847419213959321
1,ds1_time1_45.h5,0.00913760235676533,0,7000.0,0.003,1.520732202980362,-0.7832588847122178,19743.101976029182,0.4722610224438123,-0.47075688853842407,0.05697665225450102,0.9999755051063243,2.0524329809885233,0.00015873015873013596,495.7654423497279,0.6587240305092541,0.2857583232950063
1,ds1_time1_46.h5,0.00913760235676533,0,7000.0,0.004,1.522554007450198,-0.6669987027789246,15350.181504525845,0.368225740537492,-0.4643220613375065,0.054175654480176735,0.9999682605282191,2.020262126235845,0.00023809523809520392,486.4456730162311,0.6586121461968706,0.2861318115658687
1,ds1_time1_47.h5,0.00913760235676533,0,7000.0,0.005,1.5266126189566915,-0.7055534284227043,14450.339325318404,0.23278831968724759,-0.4533209098911449,0.05029159271853047,0.9999510326592704,2.000867878759163,0.00023809523809520392,476.8020617525402,0.6585104373702046,0.28667681396982975
1,ds1_time1_48.h5,0.00913760235676533,0,7000.0,0.006,1.5289906677365444,-0.7066386150527647,18857.51814565325,0.18558094025735897,-0.4486629507948805,0.04921853462416208,0.999941163178415,1.9877133809528713,0.00023809523809520392,475.1233444794947,0.6585275461400889,0.2868706437461795
1,ds1_time1_49.h5,0.00913760235676533,0,7000.0,0.007,1.5364149414479111,-0.8459068810446497,24905.737086326924,0.09506843337217918,-0.4408018486830118,0.04870804308723143,0.9999177206119364,1.967285010558607,0.00023809523809520392,472.90674686086896,0.6586632561511853,0.2871522210769984
1,ds1_time1_50.h5,0.00913760235676533,0,7000.0,0.008,1.5499193407857217,-0.7810059188699949,25612.90055276183,-0.0031423278817914544,-0.43426242270486815,0.05099213975974428,0.9998870758632292,2.0093190036625495,0.00023809523809520392,472.3893916553846,0.6591720496283532,0.2874226407401258
1,ds1_time1_51.h5,0.00913760235676533,0,7000.0,0.009,1.6365569813067609,-1.1344843633885782,49568.250602187276,-0.2164542604124521,-0.42861289683607695,0.0717085874175689,0.999866945900185,2.078996897124591,0.0019047619047616313,478.75621818517436,0.6638272132796862,0.28838857683220315
1,ds1_time1_52.h5,0.00913760235676533,1,7000.0,0.009999999999999998,2.1331685431569487,-1.649249321448729,248769.00715071018,-0.5990363539408915,-0.40243607047140867,0.17901414023085926,0.999810754468507,2.4013969044055963,0.0019047619047616313,522.8668771503446,0.704691163889686,0.2965614012386077
1,ds1_time1_53.h5,0.014106855697582374,0,7500.0,0.001,1.558876320033622,-0.030496220184409006,7993.314405239154,2.9541878258009353,-0.4698691599104823,0.09082188749937703,0.9997238492865218,2.088674891687425,7.999999999999674e-05,732.3017234613469,0.7265167791009084,0.26034232760852766
1,ds1_time1_54.h5,0.014106855697582374,0,7500.0,0.002,1.571431011546429,-0.9003629060892487,34807.31486851891,1.0175605482389087,-0.4462495469676314,0.08551915578690067,0.9995738317753043,2.0838538342391764,0.00015999999999999348,572.9662541730704,0.7264813540421692,0.25944473496207293
1,ds1_time1_55.h5,0.014106855697582374,0,7500.0,0.003,1.5717903958884996,-0.8287226253530865,35492.89839969343,0.7317461096133074,-0.4379737643577592,0.08189406686148326,0.9994714394829787,2.0732892415865964,0.00015999999999999348,547.4918314855772,0.7264901398523479,0.2590184808720897
1,ds1_time1_56.h5,0.014106855697582374,0,7500.0,0.004,1.5690509425374095,-0.6159578565631608,23771.660635789114,0.4224618641845234,-0.4241536389700506,0.07570390345591173,0.999217650348426,2.041752926958109,0.00015999999999999348,520.8436275533844,0.7265389552560153,0.25820397575226056
1,ds1_time1_57.h5,0.014106855697582374,0,7500.0,0.005,1.5672178227206504,-0.5202451452954071,22017.99397344571,0.32658275705146794,-0.41830580166739917,0.07381797707150622,0.9990705448086309,2.02068426269737,0.00015999999999999348,514.263348876867,0.7265730021382149,0.25783074130882344
1,ds1_time1_58.h5,0.014106855697582374,0,7500.0,0.006,1.5651826446310708,-0.6895186221277378,31280.941126523234,0.19351321025051202,-0.4083227489885758,0.0720365815728683,0.9987357983681969,1.9618096379889927,0.00015999999999999348,509.2826423639329,0.7266388120374079,0.257207723455199
1,ds1_time1_59.h5,0.014106855697582374,0,7500.0,0.007,1.565442072936955,-0.8126644766990196,36395.821056056724,0.13673189784175319,-0.40405498659746913,0.07181990428835051,0.9985412966520105,1.9243253746038123,0.00015999999999999348,508.2915188523458,0.7266577792464991,0.2569611778175304
1,ds1_time1_60.h5,0.014106855697582374,0,7500.0,0.008,1.5694144620313895,-0.7306128402169181,40131.561678675775,0.02949122199634707,-0.39648748734176237,0.07140549556915292,0.9980809897299817,1.8402988747505922,0.00015999999999999348,507.2820176634214,0.726643008412411,0.25660495704194664
1,ds1_time1_61.h5,0.014106855697582374,0,7500.0,0.009,1.5732668740957136,-0.711674081753118,41218.40282183229,-0.02276229744841864,-0.3930077533271394,0.07118729478356077,0.9978081643654989,1.7945957716174392,0.00015999999999999348,507.2819129854701,0.7266033498572887,0.2564832554104809
1,ds1_time1_62.h5,0.014106855697582374,0,7500.0,0.009999999999999998,1.578220728022633,-0.7031729320976029,41256.88710252302,-0.07591885507063777,-0.3896376117102973,0.07106068894927396,0.9975039971436989,1.7355366451506211,0.00015999999999999348,507.50216046088934,0.7265446498541905,0.2563931395595652
1,ds1_time1_63.h5,0.014106855697582374,0,7500.0,0.011,1.590110288374739,-0.539935712862644,31722.548353369006,-0.18846142334060698,-0.38310918495708474,0.07235226321509393,0.9967938126532173,1.5794801413323254,0.00015999999999999348,508.5939024755066,0.7263790629140373,0.2563072368813149
1,ds1_time1_64.h5,0.014106855697582374,0,7500.0,0.012,1.5963442989151677,-0.46500133186231235,25916.199403248356,-0.24948023906398006,-0.3799468349937845,0.0741682549502637,0.9963889589200648,1.485160085799992,0.00015999999999999348,510.11557575822,0.7262830941534437,0.2563156952608497
1,ds1_time1_65.h5,0.014106855697582374,0,7500.0,0.013,1.6084576654575287,-0.6065171569209182,27873.044701170096,-0.42111338032626117,-0.37396820213736814,0.08031342591082255,0.995508606197183,1.3745060931530455,0.00015999999999999348,520.9755874382054,0.7260934077270902,0.25651265922663213
1,ds1_time1_66.h5,0.014106855697582374,0,7500.0,0.013999999999999999,1.6140606873849546,-0.7105926777952587,33980.565244240526,-0.5416578252877036,-0.37127854836198065,0.08447874594306495,0.9950315617834865,1.3335548725125632,0.00015999999999999348,531.716373177292,0.7260083177504338,0.25675185383227966
1,ds1_time1_67.h5,0.014106855697582374,1,7500.0,0.015,1.7749371203037796,-1.033064454848634,51409.13116342169,-0.538836685510014,-0.3640666785657307,0.15714158822311414,0.9939426811459395,1.3339214567194857,0.001839999999999925,587.257715296818,0.732907330496088,0.25919501269488304
1,ds1_time1_68.h5,0.005321338763032498,0,8000.0,0.001,1.6976532987931428,-0.038712614933916756,8398.161555662227,2.4985180759370054,-0.49137912124091165,0.121302940913487,0.9999950465090819,2.12466600665781,0.00016304347826087695,754.7602034014814,0.8132496157486372,0.27095648914192744
1,ds1_time1_69.h5,0.005321338763032498,0,8000.0,0.002,1.5922794805287774,-0.8923099119874898,36761.647830322225,0.767853095303122,-0.4655673455073881,0.11805403005691019,0.9999898281562585,2.277722015885911,0.00016304347826087695,598.643239303961,0.8125224367173793,0.2692634821410111
1,ds1_time1_70.h5,0.005321338763032498,0,8000.0,0.003,1.599858090640499,-0.8111363193007041,37865.90979159351,0.5059909042893002,-0.4564722670162293,0.1160014705036317,0.999986391247031,2.3664280080710873,0.00016304347826087695,574.2820349045037,0.8121140365042991,0.26851256356387815
1,ds1_time1_71.h5,0.005321338763032498,0,8000.0,0.004,1.6212831775728649,-0.70386560441624,34175.400148904824,0.3261412506329672,-0.44845215490841245,0.11450809572374854,0.9999824062508952,2.4795837749916987,0.00016304347826087695,559.4518731365054,0.811629794337305,0.267883195102441
1,ds1_time1_72.h5,0.005321338763032498,0,8000.0,0.005,1.715063287637827,-0.7862867290830843,38879.481581566055,0.06676870077346157,-0.4344961363530719,0.11707266133872932,0.9999742257254577,2.7560457736931863,0.00016304347826087695,545.9215610288016,0.8100008603433313,0.2677753327080982
1,ds1_time1_73.h5,0.005321338763032498,1,8000.0,0.006,1.8848398930546093,-1.0704637824166536,89505.20622396469,-0.2401071059132952,-0.4229882718839548,0.1471647973639619,0.9999687141265915,2.9280928883349033,0.002038043478260962,551.3011515067982,0.8039579988255469,0.27764706636474656
1,ds1_time1_74.h5,0.005321338763032498,1,8000.0,0.007,2.2288216254594935,-1.3678115206029933,402767.7412600591,-0.6427772276532709,-0.3922909508978194,0.2886599061577798,0.9999545955765758,3.1124299027955225,0.003913043478261047,589.0975325849184,0.7831595089583988,0.3005538559276175
1,ds1_time1_75.h5,0.003154848369242181,0,8500.0,0.001,2.3035240529158227,-0.034769637356897976,13724.60605122169,2.6205153079416235,-0.46737077028880636,0.15366063730696777,0.9999998736695296,2.207131090024265,8.021390374331194e-05,814.3857285389585,0.8653934532411999,0.2578737006726907
1,ds1_time1_76.h5,0.003154848369242181,0,8500.0,0.002,1.830184384444129,-0.8827350026026524,46171.639956480445,0.8000135903026667,-0.4387051259356183,0.14882883510520736,0.9999996643577664,2.50469398513552,0.00016042780748662389,638.0345649917242,0.8614804200207781,0.2582399917353972
1,ds1_time1_77.h5,0.003154848369242181,0,8500.0,0.003,1.8859044903228004,-0.830960595814432,51781.87758267563,0.4630314575882827,-0.42791845029343417,0.14822021394196302,0.9999995327611907,2.711150951681431,0.00016042780748662389,611.4999697731259,0.8564933394772254,0.26252221855912933
1,ds1_time1_78.h5,0.003154848369242181,1,8500.0,0.004,2.414281581210291,-1.2859488648806807,218406.35701010277,-0.6659027858837059,-0.39232333449178763,0.27248829307721684,0.9988594526460984,3.011581991942404,0.0019251336898394866,629.1737921335366,0.7921836591383173,0.29845662253414884
1,ds1_time1_79.h5,0.003154848369242181,1,8500.0,0.005,2.411046881355605,-1.4804000189816098,1347617.8612218485,-0.8536363021142803,-0.3294114943580067,0.5607116601308034,0.9990341953479128,4.416846097037612,0.0019251336898394866,721.3802359303066,0.7558203966158845,0.2586830656462787
1,ds1_time1_80.h5,0.0022662204522670426,0,9000.0,0.001,2.4917658174760438,-0.050117264688122054,8314.25948168926,1.9768157281219736,-0.5162429214759148,0.18916943731206076,0.9999999847378034,2.170842215515819,0.0006349206349205438,816.9156292605508,0.923868148089066,0.2834540830549096
1,ds1_time1_81.h5,0.0022662204522670426,0,9000.0,0.002,2.0221061332376595,-0.932016847568116,25123.18441905295,0.9163186719007392,-0.5000647472847148,0.18881615392007847,0.9999999710921545,2.3434244983029706,0.00015873015873013596,702.1070450790629,0.9182116203265769,0.2858064675789528
1,ds1_time1_82.h5,0.0022662204522670426,1,9000.0,0.003,2.4932780444201046,-1.507838027989193,1332406.1665256033,-1.240057367419002,-0.377970457172298,0.7411421842220075,0.997757203830959,4.905386921099105,0.0018253968253965636,814.0673341743621,0.7429274135846125,0.26135408445631203
1,ds1_time1_83.h5,0.0022662204522670426,1,9000.0,0.004,2.3813898714370794,-1.4868161721422024,4256996.428211946,-0.7282830729894018,-0.3534689130897549,0.9904500278322647,0.9969308548765676,6.857821666453601,0.0018253968253965636,899.5860869201683,0.7390708998057495,0.257387979727646
1,ds1_time1_84.h5,0.001813142078071514,0,9500.0,0.001,3.1528271276195334,-0.043538448225230564,12204.709888114436,2.1440758627442245,-0.49242806602817896,0.23906647688665172,0.9999999966104929,2.211429919355572,7.894736842105343e-05,876.7499018452361,0.9924316615859287,0.2696111691480771
1,ds1_time1_85.h5,0.001813142078071514,1,9500.0,0.002,2.2866738224682193,-0.9209086465307433,56646.10880208331,0.9969727506288208,-0.47445838596154266,0.24374056702865865,0.9999999905776227,2.41379689109201,7.894736842105343e-05,745.697247395322,0.971967838483538,0.28344375096182867
1,ds1_time1_86.h5,0.001813142078071514,1,9500.0,0.003,2.579045945231398,-1.3610995747886305,592307.4525260135,-1.3886087324558334,-0.38219412528723523,0.6424738237772546,0.9980230723174538,4.452529902667054,0.006157894736842168,819.2642994782491,0.744878547875114,0.25306107139948036
1,ds1_time1_87.h5,0.001813142078071514,1,9500.0,0.004,2.296641617356169,-1.3851414771555228,6109915.821934694,-0.5445636098867682,-0.33121882180812046,1.1239405923804422,0.9972257964522582,7.701421028212779,0.014052631578947511,968.4695108549962,0.738102276392667,0.24308836130842204
1,ds1_time1_88.h5,0.0015542224672644915,0,10000.0,0.001,3.9088688268027307,-0.03854960382489603,14713.308046319753,2.283915119199134,-0.46499582128870026,0.33823059070527195,0.999999999240149,2.2172245604879532,7.894736842105343e-05,937.0462109847061,0.9319442569333789,0.25510835418571315
1,ds1_time1_89.h5,0.0015542224672644915,1,10000.0,0.002,2.7463559521131256,-0.9265166198593018,82969.87726744439,0.6169815997644966,-0.43777773458307356,0.3529169446629909,0.9999999803254814,2.4040515031948875,7.894736842105343e-05,796.2916982503986,0.8742260477848074,0.30562831796962214
1,ds1_time1_90.h5,0.0015542224672644915,1,10000.0,0.003,2.4222760881724175,-1.395846039298659,1062937.014003526,-1.0802879577399536,-0.33412389475375903,0.8338578840818879,0.9974161539143006,5.454625620311616,0.011921052631579068,902.1865001534806,0.743951516560308,0.23314110026356188
1,ds1_time1_91.h5,0.001396960044729048,0,10500.0,0.001,3.231494707109593,-0.055043877076410785,13665.881896233628,1.5887976114786708,-0.521795032552648,0.4636827545596483,0.9999999997593885,2.1817923266760824,0.0005555555555555487,926.8668892474137,0.8579283192579847,0.28740460727280076
1,ds1_time1_92.h5,0.001396960044729048,1,10500.0,0.002,2.5192916873520477,-1.189912473754359,285466.7825988096,-1.2021398425602223,-0.43473937420116926,0.7748205811302438,0.9978015745397808,4.207896765371886,0.004126984126984076,889.5904178454737,0.7542060492184685,0.25783492703140576
1,ds1_time1_93.h5,0.001396960044729048,1,10500.0,0.003,2.236551828349625,-1.50831515088311,2217671.2852514917,-0.6747437510721392,-0.38226565313111227,1.1610475170684595,0.9963698476336632,6.923552379433385,0.004126984126984076,998.4840617736173,0.7475987131867509,0.24968112175076676
1,ds1_time1_94.h5,0.0012991744510970804,0,11000.0,0.001,3.8247766671745276,-0.04651236172365003,15058.899021464435,1.7749432708567083,-0.49430616508064407,0.6664697848269833,0.999999999848261,2.2261508298996926,8.021390374331541e-05,987.025066745032,0.7809180896739873,0.2741236658063385
1,ds1_time1_95.h5,0.0012991744510970804,1,11000.0,0.002,2.3796426728403635,-1.1900253396137268,390503.0612630403,-0.9012421811475171,-0.3996036109905531,0.9549826927767515,0.9976410244756715,4.5007276358829085,0.004010695187165771,938.0950570599821,0.7663397380782435,0.24114173324229404
1,ds1_time1_96.h5,0.0012991744510970804,1,11000.0,0.003,2.0207643602333447,-1.3792078887397046,2318255.943503756,-0.2703883605400281,-0.3641695305961009,1.1822904509809626,0.9971396388723522,5.85627670551278,0.004010695187165771,1022.8250463339077,0.7629050683472078,0.23360125020640116
1,ds1_time1_97.h5,0.001239244016761887,0,11500.0,0.001,4.416990475833651,-0.04097987704229711,14921.480184670654,1.932607997077545,-0.461798184888167,0.8922048193928885,0.9999999999507846,2.29202919366732,8.1521739130435e-05,1049.3396009388528,0.7018774039196358,0.25982278139892506
1,ds1_time1_98.h5,0.001239244016761887,1,11500.0,0.002,2.4105371554016055,-1.2109996051251646,435642.2606919548,-0.7518468710638153,-0.3636894786785113,1.9285753372471133,0.9966070980624383,4.657121795489155,0.007907608695652196,975.6718781322444,0.7880615383636385,0.22814367938720337
1,ds1_time1_99.h5,0.001239244016761887,1,11500.0,0.003,2.255727316280223,-1.2371344886297653,1159775.3804361625,-0.5076663946095907,-0.3321688974402314,2.891650125115891,0.9977198140693561,5.835477608166194,0.0,1048.476357137895,0.7851519008565545,0.20260061452576536
1,ds1_time1_100.h5,0.001205076880252254,0,12000.0,0.001,4.695323175687619,-0.04096592286974299,14916.851135732786,1.932862930716619,-0.461796842590017,0.8923325220141292,0.9999999999637161,2.283356235523667,7.812499999999833e-05,1094.966423415868,0.706229728146772,0.26257721312466
1,ds1_time1_101.h5,0.001205076880252254,1,12000.0,0.002,2.448186007747245,-1.2676429916075926,427935.22190708795,-0.6911378545923353,-0.3627530739466843,1.9423561082424283,0.9976976680432574,4.8307445612107225,0.0038281249999999184,1006.8048183526064,0.7475846878876463,0.22740387233445364
1,ds1_time1_102.h5,0.001205076880252254,1,12000.0,0.003,2.299441098998515,-1.2802122555800248,2045436.0646567757,-0.7194560769608717,-0.3246548167676493,2.443978106902989,0.9973331583901882,6.626605623320383,0.0038281249999999184,1044.317498488582,0.7417667017957648,0.21421923387874114
2,ds2_time2_1.h5,0.0014729720492096467,0,2000.0,0.001,1.889092692950945,-0.9124043212812054,14538.410117337491,3.676392737647677,0.5464071234850489,0.323491857403702,0.9999982863268296,2.3144300691333575,0.00015957446808512188,203.76888568279216,0.7939792469252357,0.20191940932524108
2,ds2_time2_2.h5,0.0014729720492096467,1,2000.0,0.002,1.8122521840561006,-1.9143368755573913,178150.21985819237,0.19919725761916982,0.5515380582926411,0.21673514751071832,0.9996698627287125,5.019853672766403,0.007898936170213533,362.7019047680728,0.7380490159068034,0.1961595411126533
2,ds2_time2_3.h5,0.0014729720492096467,1,2000.0,0.003,1.804257462829865,-1.922619608511815,3109055.643483377,0.49107347563969467,0.5612124506164489,0.330964253300247,0.9990951892389179,7.483522431079656,0.007898936170213533,494.06156203436694,0.7443359162055129,0.1879807419226974
2,ds2_time2_4.h5,0.0048626573417646785,0,2500.0,0.001,1.6976374548908992,-0.9196217585636614,26628.729293317352,3.6660608133881705,0.5310646085566249,0.39108089598199186,0.999854418916019,2.234586849688603,0.00015999999999999348,254.30211999631112,0.73328057526153,0.1870117260173893
2,ds2_time2_5.h5,0.0048626573417646785,0,2500.0,0.002,1.6297227364367528,-0.7912334003701204,16412.216757030954,1.9916620244976608,0.5506147650568515,0.1602951192112794,0.9997990269206471,2.3015345758177315,0.00031999999999998696,209.8071340057289,0.7283948147276826,0.1935569255397986
2,ds2_time2_6.h5,0.0048626573417646785,0,2500.0,0.003,1.5540878333932688,-0.6754803515189255,17727.004684616975,1.3968951648380796,0.5652237105045566,0.08956338995895628,0.9997657105274773,2.33742500035524,0.0003999999999999837,193.80480035419015,0.7250546024200569,0.20657004155621755
2,ds2_time2_7.h5,0.0048626573417646785,0,2500.0,0.004,1.567722304358334,-0.5617875705173878,17920.120576385292,1.015950465413283,0.5790589031951987,0.0812698019572803,0.9997055133835663,2.31937126137834,0.00047999999999998044,184.1533837408265,0.7208667329013346,0.23308267525567491
2,ds2_time2_8.h5,0.0048626573417646785,1,2500.0,0.005,2.447985511850996,-0.7765755220428051,23712.675689388558,0.40458257907077944,0.5955244491648833,0.21104175889929727,0.9993432269722115,2.325751582510522,0.005519999999999775,181.21976749371547,0.7731618288363854,0.28229093710413394
2,ds2_time2_9.h5,0.0048626573417646785,1,2500.0,0.006,2.168973518095629,-2.2891631046438308,313376.3037075927,-0.16883986889565955,0.6097525907332453,0.3645997037862661,0.9999401450088805,3.1088847972373927,0.005519999999999775,276.4548232055216,0.8808188135428183,0.2719331891204075
2,ds2_time2_10.h5,0.0012273607275826697,0,3000.0,0.001,2.4122445039483935,-0.9063036911774798,39429.19565065642,3.220385938854522,0.5412152475547269,0.398924766862153,0.9999999825880451,2.3247319655680987,0.00016129032258064516,293.3686081310438,0.8752026165267898,0.268029891641305
2,ds2_time2_11.h5,0.0012273607275826697,1,3000.0,0.002,1.7846150171328365,-1.6817674288195015,346005.38357919,0.09855508782492316,0.5471004733807905,0.3970794366535072,0.9995241783784212,4.923249949143438,0.009758064516129032,443.1294522658244,0.7730467860714406,0.20021530658924108
2,ds2_time2_12.h5,0.0012273607275826697,1,3000.0,0.003,1.694325188200164,-1.569153727114197,2570113.5877975402,-0.6045985440586561,0.566225814799897,0.42501509791628084,0.9988393687634028,6.230670589087405,0.009758064516129032,508.4855022044968,0.7796481635269095,0.19820685610277783
2,ds2_time2_13.h5,0.0037118327626069515,0,3500.0,0.001,1.789568546419433,-0.9237703431860879,53726.2063069622,3.565437919760656,0.5262348430134813,0.4264923263800967,0.9999958542317299,2.248039272998266,7.936507936507926e-05,355.95398556521326,0.7055362700099995,0.19669067689113642
2,ds2_time2_14.h5,0.0037118327626069515,0,3500.0,0.002,1.9637167646247824,-0.832818501268492,37199.70884006478,2.1266474270466422,0.5430404928369394,0.27072728697085974,0.9999918419671876,2.3064270061802827,0.0002380952380952378,299.8189546856058,0.6871681141553714,0.20281480084472847
2,ds2_time2_15.h5,0.0037118327626069515,0,3500.0,0.003,1.7898308299195984,-0.739765036623758,32196.115434094783,1.4542396710668373,0.5585725393356148,0.1430616236939574,0.9999861697059248,2.3544143659352716,0.0002380952380952378,274.026390090334,0.6687505832086243,0.21326586063805852
2,ds2_time2_16.h5,0.0037118327626069515,1,3500.0,0.004,2.196398436819358,-1.5109445515402329,100286.78068651768,0.10848443356950203,0.580100034495877,0.3113354352028966,0.9999569670122568,2.815893080766011,0.003888888888888884,288.7347259686536,0.7763885266483329,0.27866413789506883
2,ds2_time2_17.h5,0.0037118327626069515,1,3500.0,0.005,2.12270502176081,-2.1175475658588176,866543.7621818401,-0.05297747370953326,0.5908151322612072,0.5126630520174221,0.9998008294706171,3.9252630617712114,0.016746031746031724,424.7003009190285,0.8385956372192409,0.2648225331665944
2,ds2_time2_18.h5,0.002625473693003529,0,4000.0,0.001,2.557336177047969,-0.9124086144650952,68934.93818235237,3.2443029357273074,0.5387430761101188,0.37385992207711977,0.9999964085744641,2.2760845382395747,7.978723404256094e-05,395.9492773485124,0.7987826291158069,0.20183989158871407
2,ds2_time2_19.h5,0.002625473693003529,0,4000.0,0.002,1.8285181597658275,-0.8441273940427362,59113.26764419801,2.203121829992397,0.5517255401783944,0.2775884488273324,0.9999939481982003,2.351235398085216,0.00015957446808512188,348.01985578451104,0.7920955154793976,0.20883118767486603
2,ds2_time2_20.h5,0.002625473693003529,1,4000.0,0.003,2.3664524196672128,-1.0282251643645592,65398.21810769015,0.8857862914502208,0.5702874556766974,0.2209635784071364,0.9997643754840774,2.8616560137336227,0.003989361702128047,329.7490725547379,0.7415246577098803,0.29350718128021847
2,ds2_time2_21.h5,0.002625473693003529,1,4000.0,0.004,1.7613642833334715,-1.8945240204326805,1903860.869716249,0.4762288468195428,0.5660103445257954,0.43317920520314407,0.9988847757706083,5.675542494092276,0.003989361702128047,510.850239866929,0.7301503987503817,0.192095958692848
2,ds2_time2_22.h5,0.0012660557382003588,0,4500.0,0.001,7.405182009911059,-0.9479181714887801,62203.99691092385,3.9421927832437085,0.5175537442740246,0.3228450974415145,0.9999999834499499,2.2567798309667397,7.936507936506798e-05,482.3320961693647,0.8570518451603629,0.28641390794109106
2,ds2_time2_23.h5,0.0012660557382003588,1,4500.0,0.002,1.796058285022873,-1.4302741538995087,761622.3567294921,0.40689828653200333,0.5254623333834999,0.5912790955964133,0.9986774749763937,5.8192622703763695,0.009920634920633498,569.023832678069,0.7423012098146877,0.20015161749339652
2,ds2_time2_24.h5,0.0012660557382003588,1,4500.0,0.003,1.7325908412754976,-1.652027183025566,3266345.1038336153,0.12181581361463141,0.5400351076341751,0.6781930430345691,0.9982200661332458,6.666158061492546,0.00984126984126843,621.9456193845859,0.7481484251331042,0.19308185367157019
2,ds2_time2_25.h5,0.0012467600519764047,0,5000.0,0.001,5.557462662703942,-0.941868538453096,73843.56459272612,3.6956475277839673,0.532259882026884,0.259613983785504,0.9999999992137637,2.2944253454750863,7.894736842106731e-05,527.0790110064241,0.7624525467197758,0.2774685861061364
2,ds2_time2_26.h5,0.0012467600519764047,1,5000.0,0.002,1.995712539762754,-1.2643241073162346,301496.08022043086,0.7875473469064362,0.545292943060209,0.5218582197733236,0.9985887534996272,4.204877765529589,0.005842105263158981,531.6305933024515,0.7497435451381615,0.21295399920502953
2,ds2_time2_27.h5,0.0012467600519764047,1,5000.0,0.003,1.7524224616532114,-1.5327312282405638,2198099.4229711546,-0.30691542420392287,0.5640657585998956,0.616953620341605,0.9988952213690127,5.462573546536581,0.005842105263158981,598.6244974951406,0.7567820755061634,0.1923819462504852
2,ds2_time2_28.h5,0.001735911615127306,0,5500.0,0.001,2.885586797996228,-0.9339417579919458,98090.49634527926,3.434427700259811,0.5502888455452919,0.2009810820643487,0.9999999981645343,2.347032090284978,8.021390374331194e-05,569.1923433281764,0.6727515003505201,0.2658318328209366
2,ds2_time2_29.h5,0.001735911615127306,1,5500.0,0.002,2.3616580139390577,-0.9348025834924829,167858.9678693217,1.5774600628171893,0.5701650851287768,0.22365304915354603,0.9998175698056514,2.967438038414597,8.021390374331194e-05,485.19200432906075,0.7472519527056999,0.2634387246370416
2,ds2_time2_30.h5,0.001735911615127306,1,5500.0,0.003,1.9650499415639262,-1.647225303837677,1339884.6368877352,0.18256937887137875,0.5832106715984323,0.7504105655022058,0.9986040204845572,5.127881824629165,0.013475935828876406,592.2427036012278,0.7900136505801908,0.22187293684016823
2,ds2_time2_31.h5,0.0029457126545122288,0,6000.0,0.001,1.602497241118639,-0.9261383282091422,116651.15518762913,3.2227050918308766,0.5524259053634664,0.16833096375625797,0.9999999913591906,2.3705877836515024,8.064516129031862e-05,608.2648319499688,0.6302790617143803,0.2634038640111743
2,ds2_time2_32.h5,0.0029457126545122288,0,6000.0,0.002,1.8570438719529145,-0.7998831506962877,167606.34596167633,1.8666093443167289,0.5728021365834775,0.13336168708666976,0.9999999857451632,2.4147526533396264,0.00016129032258063725,504.8279865109643,0.6149085391106563,0.2631796804135821
2,ds2_time2_33.h5,0.0029457126545122288,1,6000.0,0.003,1.9442834807735068,-0.7465357190299491,143836.19606947844,1.5026359504486848,0.5819475524779636,0.1134847076357383,0.9999999807275837,2.468046411371837,0.00016129032258063725,478.98193380269964,0.6066449448469331,0.2630873242750089
2,ds2_time2_34.h5,0.0029457126545122288,1,6000.0,0.004,2.22867414080999,-1.4529752181499442,531256.2292829144,0.125583325690587,0.6013860825638996,0.3395348042551977,0.9996861037413677,3.5183015325410505,8.064516129031862e-05,512.3224960455274,0.7799475488386886,0.2562243719995409
2,ds2_time2_35.h5,0.0029457126545122288,1,6000.0,0.005,2.0509171664257724,-1.6874439603609266,3010398.9249395346,0.03737312431300258,0.6044017357095617,0.7065146517046209,0.9991968897157617,4.947110251720518,0.00758064516128995,605.4198625403162,0.8199107338283286,0.22767235113083156
2,ds2_time2_36.h5,0.005340597669805985,0,6500.0,0.001,1.6690976942385243,-0.9193724863632302,133219.4093143307,3.0699310565864115,0.5335272822652715,0.1527633645790019,0.9999999225066427,2.3139057339838165,7.957559681698312e-05,644.3187492413861,0.6270930807978391,0.271829918612585
2,ds2_time2_37.h5,0.005340597669805985,0,6500.0,0.002,1.8098680570169134,-0.8437619575019868,188948.19335836117,2.255894833265108,0.5450044570356075,0.13950445464233752,0.9999999008196481,2.3372017914602212,7.957559681698312e-05,576.8223878207185,0.6242527577772757,0.27171535136665154
2,ds2_time2_38.h5,0.005340597669805985,0,6500.0,0.003,1.734512314731744,-0.7160431901251014,159632.48636242817,1.4042479441883353,0.565167732948167,0.10636927335693246,0.9999998410749107,2.398202029639403,0.00015915119363396624,509.72118362820925,0.6181021501525326,0.2715490879437578
2,ds2_time2_39.h5,0.005340597669805985,0,6500.0,0.004,1.606495667752325,-0.5900872229717538,107512.19589370671,0.9314994471065697,0.5834026865433974,0.07575958091051674,0.9999997642766055,2.3902921495379834,0.00015915119363396624,476.7008163760949,0.6119132197435105,0.2714298056776824
2,ds2_time2_40.h5,0.005340597669805985,0,6500.0,0.005,1.5728862807925723,-0.5251012838959346,101506.15893068118,0.7603642246000079,0.59191946346157,0.0643263400966336,0.9999997223520121,2.395681491468031,0.00015915119363396624,466.4234056433175,0.6096280957897716,0.27138700976024827
2,ds2_time2_41.h5,0.005340597669805985,1,6500.0,0.006,2.1568164694325214,-1.057224575415625,322522.443495227,0.10383516625409608,0.6088532230093289,0.1363724267133352,0.999999637437881,2.7037167738928374,0.007161803713528481,477.11115991643095,0.6586247480090696,0.27147030260057176
2,ds2_time2_42.h5,0.005340597669805985,1,6500.0,0.007,2.2419234604414404,-1.8801517687013218,2027092.3924777554,-0.0860496131601629,0.615786892890451,0.4613190348537077,0.9997383164878869,3.5337770300609015,0.007161803713528481,565.4246148001996,0.7768593845040525,0.26375216778930116
2,ds2_time2_43.h5,0.009137602356765327,0,7000.0,0.001,1.7070093345920698,-0.910904504262992,151045.2145948296,2.90919913696827,0.5115618508211135,0.14843965997281205,0.9999954237679786,2.2301090914350956,7.936507936506798e-05,677.4968338508116,0.6637034046111315,0.2822885798790541
2,ds2_time2_44.h5,0.009137602356765327,0,7000.0,0.002,1.673735374350086,-0.8257813521059658,212118.65150746488,2.121291699177651,0.5239195345825516,0.13695231572838157,0.9999941398947992,2.245103180189286,7.936507936506798e-05,607.6848895805443,0.6630461186198678,0.2821223162964196
2,ds2_time2_45.h5,0.009137602356765327,0,7000.0,0.003,1.5936804696721274,-0.6763972819543818,174903.26535507146,1.2993160339751626,0.5455603806236935,0.10772196720939203,0.9999908946273812,2.2612219282263535,0.00015873015873013596,539.1590411033901,0.661619326253114,0.28185519730155323
2,ds2_time2_46.h5,0.009137602356765327,0,7000.0,0.004,1.566261122571787,-0.6012912817969424,138754.51699465007,1.045357527191334,0.5555251649457759,0.09343848898978242,0.9999889916662646,2.2516547188636697,0.00015873015873013596,520.0918590721503,0.6608408407877779,0.28174683057937044
2,ds2_time2_47.h5,0.009137602356765327,0,7000.0,0.005,1.5353748730004149,-0.5534877924862541,121036.1564299785,0.6821117612388016,0.5740577259876809,0.07078327860183835,0.9999847851658551,2.1842105722240603,0.00015873015873013596,496.8035096213844,0.6596030688864353,0.2815745084623986
2,ds2_time2_48.h5,0.009137602356765327,0,7000.0,0.006,1.5290141310483862,-0.5053793643750907,136460.2416846963,0.546166965563139,0.5826202250275178,0.0629428684620818,0.9999825045204033,2.1317590482992084,0.00015873015873013596,490.0611874348644,0.6591612204699161,0.281509761511144
2,ds2_time2_49.h5,0.009137602356765327,0,7000.0,0.007,1.5213465823744783,-0.5670629182023058,152238.91177324523,0.2936614364069084,0.5983635457251574,0.05319898529664993,0.9999773651632515,2.0330492062214223,0.00015873015873013596,481.6349771910451,0.6585850519522067,0.2814118411583781
2,ds2_time2_50.h5,0.009137602356765327,0,7000.0,0.008,1.5189315884781363,-0.5699434670407065,149614.20965548357,0.05542312079205418,0.6128429556371178,0.05013404243264371,0.9999709054975419,1.960355930897704,0.0008730158730157478,478.3400865939762,0.6584415396190623,0.2813354884662981
2,ds2_time2_51.h5,0.009137602356765327,0,7000.0,0.009,1.5743765872361037,-0.7760795420783951,208806.7894203268,-0.128510192134975,0.6197463663953644,0.06725291937197662,0.9999669494772153,2.0210594859819655,0.0019047619047616313,483.3464734469642,0.6612531373490897,0.28145015534925055
2,ds2_time2_52.h5,0.009137602356765327,1,7000.0,0.009999999999999998,2.0916165818063566,-1.645266967021663,990783.4973908893,-0.26586079378873606,0.6285730095046602,0.23630893101969208,0.999956347095786,2.3545386101290395,0.0019047619047616313,541.8047860729624,0.7006994825123977,0.28021497378453175
2,ds2_time2_53.h5,0.014106855697582351,0,7500.0,0.001,1.4967799070818992,-0.0038242758457126547,61801.17060585728,4.407778578454218,0.5412245711394885,0.16860843253078284,0.9997486358232933,2.298111915212692,0.0,926.6280108033549,0.7273734698764338,0.2609060507537434
2,ds2_time2_54.h5,0.014106855697582351,0,7500.0,0.002,1.5355207277401757,-0.80866204691543,254961.9351000922,1.9914495638566228,0.5716048679682306,0.1497769670512393,0.9996812558769816,2.295152642737824,7.999999999999674e-05,647.8977715893639,0.7270698940243976,0.2607106156846892
2,ds2_time2_55.h5,0.014106855697582351,0,7500.0,0.003,1.541484402293947,-0.725953666498693,251485.5334846836,1.5172961449449425,0.5833897153565367,0.13594920482657266,0.999646849385322,2.288747875551074,7.999999999999674e-05,602.6553347933487,0.7269209626108253,0.2606191313774888
2,ds2_time2_56.h5,0.014106855697582351,0,7500.0,0.004,1.5469645625124029,-0.5664216288693166,164304.8770662194,0.934360056074104,0.6047340845423634,0.1074439620164509,0.9995777769937861,2.246998279271385,0.00015999999999999348,552.9988207337523,0.7266340935053146,0.2604490083478619
2,ds2_time2_57.h5,0.014106855697582351,0,7500.0,0.005,1.5482278390441837,-0.4916189718486793,141798.44926292473,0.7367137301971353,0.6144909444858785,0.09549626223535768,0.999543318852251,2.2120344987696097,0.00015999999999999348,538.7415252639233,0.7265237917259368,0.26037313287745734
2,ds2_time2_58.h5,0.014106855697582351,0,7500.0,0.006,1.5501391096392103,-0.4859568074642595,163954.80130083623,0.4416066674343732,0.6321813303840351,0.07894346145664989,0.9994751515155256,2.1157420740123634,0.00015999999999999348,522.3797964527411,0.7264075082980074,0.2602554433426697
2,ds2_time2_59.h5,0.014106855697582351,0,7500.0,0.007,1.5509840824721934,-0.5272625028080121,178742.44371157524,0.31118009256737955,0.6400859176666563,0.07421530384735466,0.9994416643469219,2.0554650283200138,0.00015999999999999348,517.9611465176132,0.7263987966222348,0.2602221334072811
2,ds2_time2_60.h5,0.014106855697582351,0,7500.0,0.008,1.553464583205364,-0.5412347755188652,188615.8522874521,0.057997487321338685,0.6544781623247514,0.07000329071780886,0.9993722789468414,1.913976161921289,0.00015999999999999348,513.9440392497169,0.7264581262918678,0.2602304405360459
2,ds2_time2_61.h5,0.014106855697582351,0,7500.0,0.009,1.5553634078462875,-0.5618209216476892,191709.52563391195,-0.06677243427751126,0.6611788983925224,0.07040607892457842,0.9993363521544794,1.8343198511741614,0.00015999999999999348,514.034402988594,0.7265208983689934,0.26026974696190947
2,ds2_time2_62.h5,0.014106855697582351,0,7500.0,0.009999999999999998,1.557718577747508,-0.5958561802849685,193817.6109308864,-0.19210468783885573,0.66763725467092,0.0723882858603779,0.9992996379916391,1.7498451359696512,0.00015999999999999348,515.4949145245289,0.7266029631276235,0.26033270880510656
2,ds2_time2_63.h5,0.014106855697582351,0,7500.0,0.011,1.5632727798323256,-0.574190666187717,170295.2640879854,-0.4501044446857498,0.6799070892085518,0.0819263401610033,0.9992198854383406,1.570009074594967,0.00015999999999999348,523.0121047290891,0.7268207956999174,0.2605141628466945
2,ds2_time2_64.h5,0.014106855697582351,0,7500.0,0.012,1.5660019192938115,-0.586238118934623,152091.91019214632,-0.5856887294604545,0.6857124302422626,0.09001556044681697,0.9991739214446628,1.5254154696326594,0.00015999999999999348,529.7503740285546,0.7269559178367484,0.2606326194281794
2,ds2_time2_65.h5,0.014106855697582351,0,7500.0,0.013,1.5709701304956398,-0.6271532360370125,177557.1505215922,-0.9443937664336789,0.6965126021873741,0.1136142498339316,0.999052587074301,1.5011526935285708,0.00015999999999999348,554.7252778893287,0.7272998118751616,0.2608992171852887
2,ds2_time2_66.h5,0.014106855697582351,0,7500.0,0.013999999999999999,1.5719445746304452,-0.6949613439595206,222882.61694021957,-1.1787996162630296,0.7012883262008968,0.12960921028478878,0.9989599047005046,1.495678836171648,0.001839999999999925,575.8832244796414,0.7275751936437921,0.2610573688153537
2,ds2_time2_67.h5,0.014106855697582351,1,7500.0,0.015,1.7290156100930514,-0.8749054463068014,319911.258718207,-0.9406974177629445,0.7074247031621573,0.20457330478022573,0.9985591951867816,1.4888326450375717,0.001839999999999925,638.524109795042,0.737801004281273,0.26168813523535966
2,ds2_time2_68.h5,0.005321338763032501,0,8000.0,0.001,2.2639609760782675,-0.003901828814074415,71091.76307279698,4.175382808238462,0.5164824036394493,0.19571099273221804,0.9999961820141315,2.2661478296727666,0.0,958.9127716482884,0.8148023867525228,0.2725386713070326
2,ds2_time2_69.h5,0.005321338763032501,0,8000.0,0.002,1.6896596324459277,-0.7817756653385626,292204.38884057425,1.848342523776554,0.5500218088580271,0.17766370495945238,0.9999943301965599,2.323651482397473,8.152173913043848e-05,674.0791625651036,0.8144604685791293,0.27346466017825893
2,ds2_time2_70.h5,0.005321338763032501,0,8000.0,0.003,1.6325816012432617,-0.6833201213611539,286444.52640025516,1.393739746710365,0.5630149641206709,0.1644636520782852,0.9999932899198004,2.3526447965564175,8.152173913043848e-05,628.6981136849939,0.8142845237826851,0.27394487895904157
2,ds2_time2_71.h5,0.005321338763032501,0,8000.0,0.004,1.5970607789820757,-0.5856062284755293,236347.83956282816,1.0756962523274989,0.575099506932557,0.15086612850804418,0.9999921486115658,2.3902195428241213,0.00016304347826087695,599.9157994161604,0.8140461711660885,0.2744092344003612
2,ds2_time2_72.h5,0.005321338763032501,0,8000.0,0.005,1.5608086553820824,-0.519648352758869,179049.23819743702,0.6445826150185104,0.597064090503909,0.12802039017769595,0.9999890524281061,2.514028437080809,0.00016304347826087695,567.3256601672023,0.8133377836083251,0.27519957936053896
2,ds2_time2_73.h5,0.005321338763032501,1,8000.0,0.006,1.7014919417911336,-0.6195941080822229,275810.19977994566,0.37303115442989904,0.6068605059049391,0.14515942571307933,0.9999846619157926,2.5995106383458735,0.002038043478260962,563.450097058617,0.8083565342274056,0.27364024881295984
2,ds2_time2_74.h5,0.005321338763032501,1,8000.0,0.007,2.3561399385443087,-1.3742667484887323,1326082.2414429823,-0.003075650925150986,0.6097203005015552,0.31878334745909837,0.9985638546094707,3.2727968456137306,0.003913043478261047,595.3653256986901,0.774731269397035,0.24073736215773872
2,ds2_time2_75.h5,0.003154848369242182,0,8500.0,0.001,4.243784848662152,-0.004979955066858555,51860.400399586186,4.06507131225672,0.5431848989249296,0.220532401404701,0.9999999028686143,2.3908646694322755,0.0,1021.0649884184303,0.8706071736178739,0.2596109178067035
2,ds2_time2_76.h5,0.003154848369242182,0,8500.0,0.002,2.054046884573321,-0.7703856139708787,340142.95887105074,1.774485882871195,0.577528186756179,0.20535025506909296,0.9999998589154971,2.5080661651042337,8.021390374331194e-05,714.0930312432306,0.8695833597827819,0.26077086220442597
2,ds2_time2_77.h5,0.003154848369242182,0,8500.0,0.003,1.8538407184360637,-0.6682144885387188,319871.44529034,1.3234823657405308,0.590782146168013,0.19214945804294686,0.9999998304630107,2.5214589011292943,8.021390374331194e-05,665.4154146611844,0.8687790825864699,0.2613060128770131
2,ds2_time2_78.h5,0.003154848369242182,1,8500.0,0.004,2.7425579568362366,-0.8890205424962649,539574.1594202919,0.5966661481866248,0.6023241085801888,0.27656439608717087,0.9987265312867795,3.5804362291291696,0.0019251336898394866,652.83372855842,0.7967247779894406,0.2335265656132356
2,ds2_time2_79.h5,0.003154848369242182,1,8500.0,0.005,2.3107323645203217,-1.4923060067551839,3835738.2816758575,0.3939727615684204,0.5987543027268457,0.6289512235450232,0.996618649050864,5.197995844932975,0.0019251336898394866,718.4989806669453,0.7479655592951684,0.19167319325218948
2,ds2_time2_80.h5,0.002266220452267042,0,9000.0,0.001,5.857559216190554,-0.003607574059655283,81849.65574214014,3.925981647397139,0.4864183957410077,0.26289700088371754,0.9999999892535694,2.250171697526849,0.0,1043.3694124013314,0.9341726236658128,0.2859950683904517
2,ds2_time2_81.h5,0.002266220452267042,0,9000.0,0.002,2.9642230273157866,-0.8724561440819731,239924.74116145738,2.400278364349178,0.5073513212285281,0.25559131107905547,0.9999999868639031,2.3341074537893913,7.936507936506798e-05,820.7860643168491,0.9337854977637889,0.28703277298866103
2,ds2_time2_82.h5,0.002266220452267042,1,9000.0,0.003,2.3340020074734467,-1.3424084145639563,3191627.217240256,0.6421593646396976,0.5253947698402786,0.7205165413350451,0.9962374038356037,5.523194957633216,0.0018253968253965636,799.3481196074999,0.7387470236434919,0.20081084743281663
2,ds2_time2_83.h5,0.002266220452267042,1,9000.0,0.004,2.1598755200957003,-1.588017688535051,9439399.816287102,0.5406434868013015,0.536317353241449,0.8554248510202923,0.9951997594612225,6.6501243781289645,0.0018253968253965636,843.8093084058996,0.7388273796987669,0.19921167039857376
2,ds2_time2_84.h5,0.0018131420780715126,0,9500.0,0.001,7.440501372512321,-0.00492677012239473,63763.69646986039,3.8123753080368714,0.5147604417476768,0.368946747766714,0.9999999976808941,2.3516799778132356,0.0,1102.4765267077066,0.9934208814257149,0.27201054149415616
2,ds2_time2_85.h5,0.0018131420780715126,1,9500.0,0.002,3.4550768764988895,-0.8651169207098874,192975.3272733478,2.314746822991404,0.5364050554514888,0.3226186438671558,0.9999999974000977,2.441310089998014,7.894736842105343e-05,863.8290308088771,0.9934964973235246,0.2731504729651089
2,ds2_time2_86.h5,0.0018131420780715126,1,9500.0,0.003,2.6268785873528984,-1.1099345040341224,2007596.1413585963,0.8681842333673072,0.5417101540738368,0.6525713095308088,0.9968695950204716,5.346072682587728,0.007973684210526397,840.0472234728229,0.7400070150303621,0.1947837374526901
2,ds2_time2_87.h5,0.0018131420780715126,1,9500.0,0.004,2.0948285780427534,-1.562848507022696,13933650.076359458,0.30158913541238297,0.565261981256474,0.9509102445424166,0.9948470459121622,7.353505944016918,0.0,897.0826698225393,0.7385579757659305,0.18946796928833712
2,ds2_time2_88.h5,0.0015542224672644913,0,10000.0,0.001,8.528142165071795,-0.006632507270608268,105480.58238311787,3.6929096915816606,0.545732331769067,0.4089023239986764,0.999999999500367,2.442623044698851,0.0,1160.819302371145,0.9176990661732289,0.25677926874643836
2,ds2_time2_89.h5,0.0015542224672644913,1,10000.0,0.002,3.8313324458175746,-0.8574871781529041,308369.5300600955,2.212948943628798,0.5682229039791787,0.4051294735769189,0.9999999986437476,2.5675990922674328,7.894736842105343e-05,907.1126009633803,0.9389902792791492,0.2585961397616766
2,ds2_time2_90.h5,0.0015542224672644913,1,10000.0,0.003,2.355652098502667,-1.184666374117509,3022998.1188359666,0.7130624136363473,0.5723380847443964,0.8714514936647738,0.9954555652495845,6.26618737844571,0.011921052631579068,905.2752272508103,0.7412109437962875,0.18527763978145878
2,ds2_time2_91.h5,0.0013969600447290478,0,10500.0,0.001,8.643169806786114,-0.004144497214571663,69452.69703479801,3.539578619730733,0.47959759727243784,0.5334756697496007,0.9999999998269179,2.229038677001301,0.0,1171.9305948876226,0.8406902335881812,0.2869453634811877
2,ds2_time2_92.h5,0.0013969600447290478,1,10500.0,0.002,2.884869114850097,-0.9462565250238275,975248.6702103144,1.3931420776523873,0.4947823073173395,0.823999617697226,0.9966837076889549,4.870921339741649,0.009920634920634799,951.6322458810617,0.7517800265831099,0.20603803160644452
2,ds2_time2_93.h5,0.0013969600447290478,1,10500.0,0.003,2.0993980337509206,-1.2479472726870937,5381176.0429540705,0.3545578097340685,0.5148707621817432,1.0869950808381728,0.9942969052569375,6.5719125394796905,0.009920634920634799,959.0070561323803,0.7482397299651814,0.197108954312141
2,ds2_time2_94.h5,0.0012991744510970796,0,11000.0,0.001,8.975243489117114,-0.006341318384095129,125629.81681765278,3.4159747461682852,0.5126779999872539,0.7380227849857828,0.999999999922791,2.35082698081801,0.0,1225.5532225968366,0.7660302172639197,0.2703261444212587
2,ds2_time2_95.h5,0.0012991744510970796,1,11000.0,0.002,2.7099818700489107,-0.9606491969472006,1372315.362236978,1.2778388713357076,0.5272502822827468,1.0106477484125054,0.9960669361280924,5.433595114317425,0.004010695187165771,998.3949949939908,0.764711564106626,0.1967749393097388
2,ds2_time2_96.h5,0.0012991744510970796,1,11000.0,0.003,2.1394236240493436,-1.280367120655199,6240589.9032536615,0.32070069832564485,0.5450388143086233,1.166422372676433,0.9943283485331149,6.568534133632472,0.004010695187165771,988.1632033879354,0.7648091370404603,0.19006204269034518
2,ds2_time2_97.h5,0.0012392440167618862,0,11500.0,0.001,9.039762929130102,-0.0093346429073623,133346.81427483994,3.284060929822182,0.5494065817841206,0.2245437792316596,0.9999999999767557,2.4715742816478308,0.0,1282.5501868450503,0.6912959749616072,0.2521846027914663
2,ds2_time2_98.h5,0.0012392440167618862,1,11500.0,0.002,2.527573663274031,-0.9610579057139177,1987978.2315767186,1.0731134407974556,0.5699218356643181,0.45751203140957997,0.9921224166583751,5.556560086487148,0.0,1044.0294874896956,0.7868136138425842,0.19628306080831803
2,ds2_time2_99.h5,0.0012392440167618862,1,11500.0,0.003,2.0598305277568367,-1.2774159076431717,5207020.42550371,0.12060598374545264,0.5722851803223973,0.9419461573320531,0.9936224714557125,6.3269774248100985,0.0,1051.8641466833296,0.7881635122713824,0.21268196817277008
2,ds2_time2_100.h5,0.0012050768802522526,0,12000.0,0.001,9.508926537872501,-0.009334720119890894,133347.95687406714,3.284077114857965,0.5494027506296324,0.22454788961745012,0.999999999984663,2.4812606101366446,0.0,1338.3130338722196,0.693993752460072,0.25099618856579037
2,ds2_time2_101.h5,0.0012050768802522526,1,12000.0,0.002,2.576254195589657,-0.9548204283279444,2077844.867182901,1.0704466629507985,0.5699489253233126,0.4583083544687998,0.9960503400006432,5.438881224772987,0.0038281249999999184,1076.8559833102424,0.7460144653466771,0.19069404089898087
2,ds2_time2_102.h5,0.0012050768802522526,1,12000.0,0.003,2.1425208123191806,-1.2589102494217779,6882162.300230207,0.1487136511199556,0.5822336735961652,0.7124868454081245,0.995437298358794,7.15740352188557,0.0038281249999999184,1047.3790534519362,0.747337621950725,0.19389456128236565
3,ds3_time3_1.h5,0.0011911426148525498,0,2000.0,0.001,3.4651445563957903,-0.6833542724324128,389.46057614542997,1.9946464865567313,-0.46701554873479456,0.09899446094246894,0.999870646171895,2.1223297276267483,0.0004787234042553656,165.6585644661769,0.7204366252351463,0.24588252939601957
3,ds3_time3_2.h5,0.0011911426148525498,1,2000.0,0.002,2.1396245511091068,-1.4866902826789716,449607.06161281455,-0.394222344353193,-0.3543131454925011,0.23203213196961778,0.9997860467356803,5.535891601836273,0.006901595744681521,639.8224843771352,0.7602005849353595,0.23434411610816225
3,ds3_time3_3.h5,0.0011911426148525498,1,2000.0,0.003,2.12782639997896,-1.0465357624583511,3759469.737846748,0.35716209269371324,-0.34030292835367537,0.2828535998619486,0.9986815798151748,9.536949798979466,0.006901595744681521,916.926762314648,0.7635260301111928,0.22794740609979042
3,ds3_time3_4.h5,0.0027496569450743105,0,2500.0,0.001,2.061692134994086,-0.7506651233358448,402.105602893156,1.9367426650871518,-0.4706874202705747,0.14176059570998434,0.9986656407814315,2.115639426251862,0.00040000000000040004,206.30008175910635,0.7307331306283451,0.19206808718287172
3,ds3_time3_5.h5,0.0027496569450743105,0,2500.0,0.002,2.1679326353827904,-0.6178753407415051,440.4679040720951,0.9901983837446225,-0.4588156495583028,0.06886853984697262,0.9939558273858313,2.062065272424749,0.0004400000000004401,188.21946808628897,0.7144641043707974,0.24763718595575007
3,ds3_time3_6.h5,0.0027496569450743105,1,2500.0,0.003,1.8906903975821066,-2.630511285314634,4865.222353900595,-0.9037735531126996,-0.4404758548962489,0.17036951577400777,0.9999865829465643,2.326993433674634,0.006520000000006521,211.09184790614276,0.8121896838677909,0.35591646664587717
3,ds3_time3_7.h5,0.0027496569450743105,1,2500.0,0.004,1.8341382432410882,-2.150144513450684,530757.2722569552,-0.7196526347948969,-0.36790083722655875,0.21180488017582771,0.9999120688344136,4.209772808772151,0.006520000000006521,553.5246034556346,0.8101846689663811,0.2585569991593615
3,ds3_time3_8.h5,0.003161776429361422,0,3000.0,0.001,2.0819767532373348,-0.8271282111304122,603.2473470619011,2.09873151911169,-0.46848106041815,0.20101219674338763,0.998989313302483,2.0888051490304402,0.000320000000000098,250.96039639567707,0.7319478132126278,0.16485428859469659
3,ds3_time3_9.h5,0.003161776429361422,0,3000.0,0.002,2.148576684430785,-0.7009295927292324,652.9900692654021,1.015992210865344,-0.4558110331185129,0.06689581598655321,0.9955269614867068,2.1020918778663003,0.00036000000000011023,226.60997411161034,0.7145117693881027,0.2126691129476588
3,ds3_time3_10.h5,0.003161776429361422,0,3000.0,0.003,5.387117216525439,-0.7151947538808303,666.7901492038741,0.6014740528128721,-0.44323749448223065,0.08616012499472332,0.985070231107879,2.064769393635595,0.00044000000000013473,213.6971663948431,0.6622587736276792,0.27316484283261916
3,ds3_time3_11.h5,0.003161776429361422,1,3000.0,0.004,1.840948574151438,-2.4396699837245226,91068.85879613843,-0.7252853681146414,-0.3980149629702479,0.20669521782872616,0.9999519431208238,3.0619555980943205,0.00552000000000169,397.50942261964195,0.8220394877696535,0.3171749602523385
3,ds3_time3_12.h5,0.003161776429361422,1,3000.0,0.005,1.8159281982730844,-2.0849702088490867,973520.3869173509,-0.35886327882774655,-0.34451142965664794,0.2438646059741704,0.9997924458159632,4.994552588868539,0.004680000000001433,654.5912418510662,0.8199623485630472,0.24646140418175305
3,ds3_time3_13.h5,0.0016634176873593345,0,3500.0,0.001,1.8232732350806256,-0.8633485843365809,937.314984776542,2.093939580922411,-0.4689357994635811,0.23321704382764524,0.999990886829631,2.1402419285490724,0.0002803738317757043,292.9146974773759,0.7021535742944889,0.20890967225169016
3,ds3_time3_14.h5,0.0016634176873593345,1,3500.0,0.002,1.8628820537680444,-2.16612985554057,9256.418348211464,-0.9056294546440055,-0.439629335445216,0.19544427368599332,0.9999415629571995,2.5076289682521558,0.00392523364485986,332.015887072155,0.7782455671814249,0.35238212706323024
3,ds3_time3_15.h5,0.0016634176873593345,1,3500.0,0.003,1.9808454517469183,-1.729205915322802,678494.8797423153,-1.4484155319914418,-0.3680862320554978,0.27047082824755003,0.9994236024549142,4.667704528965209,0.003885180240320474,685.0958370882578,0.7791791356075822,0.20125056528434862
3,ds3_time3_16.h5,0.001472964972014854,0,4000.0,0.001,2.155898882697718,-0.9008667320576634,1530.63310162088,2.2391171144164574,-0.46433375335405375,0.2752011799348989,0.9999882452227765,2.1887865440295253,0.0002393617021276828,339.51605439042186,0.7822365434869323,0.2030308268915098
3,ds3_time3_17.h5,0.001472964972014854,1,4000.0,0.002,1.849062145295407,-2.059534440193355,117831.28079909924,-0.9194653574567926,-0.38799002240703984,0.3056588027699234,0.9997591235236971,3.6454072684072125,0.0039494680851067665,544.1251628185935,0.7406175874064228,0.26446398888868927
3,ds3_time3_18.h5,0.001472964972014854,1,4000.0,0.003,1.8867285497628836,-1.7229145621387496,2025009.558554598,-0.09192011837335887,-0.3138404744605643,0.4316482880257459,0.9988075658799035,7.108503881395625,0.01097074468085213,945.7142976425245,0.7464232973353124,0.23590510964519693
3,ds3_time3_19.h5,0.0015905675250361849,0,4500.0,0.001,2.1893930957203147,-0.901068723395857,1902.198093358078,1.9425629255608134,-0.4688500391859986,0.28218902602951546,0.9999978986200824,2.2091598867402924,0.00020080321285143032,373.4316334812551,0.7415269874319773,0.2474205171615321
3,ds3_time3_20.h5,0.0015905675250361849,1,4500.0,0.002,1.830218933771606,-2.1110073676974754,37670.84749890688,-0.9809245762957838,-0.42108459298869316,0.24816963229427835,0.9998000879967077,2.9980212713699537,0.009718875502009228,478.91584086892277,0.7797371796439938,0.3140958805473751
3,ds3_time3_21.h5,0.0015905675250361849,1,4500.0,0.003,1.8924885514380922,-1.6834877853329424,500707.3000136979,-1.4160148015607825,-0.37229107366438285,0.27186808917568783,0.999530874557872,4.357258082237966,0.009678714859438942,722.3179586682103,0.7790137517172784,0.2095344305320059
3,ds3_time3_22.h5,0.004862656964723274,0,5000.0,0.001,1.5844014483517481,-0.9258208126460967,2591.5972405353245,2.124174156607614,-0.4781886918830206,0.3398291247704697,0.9993543926966568,2.184883577683847,0.00019999999999999185,421.5079742003021,0.7315379077751276,0.18669522304030522
3,ds3_time3_23.h5,0.004862656964723274,0,5000.0,0.002,1.6273779739261252,-0.8353615515413764,1659.595859066142,0.8972439508996309,-0.46301649521290644,0.15197693140023222,0.9976996898233587,2.3079341547474503,0.00023999999999999022,373.4273389336375,0.7273096923853413,0.19398503289242627
3,ds3_time3_24.h5,0.004862656964723274,0,5000.0,0.003,1.6225939376149219,-0.8418897196389827,1829.8670949658654,0.5649680873248422,-0.45260918709901127,0.09721543147195798,0.9955021037823775,2.3170270383203033,0.00023999999999999022,356.2989650294843,0.7237015794784215,0.20812361980599028
3,ds3_time3_25.h5,0.004862656964723274,0,5000.0,0.004,1.6961184826778377,-0.8872336702691608,1944.0041290708664,0.38561771555441104,-0.4435148777193535,0.08566409017046264,0.9912336672446783,2.2076001503168747,0.0002799999999999886,346.5404743959349,0.7175839879345194,0.23590266236960028
3,ds3_time3_26.h5,0.004862656964723274,1,5000.0,0.005,2.2190208974404877,-2.01251080934379,4913.764625766238,-0.2879597422608369,-0.4318582213088809,0.24015094813270954,0.9999940429605138,2.131051209554795,0.002719999999999889,350.4495334515284,0.8059143048222263,0.3023531929304341
3,ds3_time3_27.h5,0.004862656964723274,1,5000.0,0.006,1.8626934065321274,-2.3088260413314687,116037.8596492716,-0.8179553700562955,-0.39534954991211474,0.2859122967155909,0.9999560565384755,2.8520236880310748,0.0027599999999998875,514.2691315072578,0.853434611067012,0.3244969401280279
3,ds3_time3_28.h5,0.0014133922566958704,0,5500.0,0.001,2.781034865447933,-0.9314603532001451,2856.1339979944532,1.9715386173908322,-0.47018729615365973,0.36018806835100664,0.99998904089912,2.186982802115444,0.00016042780748662389,459.4628870476733,0.8289510183830028,0.25287873406163014
3,ds3_time3_29.h5,0.0014133922566958704,1,5500.0,0.002,1.8441378758555165,-1.8993269373921133,178053.2482999617,-0.9982197533629414,-0.37953925972672414,0.4348261978612614,0.999504406345028,4.156808913761196,0.002927807486630886,724.1896954211112,0.7477539324536838,0.2618734315061204
3,ds3_time3_30.h5,0.0014133922566958704,1,5500.0,0.003,1.8620056916831822,-1.325033601952019,2107469.7660305733,-0.15539506304121184,-0.3264946412888298,0.562238701390249,0.9989312990795024,7.6060367067643115,0.002927807486630886,1097.2478813971893,0.7532926623390256,0.23711071221261715
3,ds3_time3_31.h5,0.0012273601866864062,0,6000.0,0.001,3.0216414391645094,-0.936494115034782,4097.317985857516,1.7798502050583174,-0.46923036960016434,0.34307217368554577,0.9999998273826267,2.167201264337834,0.00016129032258064516,494.4953513198469,0.8492351532381517,0.27440608488655815
3,ds3_time3_32.h5,0.0012273601866864062,1,6000.0,0.002,1.6908036771142008,-1.932824651225042,113070.92055010321,-0.21889790909183698,-0.39261899027642877,0.45573179824078075,0.9995636260319711,3.7624242699851647,0.009798387096774193,743.8518374824347,0.7740229568610908,0.25868282705169404
3,ds3_time3_33.h5,0.0012273601866864062,1,6000.0,0.003,1.702052270594021,-1.7896605967348533,1506251.432298271,0.379499405166029,-0.3459759955605612,0.5942965134857753,0.9993002626971802,6.757812820655213,0.004879032258064516,1078.820568442518,0.781750550109858,0.23878835272289647
3,ds3_time3_34.h5,0.0018782531021033133,0,6500.0,0.001,2.6917351698897,-0.9550635776076871,4723.833733042973,2.321071438200544,-0.4637442472331949,0.3664824709780404,0.9999999746162826,2.1818672097917804,0.00015915119363396624,560.2265450141056,0.82154747609895,0.2555532122902857
3,ds3_time3_35.h5,0.0018782531021033133,1,6500.0,0.002,1.8918103810394957,-1.3675811160427553,6461.641886187077,0.025543425239416485,-0.4411789458548935,0.2904961664570287,0.9999881403420514,2.2752885514919114,0.004774535809018987,509.1955912731811,0.7770561006438087,0.36061542372017796
3,ds3_time3_36.h5,0.0018782531021033133,1,6500.0,0.003,1.873129378291442,-2.0756796393125345,230176.94575264395,-1.3121269139381921,-0.36865752948552105,0.3820184345650502,0.9996240928343736,3.9698026939209567,0.004774535809018987,746.2783403851084,0.7785584964986266,0.25992925134303574
3,ds3_time3_37.h5,0.0037118326740854407,0,7000.0,0.001,1.5823462348770008,-0.9548152868736475,4813.045816852113,1.99384443906758,-0.48234657074168696,0.3117760747585933,0.9999689656971026,2.1222143334090053,0.0001587301587301585,589.0758426232197,0.7164364982116878,0.1982347360240501
3,ds3_time3_38.h5,0.0037118326740854407,0,7000.0,0.002,2.0097294129628978,-0.8916326617693802,3641.7654291939343,0.9545406003151626,-0.4692326344838393,0.1981563410449542,0.9998677864777634,2.214307328047647,0.0001587301587301585,528.9439584862836,0.6813156259349209,0.2057729927824573
3,ds3_time3_39.h5,0.0037118326740854407,0,7000.0,0.003,2.758545114624615,-0.8608115565520751,3421.813666819811,0.5753245738821554,-0.4580447092553843,0.10356052936266041,0.9997213155934823,2.304917787359893,0.00019841269841269814,501.4250727820079,0.6431071159846061,0.21721943540889765
3,ds3_time3_40.h5,0.0037118326740854407,1,7000.0,0.004,1.9425213980963107,-2.1870524518480017,25048.860398565725,-0.780476272420296,-0.43172601995125875,0.29803576574973584,0.9999783185862838,2.411480112328731,0.001944444444444442,541.6446308231768,0.8090864651682841,0.3453713788553301
3,ds3_time3_41.h5,0.0037118326740854407,1,7000.0,0.005,1.9166110294386614,-2.140473843841108,264046.78060124745,-0.9223615064409382,-0.37978663586937417,0.3724731637029091,0.9998817937113594,3.5037229813184387,0.0019047619047619024,736.9930160045412,0.8182778229889652,0.3476682707994886
3,ds3_time3_42.h5,0.007070328423285719,0,7500.0,0.001,1.695848301641919,-0.9562531325248077,6549.81850811147,1.9255498697502598,-0.47177580658530993,0.2618876516300609,0.9991859743055228,2.0534095380565547,0.00011999999999999511,628.2176146862855,0.7281669530350999,0.10435004597335393
3,ds3_time3_43.h5,0.007070328423285719,0,7500.0,0.002,1.791792236930615,-0.9016538652203017,4994.32868940634,0.9052269812934537,-0.45735860138212703,0.1654281040993138,0.9969762637997711,2.1787509179971174,0.00015999999999999348,563.0085665711382,0.7202285478091365,0.11043695646228434
3,ds3_time3_44.h5,0.007070328423285719,0,7500.0,0.003,1.890522692969255,-0.8808114262432327,4560.095467161998,0.5235450186195589,-0.44519171746332403,0.08811424596558153,0.9934060180631843,2.362475890318721,0.00015999999999999348,533.7520390674639,0.7110867951178425,0.12170853494136549
3,ds3_time3_45.h5,0.007070328423285719,0,7500.0,0.004,2.346418983160007,-0.8733389034014929,5003.311878015208,0.32309916159482716,-0.43485618619675365,0.04683448251408653,0.9882918148261,2.4520457927972963,0.00019999999999999185,518.1866125440664,0.7018623503497223,0.13965457265089243
3,ds3_time3_46.h5,0.007070328423285719,0,7500.0,0.005,3.0253902253676994,-0.8415412750238911,4552.16812114632,0.23984241518463922,-0.4289262729894179,0.033974238436259456,0.9838647347602759,2.433630530291511,0.00019999999999999185,512.4247454584122,0.6949757204898095,0.15654255979012888
3,ds3_time3_47.h5,0.007070328423285719,0,7500.0,0.006,4.637207188188444,-0.8967129529518324,5269.951492535277,0.160625391742568,-0.4213804312980743,0.02862170467066963,0.9757407543790858,2.294647492210363,0.00019999999999999185,508.5850350396388,0.6804202061937944,0.1922235245949929
3,ds3_time3_48.h5,0.007070328423285719,0,7500.0,0.007,6.908496170472043,-0.863319700280188,5649.680740329227,0.09887133071205852,-0.4152696693533534,0.03192088337762308,0.9639580290418576,2.01029358600464,0.00019999999999999185,507.07865206049286,0.6499893089454154,0.24410759013526434
3,ds3_time3_49.h5,0.007070328423285719,1,7500.0,0.008,1.8736673071274692,-1.9802601614791349,57427.53567209607,-0.7616738324559844,-0.39761540007277396,0.2721810980179256,0.9999615248355279,2.2845997768383417,0.0017999999999999267,580.2699874136606,0.8627797150761827,0.34202351799433983
3,ds3_time3_50.h5,0.007070328423285719,1,7500.0,0.009,1.7860115485787693,-2.016514904512502,268960.83568890457,-0.7111965422758815,-0.3685310646258742,0.3197231643487568,0.9999873886508736,2.8900687000817626,0.0017999999999999267,729.5973429746114,0.8763247303311837,0.3096914311170551
3,ds3_time3_51.h5,0.0026254655007385773,0,8000.0,0.001,3.5085323975368046,-0.9562956592596529,7196.610730432461,1.8079466881682,-0.4716640669206963,0.2111413062704463,0.9999380809998669,2.144135900501825,0.0001196808510638414,663.9625091960999,0.7517931482594314,0.201109412134754
3,ds3_time3_52.h5,0.0026254655007385773,0,8000.0,0.002,6.27642236774616,-0.927937403370557,6600.319044867942,1.0180487032610097,-0.46127953228184054,0.15616639340621957,0.999812685215733,2.2311558862894416,0.0001196808510638414,611.6462863896478,0.7366444535018182,0.21492656508948715
3,ds3_time3_53.h5,0.0026254655007385773,1,8000.0,0.003,2.2844462283407583,-1.593165750306224,20275.150566829587,-0.47600587939319705,-0.4383566273835996,0.24522546862155326,0.9995150810297826,2.529665097064442,0.002034574468085304,603.53632278459,0.7243423052214999,0.38211577707602434
3,ds3_time3_54.h5,0.0026254655007385773,1,8000.0,0.004,1.7687382979052388,-1.9139081417808128,905681.821457738,-0.7078036143963676,-0.3442719622629434,0.5900530734684392,0.9997272694421899,4.665524407678144,0.0039494680851067665,950.1813406388367,0.7318226504025844,0.27176707786165716
3,ds3_time3_55.h5,0.0015922880142001188,0,8500.0,0.001,4.05680908580524,-0.9584636539502386,12936.052512486722,1.6717532716910464,-0.4710270761383825,0.14902246580692924,0.9999999977200547,2.242281041763635,0.0001203208556149731,698.7388093766999,0.7128966825952876,0.27622688054831546
3,ds3_time3_56.h5,0.0015922880142001188,1,8500.0,0.002,1.761543696010503,-1.8642098481978566,64781.953314696424,-1.2259965061614118,-0.4229246682272334,0.45856777972101165,0.9997713684038522,2.944073239767293,0.0019251336898395697,768.6083072641345,0.7404048982376799,0.31035588136780184
3,ds3_time3_57.h5,0.0015922880142001188,1,8500.0,0.003,1.7865624582006217,-1.7310410389114574,2148347.18396139,-0.4087265318593281,-0.3255706227924951,0.8052160909992884,0.9980996182160624,6.442821601289866,0.0019251336898395697,1247.63408118273,0.7494332395017703,0.24134428734703314
3,ds3_time3_58.h5,0.0012660523790161754,0,9000.0,0.001,4.449297200841733,-0.9753852905353774,5573.665202076083,2.2574581774412743,-0.4898352868166596,0.1450245078019652,0.9999999993733988,2.17395193116721,0.00011904761904760196,782.2352511189775,0.6408884499650112,0.2862497750871297
3,ds3_time3_59.h5,0.0012660523790161754,1,9000.0,0.002,1.698729326747834,-1.6506996454282228,308211.8299988911,-0.6094664007808298,-0.38044873598037837,0.6489291414255816,0.9990476156240744,4.723506755515813,0.006825396825395846,1069.2366685752932,0.7422575000551115,0.24728894692030878
3,ds3_time3_60.h5,0.0012660523790161754,1,9000.0,0.003,1.657558947495166,-1.5533460307234377,1706261.5401416454,0.22680998075547507,-0.3601646769993673,0.7827931850215455,0.9983086176163214,6.184977939420894,0.006825396825395846,1299.438149562959,0.7472831005377104,0.23603729912484137
3,ds3_time3_61.h5,0.0011870977643144063,0,9500.0,0.001,3.6451361058181226,-0.9716369940667661,8980.751608463188,2.4594247088159182,-0.44923332124982335,0.1377419885793925,0.9999999993425877,2.2799615880962665,8.097165991904909e-05,841.9714637159187,0.6369339834728847,0.27200010085155135
3,ds3_time3_62.h5,0.0011870977643144063,1,9500.0,0.002,1.7426341324928278,-1.7573522780790725,292660.9176053305,-0.7141714318115339,-0.33862630195231386,0.683062490749761,0.9991972671118797,5.034546163730553,0.004858299595142945,1087.447877320713,0.772207100951967,0.23464501246893008
3,ds3_time3_63.h5,0.0011870977643144063,1,9500.0,0.003,1.8089940899766936,-1.6515665672176763,1470003.4605246047,-0.6463220061837809,-0.31024314508885087,0.81013317545078,0.9985929379436757,6.995140384902145,0.004858299595142945,1283.1758154269364,0.7763791930596567,0.2192724324256807
3,ds3_time3_64.h5,0.0012467584930206483,0,10000.0,0.001,2.517457638682732,-0.973559164825398,8505.054977616885,2.160211843469257,-0.4769994001242402,0.10781268342044169,0.9999999990087315,2.2653006899527646,0.00011842105263160096,864.8390825904359,0.5707564022071329,0.279209171775511
3,ds3_time3_65.h5,0.0012467584930206483,1,10000.0,0.002,1.7409322120140116,-1.6235166624001922,66377.20947637295,-0.5104179070583678,-0.4195402775959555,0.41630032714289844,0.9992619175720412,3.279637171142225,0.005881578947369515,923.8195151788861,0.7458801811478012,0.27157450190945887
3,ds3_time3_66.h5,0.0012467584930206483,1,10000.0,0.003,1.6480311831118626,-1.6908519051111168,1036092.1316321822,0.47713715997445877,-0.36327389226547113,0.7187452640083345,0.9996112204837695,5.306771145751701,0.0029210526315794905,1243.165486994133,0.7600777330154688,0.22933280867536
3,ds3_time3_67.h5,0.0014242401513352692,0,10500.0,0.001,1.8232580544049273,-0.974594060324789,6545.684037666423,1.90295895398898,-0.4914777753606949,0.08787860581967341,0.9999999982944237,2.248506631541886,0.00011904761904760196,890.9183841474946,0.5480330095656172,0.2838463866954767
3,ds3_time3_68.h5,0.0014242401513352692,1,10500.0,0.002,1.9245107852175003,-1.5811331496607126,32646.923187181546,-0.5030845872417531,-0.4473291462251024,0.30160953513894084,0.9988119391418995,3.0002933389704096,0.005793650793649963,898.8959393254075,0.7530369469514213,0.289899288828725
3,ds3_time3_69.h5,0.0014242401513352692,1,10500.0,0.003,1.9486505494170576,-1.4390360151862591,416934.3074177201,-0.9451646433790012,-0.39594713491297023,0.4573647573899809,0.9988281281170099,4.273133376733729,0.005793650793649963,1096.624838251355,0.7578406490788469,0.20032684463200545
3,ds3_time3_70.h5,0.0017359102638536217,0,11000.0,0.001,1.5395054996937025,-0.9691444662562623,10818.95083824865,2.065876454492324,-0.4608660987659831,0.08320031751075188,0.9999999971729104,2.2293213824764004,8.021390374331194e-05,945.7733016959481,0.5570318012486648,0.26725787025175163
3,ds3_time3_71.h5,0.0017359102638536217,1,11000.0,0.002,2.094085081165764,-1.1717993609655502,26660.73502145065,0.2859713484769038,-0.43671028274678314,0.12752442322632682,0.9999915483603201,2.418190557389608,8.021390374331194e-05,860.1069391181204,0.7216826251281809,0.31128390557013147
3,ds3_time3_72.h5,0.0017359102638536217,1,11000.0,0.003,1.8101288188816222,-1.7943595345551682,361489.9020286529,-1.3182859914555785,-0.3564789817910911,0.4462954400795329,0.9995635266678756,4.215944798724687,0.002847593582887574,1055.9770824948464,0.7765516606601199,0.22145379262086168
3,ds3_time3_73.h5,0.0022230896701246877,0,11500.0,0.001,1.4574867524960278,-0.9662598341072481,13414.838878667666,2.1342441471270726,-0.44356500007302446,0.08408746739269451,0.9999999939749117,2.259518107685322,7.905138339919793e-05,995.6812024721901,0.5561380623939077,0.25774364964570373
3,ds3_time3_74.h5,0.0022230896701246877,0,11500.0,0.002,2.056778886208631,-0.9158250670276894,20818.60962685098,1.0245895620646437,-0.42728351313443896,0.06828620627990578,0.9999999855686993,2.3461317707479807,7.905138339919793e-05,877.3081779636414,0.558761839990156,0.25991302447726117
3,ds3_time3_75.h5,0.0022230896701246877,1,11500.0,0.003,1.87248241966318,-1.700373373515849,94470.11552239947,-0.7694983473147284,-0.3788503711126298,0.21324636812755907,0.9999121051853335,2.965090916302516,0.0038339920948610995,933.5739714592614,0.7534773324839036,0.2941007141711725
3,ds3_time3_76.h5,0.0022230896701246877,1,11500.0,0.004,1.7331618145534033,-1.8999962946692064,711283.8197407797,-1.0149006849956579,-0.3127503774974714,0.4277099008586187,0.9997772747856343,4.746534408847797,0.0038339920948610995,1110.889588684872,0.7748230438043796,0.22066267335062875
3,ds3_time3_77.h5,0.0029457112523219044,0,12000.0,0.001,1.5084679237609087,-0.9654286826518835,14313.96372520646,1.895211684372469,-0.45901827347773,0.06980832049733332,0.9999999852318925,2.2499276711330514,8.064516129031862e-05,1017.8857801682386,0.5774433229064646,0.2648275912189768
3,ds3_time3_78.h5,0.0029457112523219044,0,12000.0,0.002,1.7427351195289864,-0.9039758890338084,22069.586084601757,0.9017062080980065,-0.44239923285290905,0.05759157475960987,0.9999999637772254,2.3592407862571805,8.064516129031862e-05,901.1824212870688,0.5760344859488108,0.2659452929563696
3,ds3_time3_79.h5,0.0029457112523219044,1,12000.0,0.003,2.0041607851795247,-0.8835083875161035,20543.097168372224,0.6577279393981778,-0.43515233338606346,0.05246182228274696,0.9999999379715917,2.397391252444077,8.064516129031862e-05,872.9829465762605,0.5807543835159639,0.2672039202996057
3,ds3_time3_80.h5,0.0029457112523219044,1,12000.0,0.004,2.005404221493878,-1.8038465175333125,118868.095218723,-0.7089927066887788,-0.39073187770105466,0.2182549658489954,0.9999166823516972,2.853912008486914,8.064516129031862e-05,938.3978932198531,0.7643103951241184,0.303344144255315
3,ds3_time3_81.h5,0.0029457112523219044,1,12000.0,0.005,1.8405139177983063,-1.766790100797944,645926.2088635926,-0.7520240152703228,-0.3338497427663451,0.4046102412309743,0.9999081846607135,3.9853287557201793,4.032258064515931e-05,1090.4902732874718,0.8025090728166143,0.25380099352430635
3,ds3_time3_82.h5,0.003969004780406621,0,12500.0,0.001,1.5489173474514997,-0.9691443515378724,11843.74923104696,1.5451339933722896,-0.4938283527164355,0.058521869909635364,0.9999999559587025,2.1675137510409366,7.999999999999674e-05,1030.7285273362581,0.5881335502238395,0.28299018196992504
3,ds3_time3_83.h5,0.003969004780406621,0,12500.0,0.002,1.5853696516414901,-0.9430734094342491,17956.714408749598,0.9996404588842447,-0.4851997052387329,0.05471643897110117,0.9999999296718382,2.2309522068297847,7.999999999999674e-05,963.1636306601082,0.5874702512956244,0.2834841871154225
3,ds3_time3_84.h5,0.003969004780406621,0,12500.0,0.003,1.6887219838951038,-0.8566065461786786,17130.868181604972,0.5319556327250288,-0.4709118121392529,0.046058031407255715,0.999999837088563,2.332713995926412,0.00011999999999999511,896.3330968196258,0.5877280853112494,0.284374400584917
3,ds3_time3_85.h5,0.003969004780406621,1,12500.0,0.004,2.4050545302579645,-1.1259863636225962,22222.334611686696,0.04081055320756077,-0.45545858848556736,0.0625790066559519,0.9999996588723271,2.4923742287564967,0.001079999999999956,876.6115029969571,0.6233061530553732,0.2913443929661471
3,ds3_time3_86.h5,0.003969004780406621,1,12500.0,0.005,2.0072699858890704,-1.94243770017183,309071.957249162,-0.8995219534148902,-0.3975717021996125,0.2947960481199211,0.9999857237297092,3.2429176786017595,0.004679999999999809,1025.4481775413067,0.7768950473732426,0.31303145026737256
3,ds3_time3_87.h5,0.005340597618458012,0,13000.0,0.001,1.5340010829834887,-0.9644847099803617,15183.472284862888,1.636755906564268,-0.4761806677673657,0.06307495556196635,0.9999998528444767,2.179643520125061,7.957559681698312e-05,1078.9885382575724,0.6083474617069913,0.27347095449735914
3,ds3_time3_88.h5,0.005340597618458012,0,13000.0,0.002,1.5218533093334377,-0.933534594317436,22389.003197985225,1.0677702801521134,-0.46704162087357515,0.058871980275509314,0.9999997733207712,2.22694770416085,7.957559681698312e-05,1005.1193922847586,0.6076944538423482,0.27395915986712
3,ds3_time3_89.h5,0.005340597618458012,0,13000.0,0.003,1.5184332131262692,-0.8328779349131288,20641.940601897455,0.5822111604251096,-0.45207163714943904,0.049390845168096796,0.9999995000759448,2.255370547777207,7.957559681698312e-05,932.454573818932,0.6066054207268714,0.27459791751797463
3,ds3_time3_90.h5,0.005340597618458012,0,13000.0,0.004,1.5850037790494709,-0.6888937641069639,13996.218195492984,0.3493153590946521,-0.439686108128478,0.04252055539912438,0.9999991261225405,2.2583641381153234,0.00011936339522547468,899.0275125600854,0.6063214871745723,0.27502077954586174
3,ds3_time3_91.h5,0.005340597618458012,0,13000.0,0.005,1.6519156486987123,-0.628819034458808,14658.550332110877,0.2586279573470611,-0.4341526565423647,0.04165570652611064,0.9999988996997077,2.355454996717452,0.00011936339522547468,890.4296925218497,0.6073197120220192,0.2753225484359829
3,ds3_time3_92.h5,0.005340597618458012,1,13000.0,0.006,2.3312808482455654,-1.7427688030759818,89180.21796249208,-0.44229934131538207,-0.41162536900966323,0.11707050808422653,0.9999978851262767,2.6619144097292224,0.0035809018567642403,928.2086180582669,0.6678196546825379,0.2870915120660793
3,ds3_time3_93.h5,0.005340597618458012,1,13000.0,0.007,2.077070493011211,-2.026166631987674,474200.3540888055,-0.8434874411784158,-0.3647956816136074,0.28601354409891133,0.9999959272526292,3.346451163019349,0.0035809018567642403,1057.8937228864581,0.7660961699666088,0.30306761449333514
3,ds3_time3_94.h5,0.007071522490262565,0,13500.0,0.001,1.5153651505449015,-0.9595464806452434,22823.109695676132,1.7195879175656772,-0.4567478494917365,0.06086590690651636,0.9999981925089347,2.17653840878413,7.936507936506798e-05,1128.0851504237055,0.6322058345989705,0.26336915071690037
3,ds3_time3_95.h5,0.007071522490262565,0,13500.0,0.002,1.4892938517448358,-0.9236795618875383,48632.60929138468,1.1297601468265313,-0.447053811995991,0.05221600833609583,0.9999972411895262,2.19343626495287,7.936507936506798e-05,1047.681516607391,0.631720674822745,0.2638843309672448
3,ds3_time3_96.h5,0.007071522490262565,0,13500.0,0.003,1.475410585940648,-0.8150593399549767,26987.32651564137,0.620110718115316,-0.4312789615722196,0.053881995442343796,0.9999945653115602,2.195566497063988,7.936507936506798e-05,969.005838495588,0.6308391731639861,0.26459291157144577
3,ds3_time3_97.h5,0.007071522490262565,0,13500.0,0.004,1.4842834638843487,-0.7407247412607556,11078.748744293136,0.48414399451023477,-0.424549424046003,0.05115895603900454,0.9999928135654799,2.172346600221349,7.936507936506798e-05,947.6499662202662,0.6304319491839057,0.2648182321048002
3,ds3_time3_98.h5,0.007071522490262565,0,13500.0,0.005,1.517783866998079,-0.536720416491206,23198.463834731105,0.303479942586607,-0.4129201016896602,0.04367455126751704,0.9999884743244006,2.136435585375867,7.936507936506798e-05,923.6340133826881,0.6300002365841315,0.2651092703261711
3,ds3_time3_99.h5,0.007071522490262565,0,13500.0,0.006,1.5646950729684868,-0.7216294173387194,24952.221720046684,0.18031677572920335,-0.4033925367220594,0.04297185728536436,0.9999829369241333,2.224822823681494,0.00011904761904760196,916.1058266215879,0.6302286644630603,0.2653374266585731
3,ds3_time3_100.h5,0.007071522490262565,0,13500.0,0.007,1.59589068014558,-0.9163217751084466,39994.915501221316,0.11600661900261301,-0.3992481988320565,0.043656014289587285,0.9999794793637978,2.242048987389115,0.00011904761904760196,914.982655814112,0.6307966497887413,0.2654996760860545
3,ds3_time3_101.h5,0.007071522490262565,1,13500.0,0.008,2.05398881200446,-1.75341769884872,109038.4237561004,-0.429131039780918,-0.3813258985986191,0.10507823804300744,0.9999691007638594,2.451302566675457,0.0009920634920633498,954.4299711739111,0.6622846666104926,0.2719522918859125
3,ds3_time3_102.h5,0.007071522490262565,1,13500.0,0.009,2.248836838912954,-1.9899424731920679,375584.825248242,-0.6765786037153145,-0.34975440714287925,0.1166434682173672,0.9999480127007295,2.87322673602543,0.0009920634920633498,1051.599030862503,0.7343213640155603,0.28669394471463305
3,ds3_time3_103.h5,0.009137602026500286,0,14000.0,0.001,1.5260197169187797,-0.9631265808374887,15713.946625382318,1.3590177613031684,-0.49538956611784696,0.06572138060514619,0.9999916452250395,2.0903813823293897,7.936507936506798e-05,1135.5084779131284,0.6591832296144072,0.284095505814374
3,ds3_time3_104.h5,0.009137602026500286,0,14000.0,0.002,1.5204574131473967,-0.9283388344207948,22882.40656515533,0.8740463793029913,-0.48597686017212777,0.06311360960905357,0.9999872871987066,2.0960839542833876,7.936507936506798e-05,1062.413805131997,0.6589949920154966,0.2847419213959321
3,ds3_time3_105.h5,0.009137602026500286,0,14000.0,0.003,1.520732202980362,-0.7832588847122178,19743.101976029182,0.4722610224438123,-0.47075688853842407,0.05697665225450102,0.9999755051063242,2.0524329809885233,7.936507936506798e-05,991.5308846994558,0.6587240305092541,0.2857583232950063
3,ds3_time3_106.h5,0.009137602026500286,0,14000.0,0.004,1.522554007450198,-0.6669987027789246,15350.181504525845,0.368225740537492,-0.4643220613375065,0.054175654480176735,0.9999682605282194,2.020262126235845,0.00011904761904760196,972.8913460324623,0.6586121461968706,0.2861318115658687
3,ds3_time3_107.h5,0.009137602026500286,0,14000.0,0.005,1.5266126189566915,-0.7055534284227043,14450.339325318404,0.23278831968724759,-0.4533209098911449,0.05029159271853047,0.9999510326592709,2.000867878759163,0.00011904761904760196,953.6041235050805,0.6585104373702046,0.28667681396982975
3,ds3_time3_108.h5,0.009137602026500286,0,14000.0,0.006,1.5289906677365444,-0.7066386150527647,18857.51814565325,0.18558094025735897,-0.4486629507948805,0.04921853462416208,0.9999411631784152,1.9877133809528713,0.00011904761904760196,950.2466889589896,0.6585275461400889,0.2868706437461795
3,ds3_time3_109.h5,0.009137602026500286,0,14000.0,0.007,1.5364149414479111,-0.8459068810446497,24905.737086326924,0.09506843337217918,-0.4408018486830118,0.04870804308723143,0.9999177206119366,1.967285010558607,0.00011904761904760196,945.8134937217379,0.6586632561511853,0.2871522210769984
3,ds3_time3_110.h5,0.009137602026500286,0,14000.0,0.008,1.5499193407857217,-0.7810059188699949,25612.90055276183,-0.0031423278817914544,-0.43426242270486815,0.05099213975974428,0.9998870758632293,2.0093190036625495,0.00011904761904760196,944.778783310769,0.6591720496283532,0.2874226407401258
3,ds3_time3_111.h5,0.009137602026500286,0,14000.0,0.009,1.6365569813067609,-1.1344843633885782,49568.250602187276,-0.2164542604124521,-0.42861289683607695,0.0717085874175689,0.9998669459001851,2.078996897124591,0.0009523809523808157,957.5124363703487,0.6638272132796862,0.28838857683220315
3,ds3_time3_112.h5,0.009137602026500286,1,14000.0,0.009999999999999998,2.1331685431569487,-1.649249321448729,248769.00715071018,-0.5990363539408915,-0.40243607047140867,0.17901414023085926,0.999810754468507,2.4013969044055963,0.0009523809523808157,1045.7337543006893,0.704691163889686,0.2965614012386077
3,ds3_time3_113.h5,0.011496978081946595,0,14500.0,0.001,1.5625580763416533,-0.9564090284089519,20731.86772414198,1.4610791230744913,-0.4761698206377468,0.07565006847863101,0.9999580279862124,2.069170903429231,7.957559681698312e-05,1183.5954371241958,0.6907511021879423,0.2731489328230757
3,ds3_time3_114.h5,0.011496978081946595,0,14500.0,0.002,1.5611626056262435,-0.9146581408531511,28851.705289996935,0.9494489714398504,-0.46629924571640274,0.07263776389149479,0.9999429171627934,2.0590747467554826,7.957559681698312e-05,1103.7570071796927,0.6906311277468395,0.27364729517161873
3,ds3_time3_115.h5,0.011496978081946595,0,14500.0,0.003,1.5567581525201923,-0.7623177100109854,24203.08606946072,0.5159223454586395,-0.4504326257529788,0.06626523512831597,0.999904826826284,2.0301018863716083,7.957559681698312e-05,1026.9678762868596,0.6904752805960698,0.2744967854113271
3,ds3_time3_116.h5,0.011496978081946595,0,14500.0,0.004,1.5537352513316298,-0.6424368145237286,19909.920216589395,0.4015199001018037,-0.4437673166992834,0.06340411903781418,0.9998806574394242,2.014519265434933,7.957559681698312e-05,1007.048690964473,0.6904293740219912,0.2748371964388673
3,ds3_time3_117.h5,0.011496978081946595,0,14500.0,0.005,1.5470355457225242,-0.675394102301414,19172.6857270494,0.25127291248252254,-0.4324485184779778,0.059725774519712116,0.9998131961039024,1.9661347487639422,7.957559681698312e-05,987.0466876675474,0.6904315580599337,0.27539267363995185
3,ds3_time3_118.h5,0.011496978081946595,0,14500.0,0.006,1.543992990378486,-0.6846218465112168,23436.27895486838,0.19943915161508174,-0.42768388964099907,0.0587948722657921,0.9997667210430214,1.9323176856744027,7.957559681698312e-05,983.9556256131739,0.6904737560418055,0.27562556552970346
3,ds3_time3_119.h5,0.011496978081946595,0,14500.0,0.007,1.5407358842062269,-0.7670829855784221,29600.098964262455,0.10093026189605547,-0.4196767001648287,0.0581348157082818,0.9996520038603106,1.8632809960902907,0.00011936339522547468,980.0443201955421,0.690602068289991,0.2760372099543356
3,ds3_time3_120.h5,0.011496978081946595,0,14500.0,0.008,1.5408497928061664,-0.7123527274837412,30031.318427957685,0.05446013477514558,-0.4162790035018242,0.058217845783178644,0.9995867312001436,1.8279588222361987,0.00011936339522547468,979.0034784650991,0.6906763465638907,0.2762263164882612
3,ds3_time3_121.h5,0.011496978081946595,0,14500.0,0.009,1.5453005354387157,-0.6557015632412652,30725.929344281205,-0.03869486094168184,-0.4103304264018979,0.05877882037901723,0.9994422743730809,1.7409183954793148,0.00011936339522547468,978.8952930224388,0.6908186514886505,0.27657316363907714
3,ds3_time3_122.h5,0.011496978081946595,0,14500.0,0.009999999999999998,1.5495888341701098,-0.6516486370345489,29989.09461735875,-0.08733262500743365,-0.4076409825520292,0.05939867575342066,0.9993637817264522,1.690606936222608,0.00011936339522547468,979.751106557888,0.6908923184518881,0.27675537309134696
3,ds3_time3_123.h5,0.011496978081946595,0,14500.0,0.011,1.5623492070620673,-0.5450863775660508,25716.45527066276,-0.19715247452300524,-0.40250029222441963,0.06360155633902363,0.9991914986431393,1.6023132592950362,7.957559681698312e-05,983.5454844443985,0.6911715684310422,0.2771932996812997
3,ds3_time3_124.h5,0.011496978081946595,1,14500.0,0.012,1.649842904057318,-1.0406187255920072,52768.963738828126,-0.4091675805222418,-0.3964422506428318,0.09782607014840028,0.9990941058423113,1.7039956808453294,0.0009151193633953059,1010.4986354479232,0.6954446460652366,0.278389375881457
3,ds3_time3_125.h5,0.011496978081946595,1,14500.0,0.013,2.1204872521099696,-1.2806480300900063,169750.17611603625,-0.4251544331060181,-0.37685633483935715,0.18337748019620254,0.9988653287807379,1.847396561594198,0.0009151193633953059,1117.1181637590148,0.725860613688658,0.2852786717780637
3,ds3_time3_126.h5,0.01410685569263278,0,15000.0,0.001,1.558876320033622,-0.030496220184409006,7993.314405239154,2.9541878258009353,-0.4698691599104823,0.09082188749937703,0.9997238492865216,2.088674891687425,3.999999999999837e-05,1464.6034469226938,0.7265167791009084,0.26034232760852766
3,ds3_time3_127.h5,0.01410685569263278,0,15000.0,0.002,1.571431011546429,-0.9003629060892487,34807.31486851891,1.0175605482389087,-0.4462495469676314,0.08551915578690067,0.9995738317753047,2.0838538342391764,7.999999999999674e-05,1145.9325083461408,0.7264813540421692,0.25944473496207293
3,ds3_time3_128.h5,0.01410685569263278,0,15000.0,0.003,1.5717903958884996,-0.8287226253530865,35492.89839969343,0.7317461096133074,-0.4379737643577592,0.08189406686148326,0.9994714394829787,2.0732892415865964,7.999999999999674e-05,1094.9836629711542,0.7264901398523479,0.2590184808720897
3,ds3_time3_129.h5,0.01410685569263278,0,15000.0,0.004,1.5690509425374095,-0.6159578565631608,23771.660635789114,0.4224618641845234,-0.4241536389700506,0.07570390345591173,0.9992176503484258,2.041752926958109,7.999999999999674e-05,1041.6872551067688,0.7265389552560153,0.25820397575226056
3,ds3_time3_130.h5,0.01410685569263278,0,15000.0,0.005,1.5672178227206504,-0.5202451452954071,22017.99397344571,0.32658275705146794,-0.41830580166739917,0.07381797707150622,0.9990705448086307,2.02068426269737,7.999999999999674e-05,1028.5266977537342,0.7265730021382149,0.25783074130882344
3,ds3_time3_131.h5,0.01410685569263278,0,15000.0,0.006,1.5651826446310708,-0.6895186221277378,31280.941126523234,0.19351321025051202,-0.4083227489885758,0.0720365815728683,0.9987357983681967,1.9618096379889927,7.999999999999674e-05,1018.5652847278658,0.7266388120374079,0.257207723455199
3,ds3_time3_132.h5,0.01410685569263278,0,15000.0,0.007,1.565442072936955,-0.8126644766990196,36395.821056056724,0.13673189784175319,-0.40405498659746913,0.07181990428835051,0.9985412966520104,1.9243253746038123,7.999999999999674e-05,1016.5830377046915,0.7266577792464991,0.2569611778175304
3,ds3_time3_133.h5,0.01410685569263278,0,15000.0,0.008,1.5694144620313895,-0.7306128402169181,40131.561678675775,0.02949122199634707,-0.39648748734176237,0.07140549556915292,0.9980809897299817,1.8402988747505922,7.999999999999674e-05,1014.5640353268427,0.726643008412411,0.25660495704194664
3,ds3_time3_134.h5,0.01410685569263278,0,15000.0,0.009,1.5732668740957136,-0.711674081753118,41218.40282183229,-0.02276229744841864,-0.3930077533271394,0.07118729478356077,0.9978081643654986,1.7945957716174392,7.999999999999674e-05,1014.5638259709405,0.7266033498572887,0.2564832554104809
3,ds3_time3_135.h5,0.01410685569263278,0,15000.0,0.009999999999999998,1.578220728022633,-0.7031729320976029,41256.88710252302,-0.07591885507063777,-0.3896376117102973,0.07106068894927396,0.9975039971436989,1.7355366451506211,7.999999999999674e-05,1015.0043209217787,0.7265446498541905,0.2563931395595652
3,ds3_time3_136.h5,0.01410685569263278,0,15000.0,0.011,1.590110288374739,-0.539935712862644,31722.548353369006,-0.18846142334060698,-0.38310918495708474,0.07235226321509393,0.9967938126532181,1.5794801413323254,7.999999999999674e-05,1017.1878049510132,0.7263790629140373,0.2563072368813149
3,ds3_time3_137.h5,0.01410685569263278,0,15000.0,0.012,1.5963442989151677,-0.46500133186231235,25916.199403248356,-0.24948023906398006,-0.3799468349937845,0.0741682549502637,0.9963889589200651,1.485160085799992,7.999999999999674e-05,1020.2311515164398,0.7262830941534437,0.2563156952608497
3,ds3_time3_138.h5,0.01410685569263278,0,15000.0,0.013,1.6084576654575287,-0.6065171569209182,27873.044701170096,-0.42111338032626117,-0.37396820213736814,0.08031342591082255,0.9955086061971826,1.3745060931530455,7.999999999999674e-05,1041.9511748764107,0.7260934077270902,0.25651265922663213
3,ds3_time3_139.h5,0.01410685569263278,0,15000.0,0.013999999999999999,1.6140606873849546,-0.7105926777952587,33980.565244240526,-0.5416578252877036,-0.37127854836198065,0.08447874594306495,0.995031561783487,1.3335548725125632,7.999999999999674e-05,1063.4327463545837,0.7260083177504338,0.25675185383227966
3,ds3_time3_140.h5,0.01410685569263278,1,15000.0,0.015,1.7749371203037796,-1.033064454848634,51409.13116342169,-0.538836685510014,-0.3640666785657307,0.15714158822311414,0.9939426811459399,1.3339214567194857,0.0009199999999999625,1174.515430593636,0.732907330496088,0.25919501269488304
3,ds3_time3_141.h5,0.007926608778834924,0,15500.0,0.001,1.5182994110797257,-0.04368960044543213,9236.290625572045,2.356755587046891,-0.5128363286027606,0.14720374631745275,0.9999049094039147,2.0486786255911498,8.064516129031862e-05,1440.3227183440654,0.7672578865735762,0.28274966691993597
3,ds3_time3_142.h5,0.007926608778834924,0,15500.0,0.002,1.4993337209360074,-0.9014524341926433,13928.795473798204,0.7277618108144983,-0.48987999229093104,0.1530148071728588,0.9997816467333144,2.0904966822455653,8.064516129031862e-05,1156.4831342541224,0.7671017293534433,0.28067576384174026
3,ds3_time3_143.h5,0.007926608778834924,0,15500.0,0.003,1.5054242394583952,-0.8137747105995792,18906.15198727243,0.49736510706503423,-0.48184271807954604,0.1314783734223189,0.9997151677342526,2.1119458746370174,8.064516129031862e-05,1111.3361444857671,0.7670149982582518,0.27965089482043315
3,ds3_time3_144.h5,0.007926608778834924,0,15500.0,0.004,1.5272755685294366,-0.5685229744896223,31124.122655049356,0.24567909732009569,-0.4684906786262403,0.08407793392969753,0.999580568376997,2.1577452711045915,8.064516129031862e-05,1065.622372328527,0.7667888558446779,0.27770034095439977
3,ds3_time3_145.h5,0.007926608778834924,0,15500.0,0.005,1.5413744371957245,-0.6996792408635025,21871.301967638217,0.16522274125682715,-0.4628580360981121,0.06942362566171292,0.9995130807659329,2.1786979225891234,8.064516129031862e-05,1055.4265655086579,0.7666436364284003,0.276816434622719
3,ds3_time3_146.h5,0.007926608778834924,0,15500.0,0.006,1.5570117686613603,-0.7313643970493805,22458.84804332872,0.1036142085875855,-0.45778473069094633,0.06395701140015048,0.999449513259742,2.209021901513496,8.064516129031862e-05,1050.9800027714118,0.7664718239688832,0.2760185780730186
3,ds3_time3_147.h5,0.007926608778834924,0,15500.0,0.007,1.5917250263623421,-0.8577550857227245,41149.53901729029,-0.006801055446685665,-0.44893459607107494,0.07658986686865502,0.999329835739403,2.2774563979278164,8.064516129031862e-05,1046.7183110842273,0.7660046317537313,0.27476370324718263
3,ds3_time3_148.h5,0.007926608778834924,1,15500.0,0.008,1.6133581892430044,-0.8472091803096279,43439.78835052536,-0.05457531158281758,-0.4449056604142111,0.08815314800046062,0.9992643915846543,2.3362024146357445,8.064516129031862e-05,1046.4773956108818,0.7656678925202252,0.2743968663835462
3,ds3_time3_149.h5,0.007926608778834924,1,15500.0,0.009,1.8439773161338242,-1.1990246658373485,140669.2670845035,-0.35018624011621174,-0.4274598112630185,0.13580676447201628,0.9990018917409589,2.460206400197315,0.002983870967741789,1072.110109296701,0.7605374668495936,0.28406217380999743
3,ds3_time3_150.h5,0.007926608778834924,1,15500.0,0.009999999999999998,2.1318147315898264,-1.0943189811932132,315852.968310141,-0.347720688427584,-0.41247526828858716,0.19488339732051727,0.9985186358142722,2.5660378689205885,0.002983870967741789,1112.8700196990505,0.7534022704051327,0.3011557883952829
3,ds3_time3_151.h5,0.005321319112676222,0,16000.0,0.001,1.6976532987931428,-0.038712614933916756,8398.161555662227,2.4985180759370054,-0.49137912124091165,0.121302940913487,0.9999950465090817,2.12466600665781,8.152173913043848e-05,1509.5204068029627,0.8132496157486372,0.27095648914192744
3,ds3_time3_152.h5,0.005321319112676222,0,16000.0,0.002,1.5922794805287774,-0.8923099119874898,36761.647830322225,0.767853095303122,-0.4655673455073881,0.11805403005691019,0.9999898281562585,2.277722015885911,8.152173913043848e-05,1197.286478607922,0.8125224367173793,0.2692634821410111
3,ds3_time3_153.h5,0.005321319112676222,0,16000.0,0.003,1.599858090640499,-0.8111363193007041,37865.90979159351,0.5059909042893002,-0.4564722670162293,0.1160014705036317,0.9999863912470315,2.3664280080710873,8.152173913043848e-05,1148.5640698090074,0.8121140365042991,0.26851256356387815
3,ds3_time3_154.h5,0.005321319112676222,0,16000.0,0.004,1.6212831775728649,-0.70386560441624,34175.400148904824,0.3261412506329672,-0.44845215490841245,0.11450809572374854,0.9999824062508951,2.4795837749916987,8.152173913043848e-05,1118.9037462730107,0.811629794337305,0.267883195102441
3,ds3_time3_155.h5,0.005321319112676222,0,16000.0,0.005,1.715063287637827,-0.7862867290830843,38879.481581566055,0.06676870077346157,-0.4344961363530719,0.11707266133872932,0.9999742257254576,2.7560457736931863,8.152173913043848e-05,1091.8431220576035,0.8100008603433313,0.2677753327080982
3,ds3_time3_156.h5,0.005321319112676222,1,16000.0,0.006,1.8848398930546093,-1.0704637824166536,89505.20622396469,-0.2401071059132952,-0.4229882718839548,0.1471647973639619,0.9999687141265917,2.9280928883349033,0.001019021739130481,1102.6023030135964,0.8039579988255469,0.27764706636474656
3,ds3_time3_157.h5,0.005321319112676222,1,16000.0,0.007,2.2288216254594935,-1.3678115206029933,402767.7412600591,-0.6427772276532709,-0.3922909508978194,0.2886599061577798,0.9999545955765756,3.1124299027955225,0.0019565217391305234,1178.1950651698369,0.7831595089583988,0.3005538559276175
3,ds3_time3_158.h5,0.003964583146035219,0,16500.0,0.001,1.95210121677379,-0.038727622173780674,8399.367659753601,2.49525501668273,-0.49117033766824203,0.12174763703397615,0.9999993312156877,2.156911159808692,7.905138339919793e-05,1556.6580431964949,0.8129698173730828,0.270751461403938
3,ds3_time3_159.h5,0.003964583146035219,0,16500.0,0.002,1.7140552734379504,-0.8966012899218209,37385.82780544371,0.7507734447241059,-0.4648950726630335,0.12024844517355948,0.9999982735112044,2.3910171971556675,7.905138339919793e-05,1234.6936498431621,0.8111952056684912,0.2696418652844566
3,ds3_time3_160.h5,0.003964583146035219,0,16500.0,0.003,1.7334516666515742,-0.8253007378792341,40462.83106126245,0.47169629974248994,-0.45545984360483044,0.11977795814019727,0.9999974078405383,2.552034343282936,7.905138339919793e-05,1184.6763300925988,0.8099309961384342,0.26979112822249346
3,ds3_time3_161.h5,0.003964583146035219,1,16500.0,0.004,1.799233586409011,-0.7641290346762558,41522.31921061654,0.2535606274079689,-0.4467140215630145,0.121669257482972,0.999996530324586,2.745101599646489,7.905138339919793e-05,1155.2561945787097,0.8076625840453842,0.2714558166027028
3,ds3_time3_162.h5,0.003964583146035219,1,16500.0,0.005,2.384153743521379,-1.4349622939613202,700285.9542130553,-0.8345214964280115,-0.3745325170255167,0.395282348041815,0.9996239599475903,3.5892876572937644,0.000988142292489974,1298.102305033474,0.7467851737634427,0.29042056783216935
3,ds3_time3_163.h5,0.003964583146035219,1,16500.0,0.006,2.305644456619372,-1.4696585350031546,2031594.8570871856,-0.5009038541357417,-0.33842195505908435,0.6222257040052248,0.9987464917597372,4.492181592251615,0.0019367588932803492,1428.2866316892053,0.7346244760315869,0.2692232811261894
3,ds3_time3_164.h5,0.00315481657034496,0,17000.0,0.001,2.3035240529158227,-0.034769637356897976,13724.60605122169,2.6205153079416235,-0.46737077028880636,0.15366063730696777,0.9999998736695296,2.207131090024265,4.010695187165597e-05,1628.7714570779167,0.8653934532411999,0.2578737006726907
3,ds3_time3_165.h5,0.00315481657034496,0,17000.0,0.002,1.830184384444129,-0.8827350026026524,46171.639956480445,0.8000135903026667,-0.4387051259356183,0.14882883510520736,0.9999996643577662,2.50469398513552,8.021390374331194e-05,1276.069129983448,0.8614804200207781,0.2582399917353972
3,ds3_time3_166.h5,0.00315481657034496,0,17000.0,0.003,1.8859044903228004,-0.830960595814432,51781.87758267563,0.4630314575882827,-0.42791845029343417,0.14822021394196302,0.9999995327611907,2.711150951681431,8.021390374331194e-05,1222.9999395462519,0.8564933394772254,0.26252221855912933
3,ds3_time3_167.h5,0.00315481657034496,1,17000.0,0.004,2.414281581210291,-1.2859488648806807,218406.35701010277,-0.6659027858837059,-0.39232333449178763,0.27248829307721684,0.9988594526460983,3.011581991942404,0.0009625668449197433,1258.3475842670732,0.7921836591383173,0.29845662253414884
3,ds3_time3_168.h5,0.00315481657034496,1,17000.0,0.005,2.411046881355605,-1.4804000189816098,1347617.8612218485,-0.8536363021142803,-0.3294114943580067,0.5607116601308034,0.9990341953479128,4.416846097037612,0.0009625668449197433,1442.7604718606135,0.7558203966158845,0.2586830656462787
3,ds3_time3_169.h5,0.0026286145249925087,0,17500.0,0.001,2.2656414929595208,-0.050234875732476425,8306.715319101877,1.9784636529170352,-0.5162869674043353,0.18923924893862018,0.9999999607395952,2.170090760446774,0.00032653061224485747,1588.4444954909864,0.9247709166866832,0.2837799795144798
3,ds3_time3_170.h5,0.0026286145249925087,0,17500.0,0.002,1.9245858563922589,-0.9310273330571798,25171.647937306163,0.9193527627785296,-0.5001882480609255,0.1885064788060321,0.9999999298457455,2.3507439702404724,8.163265306121437e-05,1365.122919257278,0.9212800932616543,0.2844407164857559
3,ds3_time3_171.h5,0.0026286145249925087,1,17500.0,0.003,2.551088482304902,-1.4510509466075294,525894.9114897924,-1.2415297646729369,-0.4202634363201027,0.47379533397069074,0.9987603141247724,3.7476229175685054,0.0009387755102039652,1410.9244819335745,0.7829391293297757,0.2901963903764079
3,ds3_time3_172.h5,0.0026286145249925087,1,17500.0,0.004,2.416321149453153,-1.5233820922127146,2791155.7376385606,-0.9067381634008901,-0.3606123321730194,0.8406097279648154,0.9976474808404125,5.557384101589912,0.0009387755102039652,1649.9867854207178,0.767115812944167,0.26171776720993634
3,ds3_time3_173.h5,0.0022662056366462547,0,18000.0,0.001,2.4917658174760438,-0.050117264688122054,8314.25948168926,1.9768157281219736,-0.5162429214759148,0.18916943731206076,0.9999999847378034,2.170842215515819,0.0003174603174602719,1633.8312585211015,0.923868148089066,0.2834540830549096
3,ds3_time3_174.h5,0.0022662056366462547,0,18000.0,0.002,2.0221061332376595,-0.932016847568116,25123.18441905295,0.9163186719007392,-0.5000647472847148,0.18881615392007847,0.9999999710921543,2.3434244983029706,7.936507936506798e-05,1404.2140901581258,0.9182116203265769,0.2858064675789528
3,ds3_time3_175.h5,0.0022662056366462547,1,18000.0,0.003,2.4932780444201046,-1.507838027989193,1332406.1665256033,-1.240057367419002,-0.377970457172298,0.7411421842220075,0.9977572038309592,4.905386921099105,0.0009126984126982818,1628.1346683487243,0.7429274135846125,0.26135408445631203
3,ds3_time3_176.h5,0.0022662056366462547,1,18000.0,0.004,2.3813898714370794,-1.4868161721422024,4256996.428211946,-0.7282830729894018,-0.3534689130897549,0.9904500278322647,0.9969308548765674,6.857821666453601,0.0009126984126982818,1799.1721738403369,0.7390708998057495,0.257387979727646
3,ds3_time3_177.h5,0.002005934910474078,0,18500.0,0.001,2.8885302174455623,-0.04352727224269026,12203.089836852636,2.1442200941876086,-0.49244735915708193,0.23911316837298377,0.9999999928885502,2.2158543773397312,4.0540540540538045e-05,1707.351602761802,0.9936375170936929,0.26981432975183456
3,ds3_time3_178.h5,0.002005934910474078,0,18500.0,0.002,2.1714064208661927,-0.919540057659257,56389.69711292406,1.011166626632971,-0.47471207734633514,0.2428466859694877,0.9999999849989109,2.4006911435073754,4.0540540540538045e-05,1451.7313335786585,0.9829947324032015,0.2757361067129279
3,ds3_time3_179.h5,0.002005934910474078,1,18500.0,0.003,2.6442405364810297,-1.3074896564433722,335845.3190995698,-1.221122182585971,-0.4097371976507073,0.48561485369910057,0.998476575457623,3.5942377886826065,0.000891891891891837,1498.8238415882743,0.7827558413039565,0.2712781275977465
3,ds3_time3_180.h5,0.002005934910474078,1,18500.0,0.004,2.275673792471441,-1.4590594788296007,5798298.253515519,-0.3922435705752592,-0.32775216927836576,1.0782960642499393,0.9970564973260837,6.989654017028417,0.0040135135135132664,1883.7857533577624,0.7628700091688139,0.24625349612080613
3,ds3_time3_181.h5,0.001813132610104329,0,19000.0,0.001,3.1528271276195334,-0.043538448225230564,12204.709888114436,2.1440758627442245,-0.49242806602817896,0.23906647688665172,0.9999999966104929,2.211429919355572,3.9473684210526716e-05,1753.4998036904722,0.9924316615859287,0.2696111691480771
3,ds3_time3_182.h5,0.001813132610104329,1,19000.0,0.002,2.2866738224682193,-0.9209086465307433,56646.10880208331,0.9969727506288208,-0.47445838596154266,0.24374056702865865,0.9999999905776222,2.41379689109201,3.9473684210526716e-05,1491.3944947906439,0.971967838483538,0.28344375096182867
3,ds3_time3_183.h5,0.001813132610104329,1,19000.0,0.003,2.579045945231398,-1.3610995747886305,592307.4525260135,-1.3886087324558334,-0.38219412528723523,0.6424738237772546,0.9980230723174538,4.452529902667054,0.003078947368421084,1638.528598956498,0.744878547875114,0.25306107139948036
3,ds3_time3_184.h5,0.001813132610104329,1,19000.0,0.004,2.296641617356169,-1.3851414771555228,6109915.821934694,-0.5445636098867682,-0.33121882180812046,1.1239405923804422,0.9972257964522583,7.701421028212779,0.0070263157894737555,1936.9390217099926,0.738102276392667,0.24308836130842204
3,ds3_time3_185.h5,0.0016669545817155085,0,19500.0,0.001,3.629092891076096,-0.03854733901468288,14572.832367572462,2.2840492810542288,-0.4650051044722336,0.33849820302669525,0.9999999988245449,2.240689807084238,4.0485829959514136e-05,1827.2365819962963,0.9305814453404823,0.25512382054784677
3,ds3_time3_186.h5,0.0016669545817155085,1,19500.0,0.002,2.5096689140162054,-0.9101657492685015,46795.291568328634,1.0162543074345318,-0.4443143995824811,0.34201173528145795,0.9999999932511293,2.4453929845214977,4.0485829959514136e-05,1542.1705949162838,0.9908868833228348,0.29356334500504677
3,ds3_time3_187.h5,0.0016669545817155085,1,19500.0,0.003,2.472965756917829,-1.3640098083785033,894043.4109787114,-1.1803343018864745,-0.3403782625781092,0.7861231883686401,0.997588906867896,5.001942755043611,0.00303643724696356,1733.4953879273128,0.7693731007417683,0.23720050836276188
3,ds3_time3_188.h5,0.0015542167314330838,0,20000.0,0.001,3.9088688268027307,-0.03854960382489603,14713.308046319753,2.283915119199134,-0.46499582128870026,0.33823059070527195,0.9999999992401489,2.2172245604879532,3.9473684210526716e-05,1874.0924219694125,0.9319442569333789,0.25510835418571315
3,ds3_time3_189.h5,0.0015542167314330838,1,20000.0,0.002,2.7463559521131256,-0.9265166198593018,82969.87726744439,0.6169815997644966,-0.43777773458307356,0.3529169446629909,0.9999999803254817,2.4040515031948875,3.9473684210526716e-05,1592.583396500797,0.8742260477848074,0.30562831796962214
3,ds3_time3_190.h5,0.0015542167314330838,1,20000.0,0.003,2.4222760881724175,-1.395846039298659,1062937.014003526,-1.0802879577399536,-0.33412389475375903,0.8338578840818879,0.9974161539143005,5.454625620311616,0.005960526315789534,1804.3730003069613,0.743951516560308,0.23314110026356188
101,ds101_time101_1.h5,0.0009580761556411829,0,2000.0,0.00075,3.0349475530055967,0.31134142791990344,8916.541478057663,0.09778447018493916,-0.4774706849981084,0.39284286179888817,0.981932099791482,2.310469974794113,0.0005319148936169804,266.9870885728913,0.7254432553483822,0.246911561892827
101,ds101_time101_2.h5,0.0009580761556411829,1,2000.0,0.001,2.3785247001754684,0.28290676317259156,23455.322106207554,-0.10995874088604704,-0.45942060824118935,0.2179983067621026,0.9987361503510845,2.6352266569406066,0.007925531914893008,316.8883491184962,0.7390793692416181,0.34306547330756104
101,ds101_time101_3.h5,0.0009580761556411829,1,2000.0,0.00125,2.327517446031156,0.22216645245118882,123688.91904617683,-0.1366655798568068,-0.4083538382216585,0.23195335124545668,0.9989261098667862,4.013687150960276,0.00787234042553131,503.13917458218344,0.7440143837918184,0.27326275593253185
101,ds101_time101_4.h5,0.0018773077313916475,0,2250.0,0.00075,2.426140077529713,0.31638643568950153,7319.434159446406,0.154312761142428,-0.474784414412763,0.4040697877504726,0.9835356375452686,2.3421918262489565,0.0004266666666667973,289.20289714084146,0.7178171473435165,0.2007983343563904
101,ds101_time101_5.h5,0.0018773077313916475,0,2250.0,0.001,2.5163227648885043,0.31463612753279546,14128.181667060959,0.06023064628465569,-0.47070899910140895,0.3361958652769435,0.9776709380891689,2.3627698449509547,0.0004266666666667973,280.8857883952289,0.7114441652305635,0.20708593457849192
101,ds101_time101_6.h5,0.0018773077313916475,0,2250.0,0.00125,2.6922849251347327,0.3280979795027721,23014.337598766884,0.04855024646302169,-0.4667632678677699,0.30292998501521196,0.9760262095248918,2.336048698273969,0.0004266666666667973,277.5224855007048,0.7061764862159093,0.21533015358885904
101,ds101_time101_7.h5,0.0018773077313916475,0,2250.0,0.0015,2.7938950306361514,0.3293484645342349,34057.58133679193,0.0235964298276955,-0.4631196503282216,0.2962079348352844,0.9581938239852648,2.4043948158588515,0.000480000000000147,273.63675154933435,0.7006410215014154,0.22466937718887622
101,ds101_time101_8.h5,0.0018773077313916475,0,2250.0,0.00175,2.871232416324363,0.3216370864792258,46839.37468668202,0.009446457574416586,-0.4593998162527125,0.3114235766835613,0.9452349491038713,2.3536746505517487,0.000480000000000147,269.48809948658317,0.6906701053885347,0.2370313864368574
101,ds101_time101_9.h5,0.0018773077313916475,1,2250.0,0.002,2.893537050314521,0.3293558917518632,55247.47918716309,0.013136294364379042,-0.4571581238387199,0.2859692376993214,0.9217918967603957,2.403422511281997,0.000480000000000147,272.06449587001936,0.6691095852503077,0.25233790569190856
101,ds101_time101_10.h5,0.0018773077313916475,1,2250.0,0.0022500000000000003,2.9298294957445608,0.3255353537051224,77715.63525508877,-0.009484720440668129,-0.45086656743264886,0.23439761443432494,0.996526543330132,2.4761533232318866,0.006133333333335211,284.38356136033593,0.6324023347301356,0.303042372990981
101,ds101_time101_11.h5,0.0009422224792667544,0,2500.0,0.00075,2.8480230733245473,0.3019583170951859,9247.435134929328,0.13381428352046046,-0.473827528097919,0.38466748731096584,0.9946932356023233,2.351237802010555,0.000371681415928915,313.5465263726526,0.5162500786807174,0.20929476502961392
101,ds101_time101_12.h5,0.0009422224792667544,1,2500.0,0.001,2.3552888957581852,0.288502753155911,24273.266530594425,-0.09245178792226036,-0.4525264997584759,0.22590255883271756,0.9986542532527026,2.785954266506531,0.006477876106189662,364.0725397452798,0.7368820524782262,0.34168548904727
101,ds101_time101_13.h5,0.0009422224792667544,1,2500.0,0.00125,2.2406963038266667,0.23672022826293637,62250.43863100473,-0.07229519354599184,-0.4242316971647284,0.24124244043799212,0.9991409621675043,3.419747186580269,0.006477876106189662,464.9284287560096,0.746082755008322,0.34460543273665667
101,ds101_time101_14.h5,0.0014064180246952888,0,2750.0,0.00075,2.2225505415330304,0.2935808309519389,6429.186401063604,0.23567643142781727,-0.4811232115826276,0.4075290108371443,0.9942808095701967,2.4171810451317035,0.0003743315508021386,330.03398140635926,0.7139515051374831,0.21300986669900374
101,ds101_time101_15.h5,0.0014064180246952888,0,2750.0,0.001,2.2794241234175465,0.32221260167209587,11933.8624996957,0.11939669850485912,-0.47590358728932164,0.3303464151538105,0.9925216533793368,2.3677665802517613,0.0003743315508021386,317.5255997934616,0.7083815451198121,0.2179555386033234
101,ds101_time101_16.h5,0.0014064180246952888,0,2750.0,0.00125,2.2989724342169033,0.3201890081793538,16379.479375621895,0.0785525474956852,-0.4732969388770704,0.28949786514623826,0.9926914262069924,2.3226086156703887,0.0003743315508021386,315.95692633566796,0.7056799369942968,0.22105992440184438
101,ds101_time101_17.h5,0.0014064180246952888,1,2750.0,0.0015,2.4049088792047106,0.3325453566162845,26027.580445719377,0.05488865905237029,-0.4688333646681696,0.25117766923463936,0.9898047758142869,2.3468491904864406,0.0003743315508021386,307.61817228200925,0.6995001312369992,0.22864249275568554
101,ds101_time101_18.h5,0.0014064180246952888,1,2750.0,0.00175,2.450409818656225,0.3305332009673377,34246.14289209505,0.0589325608228901,-0.4663168360952667,0.26342412721039354,0.9868457026861975,2.3499373933033993,0.0003743315508021386,308.9688752481693,0.6953615253236438,0.23422527007612517
101,ds101_time101_19.h5,0.0014064180246952888,1,2750.0,0.002,2.798964978998292,0.32581740567957096,61981.02177611988,-0.008106729946527058,-0.4575697542610719,0.13753419375833728,0.9954073824730382,2.619851893346034,0.005882352941176464,331.4234509349638,0.5619847666654189,0.3258820553965682
101,ds101_time101_20.h5,0.0014064180246952888,1,2750.0,0.0022500000000000003,2.7829722412521853,0.3145551236070958,112030.35862452656,-0.060476281936776316,-0.4378854084514045,0.08753761413838891,0.9980686333126946,3.4098657171557623,0.005882352941176464,405.36186211885723,0.5198466298765659,0.3315204725522626
101,ds101_time101_21.h5,0.001209056433883074,0,3000.0,0.00075,3.057511085995795,0.2906732020925745,7404.858297663067,0.2769039310593787,-0.46918699117774587,0.3980452136878109,0.9953285924897759,2.362747894547719,0.00031914893617018825,354.3932901387571,0.7973890497271122,0.24886067430582243
101,ds101_time101_22.h5,0.001209056433883074,0,3000.0,0.001,2.914031644806227,0.2919646218385018,10337.972596355408,0.16432496684229392,-0.46682267999105237,0.365814105664838,0.9954174119250828,2.4571194929072133,0.00031914893617018825,346.02222995501285,0.7898024721177417,0.2510716356430475
101,ds101_time101_23.h5,0.001209056433883074,1,3000.0,0.00125,2.286517113461217,0.27303040150677427,27900.76478641061,-0.18489851832969206,-0.44795303870025743,0.2906180550689758,0.9982755963449615,2.583833657566182,0.005319148936169804,381.4312841804362,0.7375248234210757,0.3431561026358938
101,ds101_time101_24.h5,0.001209056433883074,1,3000.0,0.0015,2.2790492464621925,0.20310238227860178,102664.09133670785,-0.3227192139006663,-0.410112466393511,0.3112287201006039,0.9990173341354495,3.4147333352826403,0.005265957446808106,510.21917083093183,0.7387662063940438,0.28568770818178063
101,ds101_time101_25.h5,0.0009873167906840525,0,3250.0,0.00075,3.132909214499667,0.2875528953067644,8287.815886633682,0.2688956375931966,-0.4806181428599446,0.39290319015674646,0.9965802793755437,2.3826882008725954,0.00031830238726787696,373.2122547866475,0.7880940201672942,0.2659042367942058
101,ds101_time101_26.h5,0.0009873167906840525,1,3250.0,0.001,2.6272347075422005,0.3083253832127757,11732.136689936775,0.1733228830494408,-0.4769137698729565,0.33754535818925163,0.9765793743675497,2.4062078648388128,0.00031830238726787696,368.99481073047747,0.7536808011844821,0.2920572535168258
101,ds101_time101_27.h5,0.0009873167906840525,1,3250.0,0.00125,2.310373502227561,0.26389274354689485,30047.245824710204,-0.10368849201261894,-0.45118301963493873,0.27529051270990307,0.9986000628681133,2.8969169066558575,0.014270557029176486,444.45143343864083,0.7511044136429107,0.3344664904267417
101,ds101_time101_28.h5,0.001993089151241226,0,3500.0,0.00075,2.791953120365444,0.27045510128297445,7187.323347131135,0.5008525201655294,-0.4777522376042925,0.07094987410203597,0.9964015609600937,2.3275839159331446,0.000267857142857153,399.43734887986164,0.6960200202679355,0.2304908583741084
101,ds101_time101_29.h5,0.001993089151241226,0,3500.0,0.001,2.885769494544005,0.3011230519685191,10751.529554209174,0.19291968823054073,-0.470281056954486,0.12229996487869138,0.9939772494474085,2.3702760415749986,0.000267857142857153,375.4841505494303,0.6792959478491565,0.23334259808942648
101,ds101_time101_30.h5,0.001993089151241226,0,3500.0,0.00125,2.96697757676224,0.32887824011941036,16083.043691202027,0.1304460264034255,-0.46717206088359275,0.1798905693328688,0.9920385766232147,2.311349170103221,0.000267857142857153,372.9316520542433,0.6706135268144311,0.23448686966263407
101,ds101_time101_31.h5,0.001993089151241226,0,3500.0,0.0015,3.0085405460449346,0.3059884671625863,23058.92875066703,0.08376067287043792,-0.4639775245680404,0.24189572528068054,0.9934299252506824,2.4090277315936586,0.000267857142857153,366.6106158692706,0.6634697187071602,0.2362627826579482
101,ds101_time101_32.h5,0.001993089151241226,0,3500.0,0.00175,3.0376104753881608,0.3210198316721228,29095.9856767234,0.06347162654509199,-0.4609726391333579,0.3399877924581762,0.9911568253810965,2.3634316851992336,0.0003214285714285836,363.5824530386866,0.6591350516564712,0.23836329885491256
101,ds101_time101_33.h5,0.001993089151241226,1,3500.0,0.002,3.0829064854024426,0.33415446996639087,37949.07704115432,0.08765950440348504,-0.45847887304961,0.43625598241326974,0.9928628434518052,2.3991102149571235,0.0003214285714285836,360.74855613884307,0.6581834455134788,0.23991417463383347
101,ds101_time101_34.h5,0.001993089151241226,1,3500.0,0.0022500000000000003,3.050344341609764,0.32837396752594505,47936.45873297873,0.05225385300920568,-0.45532490635314704,0.4937425590785045,0.9887680044967961,2.4287180178866272,0.0003214285714285836,359.5313311162984,0.6645767567110158,0.24297276225639927
101,ds101_time101_35.h5,0.001993089151241226,1,3500.0,0.0025,2.399852958469054,0.2758859951952911,94926.59394791353,-0.1548706276213697,-0.43239009516919497,0.2847834897827921,0.9993856382444307,2.880630060264375,0.003910714285714434,411.2821756641114,0.7938552780732604,0.32889520163297514
101,ds101_time101_36.h5,0.001993089151241226,1,3500.0,0.00275,2.4121140209485272,0.259536538749944,196415.80558296895,-0.2858946950113136,-0.409241821173556,0.2839810818857167,0.9994516037272759,3.326595802992915,0.0038571428571430033,485.039214002319,0.7986384195197086,0.35754344334826077
101,ds101_time101_37.h5,0.004897529528814752,0,3750.0,0.00075,2.2951117121289046,0.2550787321734289,6194.1048837337985,0.48417475859313797,-0.48360790605128096,0.4476165404375411,0.9961280887472824,2.3172573176774978,0.0002666666666667483,419.3955752199397,0.7105844915431657,0.1586097168466357
101,ds101_time101_38.h5,0.004897529528814752,0,3750.0,0.001,2.2944471924595353,0.280285830550005,9448.561653963801,0.3373555015389892,-0.48048934701772034,0.41285192617658645,0.9963480503445243,2.3230312881022006,0.0002666666666667483,406.6491544873691,0.7096150047318633,0.15873144553747054
101,ds101_time101_39.h5,0.004897529528814752,0,3750.0,0.00125,2.28500764067574,0.27673818433302333,13348.280786725452,0.20462683506266421,-0.4768388217723485,0.3603573674654489,0.9956079831379043,2.354236520617884,0.0002666666666667483,396.4477373196261,0.7082130803585862,0.15913554696777615
101,ds101_time101_40.h5,0.004897529528814752,0,3750.0,0.0015,2.3320642375062075,0.2920343960088524,23607.968753731897,0.08815974035725602,-0.4704656704614289,0.300008702422157,0.9940566156041338,2.3343567111790122,0.0002666666666667483,383.0412522249852,0.7050960723832903,0.16056155708474618
101,ds101_time101_41.h5,0.004897529528814752,0,3750.0,0.00175,2.3175048273165486,0.3091989755639233,31359.631187579558,0.1330218041976385,-0.46742985972716355,0.2785928924158478,0.9929237701647294,2.326668558132921,0.000320000000000098,382.4714016210849,0.7031885647397325,0.16158604536378945
101,ds101_time101_42.h5,0.004897529528814752,0,3750.0,0.002,2.3467418507963456,0.321110289957413,37203.80058705222,0.07639316856378199,-0.46397469618935516,0.26410558914271337,0.9912258072756545,2.3263124926750076,0.000320000000000098,374.9440972917775,0.7011373180262297,0.16265246445449272
101,ds101_time101_43.h5,0.004897529528814752,0,3750.0,0.0022500000000000003,2.3838879689433643,0.30924527251432965,48654.99938760481,0.053013142233264435,-0.46151432050623004,0.256946637486654,0.990542415509772,2.401085969162714,0.000320000000000098,370.5253383305022,0.6986782681152912,0.16413777161103113
101,ds101_time101_44.h5,0.004897529528814752,0,3750.0,0.0025,2.398477438528498,0.3384075414468023,57339.09277601296,0.06402448905932974,-0.45888883133615516,0.25140171599401007,0.9867477929201529,2.381237004733672,0.000320000000000098,368.112750290126,0.6963286396321878,0.16571091387398357
101,ds101_time101_45.h5,0.004897529528814752,0,3750.0,0.00275,2.4092138269334007,0.31739342452979047,66548.83252290305,0.02880348867201727,-0.4564067330657456,0.24610551158388438,0.9873349019974057,2.3061402091907373,0.000320000000000098,363.7929879217448,0.6927214512651975,0.1678237877361501
101,ds101_time101_46.h5,0.004897529528814752,0,3750.0,0.003,2.4777455130300363,0.3173925228339526,79686.90019517668,0.0384016476321284,-0.453263032610563,0.2723648408075891,0.9841152355858125,2.3456848534636356,0.00037333333333344765,363.00382931830126,0.6898260290410001,0.17082450728850915
101,ds101_time101_47.h5,0.004897529528814752,0,3750.0,0.0032500000000000003,2.528380195872296,0.32476526523705007,88251.53983793088,0.008832536848901111,-0.4510848264820539,0.28658764583106877,0.9849906550061015,2.3371094085997055,0.00037333333333344765,359.7485185977704,0.684927277692714,0.1733842839365899
101,ds101_time101_48.h5,0.004897529528814752,0,3750.0,0.0034999999999999996,2.559466479054999,0.3288038820376029,98312.44125843766,0.04674919360780844,-0.4487135695060672,0.2849275745329793,0.979625619529131,2.335341809809875,0.00037333333333344765,359.1198285601179,0.6797638940079154,0.17661385636405946
101,ds101_time101_49.h5,0.004897529528814752,0,3750.0,0.00375,2.5643248667464205,0.32828766965462186,109875.19822223432,0.02665312460037817,-0.4465888208046928,0.309392951001495,0.9855776179506015,2.2976683131859996,0.00037333333333344765,358.1310414020452,0.6731776727209331,0.18025557585960392
101,ds101_time101_50.h5,0.004897529528814752,0,3750.0,0.004,2.639150420597001,0.3170094985071814,128090.18474677604,0.0484934085980971,-0.4437961451136631,0.32666938229139747,0.9710498208333951,2.350166598599945,0.00037333333333344765,358.223552064346,0.6642936456663514,0.18470375401756997
101,ds101_time101_51.h5,0.004897529528814752,0,3750.0,0.00425,2.6777123275195374,0.31381225453342976,140284.94963641866,0.034597182192530135,-0.44202552533949846,0.3669642186484513,0.9613909831956011,2.270909302550613,0.00037333333333344765,355.10462272453213,0.6528895022519123,0.19036371884535022
101,ds101_time101_52.h5,0.004897529528814752,0,3750.0,0.0045000000000000005,2.904194263243063,0.32128603407778633,176353.25146394814,0.011701734726973834,-0.4377933804333902,0.3992416463664576,0.931153336401056,2.2621125787790737,0.00037333333333344765,356.0452839924117,0.6200914732639294,0.20200415925409018
101,ds101_time101_53.h5,0.004897529528814752,0,3750.0,0.00475,2.9071640953441134,0.3311428144498466,178855.15101935668,0.03474501196236853,-0.4359044142607419,0.45328714041267953,0.9199984800371716,2.2605121059366784,0.00037333333333344765,356.0054968706823,0.5974943685036156,0.2092687464934773
101,ds101_time101_54.h5,0.004897529528814752,1,3750.0,0.005,3.0514069004677307,0.3330170773128066,202345.03079807246,0.00897854702968925,-0.4342639912032378,0.4338225680473851,0.8605366976954208,2.2430722542655253,0.00037333333333344765,356.51980867564765,0.5696642240302122,0.21650792046766257
101,ds101_time101_55.h5,0.004897529528814752,1,3750.0,0.00525,2.875058452562315,0.31357404659923294,232061.19069873783,-0.04275617569872845,-0.43079115398809176,0.3421577283542846,0.9956428182070363,2.4065143551241834,0.003626666666667777,365.4188960809487,0.6836850363761623,0.22868192383162247
101,ds101_time101_56.h5,0.004897529528814752,1,3750.0,0.0055,2.5798420269894122,0.3146003280300348,291884.0880979689,-0.07121797002103576,-0.4233895658988672,0.31408098589743705,0.9988839955514517,2.5235465177993013,0.003626666666667777,399.09135122130994,0.8017665710697622,0.2526848042816216
101,ds101_time101_57.h5,0.0015544141533031265,0,4000.0,0.00075,3.242243555300019,0.25120561270191066,7167.3606195714365,0.4732889450831253,-0.4688323385551317,0.44151477501185693,0.9982552302618611,2.3954471252057385,0.0002142857142857224,445.68981828978406,0.7744479011875172,0.2521819076339844
101,ds101_time101_58.h5,0.0015544141533031265,0,4000.0,0.001,3.0813196296166523,0.2809820703485253,11686.088603822733,0.3227363684753183,-0.46530995883357434,0.40897035253703157,0.998508471646549,2.4178148882744397,0.0002142857142857224,431.54869581172613,0.7701234070911692,0.2549081379149222
101,ds101_time101_59.h5,0.0015544141533031265,0,4000.0,0.00125,3.148995119741259,0.29351608146054886,16681.754522317642,0.17164415822454504,-0.4614051776402657,0.3527233481612842,0.9978897438343167,2.431521176368006,0.0002142857142857224,428.00707919213295,0.7662934470196439,0.2615303228795207
101,ds101_time101_60.h5,0.0015544141533031265,0,4000.0,0.0015,3.163764771178377,0.3106856965896141,23428.334533333877,0.15208159895186185,-0.4575829131391673,0.3211097377989184,0.9983718603149503,2.506585896566142,0.0002142857142857224,423.6010651557783,0.762811384623162,0.2726510320620424
101,ds101_time101_61.h5,0.0015544141533031265,1,4000.0,0.00175,3.3023059493858624,0.316333396090009,35516.87274585191,0.05071885296675689,-0.4530991723071293,0.29401350078837357,0.8435640562872772,2.7189415935082786,0.004017857142857295,427.29862075136657,0.7591103176661289,0.29617831549106266
101,ds101_time101_62.h5,0.0015544141533031265,1,4000.0,0.002,2.58319090916637,0.25352887121553713,71539.47922684245,-0.24184391871182323,-0.4285768351562173,0.3634671647214014,0.9903670382998689,2.875164939621058,0.0039642857142858645,467.41036179466795,0.740524744218288,0.36851033393947574
101,ds101_time101_63.h5,0.0009778852941870217,0,4250.0,0.00075,3.2631871345240473,0.24023094359457864,8877.004861141457,0.520288124977663,-0.45935221958626404,0.4437797163062454,0.9984098847174656,2.3615601504194106,0.00021390374331553552,466.62106378511766,0.7947261207403397,0.26609532807816993
101,ds101_time101_64.h5,0.0009778852941870217,1,4250.0,0.001,3.113019388870666,0.2875109472331694,14145.96711942588,0.2824986160204436,-0.45476345652042705,0.3959783714534858,0.9986560123807366,2.476867601980812,0.00021390374331553552,460.4458446459007,0.7709493820205311,0.27406655377871425
101,ds101_time101_65.h5,0.0009778852941870217,1,4250.0,0.00125,2.43441339214338,0.21665070281376764,33921.99797033616,-0.22464514325731855,-0.4286911272495483,0.41280900521895264,0.9983189556477398,2.915493960536092,0.0037967914438507555,513.8632472703521,0.7456006991341323,0.32191407490843515
101,ds101_time101_66.h5,0.0009778852941870217,1,4250.0,0.0015,2.344477758517941,0.16837981472824515,130250.94787521017,-0.26438149219505397,-0.3816078627826101,0.45129122503789015,0.9983151514859713,4.006320386416945,0.0038502673796796394,651.4676350616801,0.7485368036849352,0.2669894656182405
101,ds101_time101_67.h5,0.000955370327511273,0,4500.0,0.00075,3.3161319459300613,0.2554248849468709,9289.524329092892,0.43764242899203737,-0.4846058626805665,0.43144695852684883,0.9981406085050092,2.426480416854023,0.0002116402116402183,486.69568360909307,0.7278785616067585,0.27500318866090456
101,ds101_time101_68.h5,0.000955370327511273,1,4500.0,0.001,2.5464253152915295,0.2641167326883882,16045.648405807538,0.08108217073805946,-0.4751071621758382,0.39285422179536855,0.9942684496877686,2.548784917633543,0.0002116402116402183,487.51333553435745,0.7368147712425753,0.3302995631790029
101,ds101_time101_69.h5,0.000955370327511273,1,4500.0,0.00125,2.3954531373329893,0.2246699758643298,50276.01124622337,-0.1375130747155242,-0.440002840093721,0.39552943246402233,0.9981862658030256,3.563300801057707,0.019735449735450356,588.5362398712457,0.7440483218615266,0.30071092377514813
101,ds101_time101_70.h5,0.001243793943981128,0,4750.0,0.00075,3.1072567878512034,0.2423484808683345,10359.604335481485,0.4512252542270312,-0.47514551003912975,0.42966524316873567,0.9991479693674121,2.372027926901432,0.00021409455842996697,503.48994380989757,0.6811608233965739,0.2732360822549648
101,ds101_time101_71.h5,0.001243793943981128,0,4750.0,0.001,3.189984027534639,0.2492990910414411,10009.01461849664,0.4837476526972376,-0.47531415617609574,0.412857237122733,0.9994585452706574,2.399689745932337,0.00021409455842996697,503.89763191319753,0.6833839410362265,0.2723443328377043
101,ds101_time101_72.h5,0.001243793943981128,1,4750.0,0.00125,3.073313985511867,0.2674536858439285,14996.9260736674,0.2273508484578857,-0.47010044334730033,0.3673409303207384,0.9987604701450241,2.604976029462682,0.00021409455842996697,489.21901205586084,0.683598664398118,0.2826703155320095
101,ds101_time101_73.h5,0.001243793943981128,1,4750.0,0.0015,2.9499421485930766,0.27379234124131235,27658.272349726376,-0.123399738643715,-0.44769777272076916,0.26983236427460244,0.9985020902467089,2.7234902684528897,0.009687778768956004,503.3598654026995,0.6800278656277863,0.32505278117107583
101,ds101_time101_74.h5,0.0013806945264716191,0,5000.0,0.00075,4.183963668789771,0.1565518706827994,9030.830484282907,0.8702819945893311,-0.47953539067755346,0.06966890965602801,0.999649632730248,2.367330011883828,0.0002142857142857224,549.2119675251787,0.6216520399550377,0.2755334737026316
101,ds101_time101_75.h5,0.0013806945264716191,0,5000.0,0.001,2.926645794845593,0.25809011695012407,13647.473714866459,0.4509651298376793,-0.4747746903744131,0.09097497460371526,0.9994666072179248,2.3875898648709417,0.0002142857142857224,522.7648055993963,0.6112094429864585,0.27592948397448247
101,ds101_time101_76.h5,0.0013806945264716191,0,5000.0,0.00125,2.8951554039660863,0.28958782483896606,15780.23595858438,0.2630096970785238,-0.47032403577227555,0.14186593167807013,0.9995731558089747,2.4188253845317056,0.0002142857142857224,506.0972721935018,0.6013811680731985,0.27701638677864104
101,ds101_time101_77.h5,0.0013806945264716191,1,5000.0,0.0015,2.87028687712858,0.28934630040922626,20592.36763094857,0.1811319616233711,-0.4638845864723114,0.18493689767604485,0.9994131644559026,2.4520584689299056,0.0002142857142857224,495.39909477001953,0.6196536472782879,0.28422101852989246
101,ds101_time101_78.h5,0.0013806945264716191,1,5000.0,0.00175,2.8684455483730082,0.27538583045368914,41975.77774534737,-0.09551009542005595,-0.443421293970292,0.27012521465387124,0.9995782866837412,2.800474869467106,0.005785714285714505,517.5865571413468,0.6881791203034873,0.3190806667305471
101,ds101_time101_79.h5,0.0016702148329537842,0,5250.0,0.00075,2.938742403683289,0.15498955429233907,5902.678941531544,0.7762791865302375,-0.4890471665950396,0.3684827132690994,0.999667310745005,2.3025130689742923,0.0002116402116402183,565.7946553734265,0.5692799841877599,0.281893019103365
101,ds101_time101_80.h5,0.0016702148329537842,0,5250.0,0.001,2.8585073980632494,0.24351062037100202,11466.147887681725,0.48139246551020787,-0.4841096296826103,0.3572045191632086,0.9997169549931446,2.4613516446974746,0.0002116402116402183,541.5041138839005,0.5635426223536129,0.2827665203992838
101,ds101_time101_81.h5,0.0016702148329537842,0,5250.0,0.00125,2.86814989059046,0.28358042142908557,16993.666462929767,0.2786492875009008,-0.4795022914654299,0.31831576433801195,0.9997261603835392,2.354002139338326,0.0002116402116402183,525.7228318577245,0.5565782137563225,0.2833083719497326
101,ds101_time101_82.h5,0.0016702148329537842,0,5250.0,0.0015,2.9919769114532486,0.28896753612572346,25055.473978886315,0.18542512615990486,-0.4755344980963044,0.28981989482909,0.9995223104731732,2.6303655745705683,0.0002116402116402183,514.9329839515608,0.5523480804981366,0.28357250209635454
101,ds101_time101_83.h5,0.0016702148329537842,1,5250.0,0.00175,2.9944519323267644,0.3042463147436827,24865.138791955353,0.14206923107771927,-0.47454851617623484,0.2767144262842836,0.9995073555413152,2.555073283506539,0.0002116402116402183,516.3933366393602,0.5516827442180224,0.2841467124454031
101,ds101_time101_84.h5,0.0016702148329537842,1,5250.0,0.002,3.106362907891365,0.29524090993869656,33691.27042382286,0.11482107642597977,-0.4699473544537198,0.24285187409052233,0.9991966983916616,2.5037024955785636,0.0002116402116402183,506.72370485577284,0.558655720925273,0.2870238794536234
101,ds101_time101_85.h5,0.0016702148329537842,1,5250.0,0.0022500000000000003,2.7394902408144777,0.29568058081590054,49541.132687980135,-0.057225757935960186,-0.44863987423323576,0.19830838235379952,0.9996308754123576,2.7610484172375234,0.00015873015873016372,523.5352592410933,0.652316993286294,0.3237132840285041
101,ds101_time101_86.h5,0.0016702148329537842,1,5250.0,0.0025,2.8388323087058227,0.2680544821645017,100365.48123087,-0.14046969983172666,-0.4215489339700601,0.18737118198497138,0.9998257382198045,3.1547163894526524,0.00015873015873016372,569.8805057382623,0.6848711413429515,0.33024208541237937
101,ds101_time101_87.h5,0.0021914285470269173,0,5500.0,0.00075,2.2644892816008135,0.13984111800524968,6501.8024117260675,0.8856406227953052,-0.4900941657673254,0.3272978027876052,0.9958632062516634,2.291181269087761,0.00016042780748665164,580.2082308488451,0.6250026558618132,0.2382568942938524
101,ds101_time101_88.h5,0.0021914285470269173,0,5500.0,0.001,2.429957567845259,0.2412564908941741,12413.952935357473,0.4643929346363336,-0.4849231682055095,0.2966673519280374,0.9862755106953361,2.3970165204665257,0.00021390374331553552,554.8084440090603,0.6200122051018805,0.2391366126509458
101,ds101_time101_89.h5,0.0021914285470269173,0,5500.0,0.00125,2.6062748208330095,0.2705631456157894,17584.322853796362,0.3090335947993732,-0.47919965491105115,0.2628549586780485,0.9908215194355071,2.417392928884876,0.00021390374331553552,537.0756737759659,0.6158871872281524,0.2421532706036088
101,ds101_time101_90.h5,0.0021914285470269173,0,5500.0,0.0015,2.6067743788258824,0.28724758768227565,16972.288402776903,0.2771185927254265,-0.47931853898808574,0.27538753181254866,0.9883740407081765,2.361650704396738,0.00021390374331553552,538.4425349859279,0.6158910134407684,0.24170109554054073
101,ds101_time101_91.h5,0.0021914285470269173,0,5500.0,0.00175,2.7432420459857028,0.2833438505550787,24782.869073298272,0.1554354560614074,-0.47465000108204786,0.24059851758143988,0.9867204209889087,2.387953367892967,0.00021390374331553552,529.6656997194418,0.6119257143940127,0.24440541006874
101,ds101_time101_92.h5,0.0021914285470269173,0,5500.0,0.002,2.7721865424035625,0.3222407259415543,32505.39111062905,0.1503031002380471,-0.4703314010795398,0.20478336616227463,0.9788241058226932,2.3977091693892847,0.00021390374331553552,521.2399544972853,0.6054847761646673,0.24751272902198423
101,ds101_time101_93.h5,0.0021914285470269173,1,5500.0,0.0022500000000000003,2.8306953030097017,0.3073038038233249,40828.2162285634,0.15067437038740614,-0.4661786010905753,0.17762628187226606,0.9844324627843476,2.468904486521989,0.00021390374331553552,515.3447024119691,0.6005048023986151,0.2503375391252897
101,ds101_time101_94.h5,0.0021914285470269173,1,5500.0,0.0025,2.8274762854678723,0.29893702080655626,43594.38381291007,0.1032800029981578,-0.46614788276662134,0.1765307098522727,0.9858653138725639,2.429603792574028,0.00021390374331553552,516.2873019295017,0.5999416251501806,0.24995597499512193
101,ds101_time101_95.h5,0.0021914285470269173,1,5500.0,0.00275,2.8621614078455644,0.32383739463141437,53989.777369986514,0.09208567369818477,-0.4623324841482102,0.15342031892609967,0.9866696661807262,2.3846919563335263,0.00021390374331553552,511.10945000763314,0.5951670838583724,0.2531955468298566
101,ds101_time101_96.h5,0.0021914285470269173,1,5500.0,0.003,2.9158209531773993,0.3238886562462179,66866.39205028045,0.05961239141729595,-0.45779762623760994,0.13957471677274913,0.9742777637004273,2.560550774980568,0.00021390374331553552,501.70932413111836,0.5923836754844837,0.25695061249896045
101,ds101_time101_97.h5,0.0021914285470269173,1,5500.0,0.0032500000000000003,2.9350883730320017,0.3338850772290515,82192.96124321251,1.3985717859961615e-05,-0.4531132780956895,0.12867049953359516,0.979475059830736,2.4998457826148526,0.0002673796791444194,500.5377987475469,0.5952362808196944,0.2620699272353101
101,ds101_time101_98.h5,0.0021914285470269173,1,5500.0,0.0034999999999999996,2.9557564548915596,0.3161024959180605,86739.6575058802,0.03479166425125735,-0.4526757163476707,0.132702514887754,0.978284930736999,2.446221848803604,0.00021390374331553552,502.6487846140679,0.5949543067449421,0.2622990003759756
101,ds101_time101_99.h5,0.003107839046152241,0,5750.0,0.00075,2.881426888716952,0.07694511191568743,7520.087340946627,1.0773098176839755,-0.46994092168604584,0.28963520627969175,0.9949866686785596,2.3336361090798956,0.00015971606033718388,602.8336598151669,0.6774932748760852,0.21364267730826836
101,ds101_time101_100.h5,0.003107839046152241,0,5750.0,0.001,2.7481211148746936,0.2059991965314507,12807.967235827005,0.6276569797922336,-0.46343236117319425,0.28112745479348217,0.9929479628505047,2.288541775766206,0.00015971606033718388,571.9952079262478,0.6774829372891189,0.2156754364953183
101,ds101_time101_101.h5,0.003107839046152241,0,5750.0,0.00125,2.816462590025387,0.22602002882719407,17716.974614268573,0.4252245503270934,-0.4580030918683903,0.25636799449113523,0.9869257491172411,2.3790304137866958,0.00015971606033718388,549.5860500941035,0.6759746795852547,0.21680143272402877
101,ds101_time101_102.h5,0.003107839046152241,0,5750.0,0.0015,2.7341595437550286,0.25315088942484487,18283.37918490618,0.4179628475649772,-0.4591812608508604,0.25619832831487804,0.9881673586148009,2.3935605717867006,0.00015971606033718388,553.3013813450962,0.6768443582546757,0.21692520733190224
101,ds101_time101_103.h5,0.003107839046152241,0,5750.0,0.00175,2.882492058004509,0.27701048353845614,24816.942028611615,0.2991164712561123,-0.45326523660916773,0.22999792982319636,0.9850979655013739,2.382988962694315,0.00015971606033718388,541.6982843938099,0.6766761994277923,0.2190886599354403
101,ds101_time101_104.h5,0.003107839046152241,0,5750.0,0.002,2.9652466925670447,0.2959875985854584,32789.80675678796,0.21623259234747874,-0.4485200898952629,0.18996343530662235,0.9771514051885027,2.385602062109769,0.0002129547471162452,537.3227877579561,0.6758863278234667,0.22215940352831226
101,ds101_time101_105.h5,0.003107839046152241,0,5750.0,0.0022500000000000003,2.9774924116368626,0.3130610739470401,32453.164182811415,0.181790772863355,-0.4485252136136627,0.19318576836123666,0.982911369709619,2.3999828603843083,0.0002129547471162452,535.6795741984512,0.675890308155978,0.22285865337051156
101,ds101_time101_106.h5,0.003107839046152241,0,5750.0,0.0025,3.0134243608860536,0.300718933762536,42320.74265253429,0.12913292989875955,-0.443471068052606,0.1650111688522134,0.9758713627819093,2.465543442935436,0.0002129547471162452,528.2839286552671,0.674220323022626,0.22561869322264308
101,ds101_time101_107.h5,0.003107839046152241,0,5750.0,0.00275,3.087477738101994,0.2991977100990185,54599.28698793272,0.0960009622299641,-0.4404324874130343,0.14012581303908195,0.975505355661333,2.424320412724075,0.0002129547471162452,527.4716006385086,0.675278350463003,0.23059805706012246
101,ds101_time101_108.h5,0.003107839046152241,0,5750.0,0.003,3.1653567665713185,0.31101039262278074,67731.15944709827,0.10205474168566782,-0.4356033198909604,0.11984849981308629,0.966530826499007,2.4607511264953916,0.0002129547471162452,520.4236948212114,0.6742204137570611,0.2356300212333991
101,ds101_time101_109.h5,0.003107839046152241,1,5750.0,0.0032500000000000003,3.2925272037482456,0.3081811976176999,67525.02865562474,0.05208216512855621,-0.4354800444673185,0.12381404097598862,0.9579851045946669,2.4149454022296255,0.0002129547471162452,520.3821373227622,0.6753708411341918,0.2369273659301962
101,ds101_time101_110.h5,0.003107839046152241,1,5750.0,0.0034999999999999996,3.364534469324739,0.31344146248367155,95385.29891464605,0.039600214890178495,-0.43187641884894606,0.11479117902549908,0.9592093967685201,2.7531439222935594,0.0002129547471162452,527.6259380146261,0.6765999682525253,0.241621613730447
101,ds101_time101_111.h5,0.003107839046152241,1,5750.0,0.00375,3.3370357783942155,0.323820110146695,122814.1115555168,0.04542498577638424,-0.4270865027246979,0.10713928554419681,0.9465656165524968,2.535017521200859,0.0002129547471162452,533.3461784182526,0.6760048019963806,0.24805723700989737
101,ds101_time101_112.h5,0.003107839046152241,1,5750.0,0.004,3.3931222583619824,0.3244753465986051,124196.6885110797,0.00032969442998252897,-0.427579730093397,0.11280528601008218,0.9334476224841601,2.715384331647749,0.0002129547471162452,532.0815875001376,0.6771933109498219,0.2483931360930177
101,ds101_time101_113.h5,0.003107839046152241,1,5750.0,0.00425,3.4824913237722144,0.31049375497271103,160826.41149134998,0.018713326471210424,-0.4226473598428075,0.10616704355674411,0.7655848438648658,2.632410557625073,0.0002129547471162452,531.6529909762241,0.6770825157979348,0.2548822850531122
101,ds101_time101_114.h5,0.003107839046152241,1,5750.0,0.0045000000000000005,3.4994727463524193,0.31663310708978,194066.69981451845,0.018326333730018372,-0.4194708662294742,0.11129357386355672,0.7340860322652313,2.8766674937321457,0.0002129547471162452,533.5511584068727,0.6759621439986268,0.26185584655080985
101,ds101_time101_115.h5,0.003107839046152241,1,5750.0,0.00475,3.54977251717933,0.31465576812045226,189854.8747884544,0.05942474397099646,-0.4193783471937877,0.1074423770547088,0.7351099814461981,2.8401070724541753,0.0002129547471162452,533.8989914897,0.6759628919167588,0.2618891714264108
101,ds101_time101_116.h5,0.003107839046152241,1,5750.0,0.005,3.5690756474464154,0.32274109265042983,228355.79447503868,0.00017621559857934532,-0.41566717880986565,0.11348561396880244,0.7302968433669501,2.979169410783148,0.0002129547471162452,532.0375476990343,0.6778926247211579,0.26988018404726777
101,ds101_time101_117.h5,0.003107839046152241,1,5750.0,0.00525,3.607013515974442,0.3106635452509595,260243.8068377743,-0.03074831612605886,-0.41256922496664394,0.11694314016812198,0.7389547315558612,2.8724638575268138,0.0002129547471162452,537.640589160591,0.677743845094336,0.2758558561898082
101,ds101_time101_118.h5,0.003107839046152241,1,5750.0,0.0055,3.578081673699531,0.33112309043005206,277229.74107940984,-0.021715770710610025,-0.4086678189344432,0.1420878859316599,0.713905510260265,2.859332585733071,0.005430346051464252,538.5342842385832,0.6842400627810971,0.2900809169308557
101,ds101_time101_119.h5,0.003107839046152241,1,5750.0,0.00575,3.5583506201052764,0.3160048807971758,291833.7103678901,-0.0008405061685711135,-0.4082257223536562,0.13831437924049447,0.7160671157898628,2.772608697595924,0.005430346051464252,535.7016916972663,0.6839228136932217,0.28994183257637035
101,ds101_time101_120.h5,0.002357896792636794,0,6000.0,0.00075,3.095909157645894,0.09258001506402058,8076.320522574942,0.9630286792848144,-0.4798911850427898,0.2489274429387601,0.9996531767551704,2.3348582075072004,0.00015957446808509412,621.8003897394022,0.5590092896066163,0.2785273832747319
101,ds101_time101_121.h5,0.002357896792636794,0,6000.0,0.001,2.939828792245418,0.23052058965786948,13748.789646409852,0.5490811086350725,-0.4742522987047575,0.23282283154305877,0.999640217812504,2.371273326912089,0.00015957446808509412,588.523711529062,0.5699330367937063,0.2785753801800833
101,ds101_time101_122.h5,0.002357896792636794,0,6000.0,0.00125,3.019195243300929,0.19658303001769206,13439.54251256007,0.5654833083519242,-0.47358125516871086,0.23730355107683976,0.9993310853594528,2.3145991474572485,0.00015957446808509412,585.6105695259363,0.5693987115182799,0.27869297833706186
101,ds101_time101_123.h5,0.002357896792636794,0,6000.0,0.0015,3.0482887510786196,0.27687447419109645,19909.859733044967,0.3647141619929677,-0.4680874215281387,0.20342326114467776,0.9992049096160532,2.37547667463318,0.00015957446808509412,568.8598314564725,0.5805117622398183,0.27948838993300024
101,ds101_time101_124.h5,0.002357896792636794,0,6000.0,0.00175,3.184329884060567,0.2709927630774356,25970.923101489272,0.20827143175869456,-0.46319514491728114,0.18236838042351233,0.9994736251086015,2.3679533039661673,0.00015957446808509412,554.8319112288441,0.5948184831283737,0.2811049595035681
101,ds101_time101_125.h5,0.002357896792636794,0,6000.0,0.002,3.3512174091062374,0.30091351875772654,25758.936295938693,0.22267316417042482,-0.4634251988331566,0.182638040828544,0.9992679512935155,2.4325669481993666,0.00015957446808509412,556.2795649496447,0.5946723873370227,0.28129044152478944
101,ds101_time101_126.h5,0.002357896792636794,0,6000.0,0.0022500000000000003,3.1927916740185442,0.29967239307161975,35811.903660891985,0.18963760100538443,-0.45795509308155735,0.16200231623557446,0.9992578978039882,2.3930729630513796,0.00021276595744679216,552.9450716536447,0.6153224037735318,0.2846464679499605
101,ds101_time101_127.h5,0.002357896792636794,1,6000.0,0.0025,2.9161325760266794,0.2837627960522515,54051.67606440035,-0.01455153448076873,-0.44760436342453297,0.22849195591743254,0.9813433705176804,2.490020015863978,0.0027127659574466,557.6624741317171,0.6898212503400691,0.31772805807863863
101,ds101_time101_128.h5,0.002357896792636794,1,6000.0,0.00275,2.839241333331678,0.27141896706947444,55840.554664104435,-0.05291965055226405,-0.4477644630189093,0.24065647785844405,0.975102327699565,2.6195253123356106,0.0027127659574466,559.0388545152374,0.6896273495888579,0.3170958404858131
101,ds101_time101_129.h5,0.001526993517058382,0,6250.0,0.00075,2.8866290014181373,0.13386770969723716,8201.44132739255,0.806217895310079,-0.4910310277947661,0.20518340603137722,0.9997360949677268,2.336283617784394,0.000160000000000049,639.2564771070606,0.4880134941989519,0.28173330685168724
101,ds101_time101_130.h5,0.001526993517058382,0,6250.0,0.001,3.0005775998908177,0.21228168044672624,14993.41870698593,0.4565427657506928,-0.4847723518081034,0.18687915277538306,0.999679452729517,2.4960908730245883,0.000160000000000049,608.3893665380078,0.5069500551588093,0.28276082776413813
101,ds101_time101_131.h5,0.001526993517058382,0,6250.0,0.00125,2.917123284702433,0.21017768932583403,15561.358598915343,0.4571679653979619,-0.48514583901278574,0.1896785357667968,0.9995055549862981,2.39531299430778,0.000160000000000049,614.4217078837645,0.509338460370958,0.28249318987977123
101,ds101_time101_132.h5,0.001526993517058382,0,6250.0,0.0015,2.8912888061583035,0.2583407042314627,23777.849151539704,0.20746461192211194,-0.47805057496033804,0.18980970475714345,0.9733520359549823,2.474547588297781,0.000160000000000049,598.6021570425534,0.602296768710844,0.2921768041329145
101,ds101_time101_133.h5,0.001526993517058382,1,6250.0,0.00175,2.2886360204194003,0.09257576233185794,168881.79763053267,-0.6103096231613809,-0.41924150926492126,0.5106907725159379,0.9982599090963316,3.747405886863824,0.0026133333333341335,739.8283382184957,0.7310647433285392,0.3140041668470201
101,ds101_time101_134.h5,0.0011728608256836666,0,6500.0,0.00075,2.7021286929139445,0.06604933896500365,9826.19277291013,1.0823476499505533,-0.4662585063422627,0.20346041248656488,0.9997812532837732,2.3662536634721425,0.00016100178890875172,662.6653758964685,0.46593408981565254,0.2683182951562995
101,ds101_time101_135.h5,0.0011728608256836666,0,6500.0,0.001,2.651980713688981,0.07220763719009393,10060.876071852626,1.011956657299716,-0.4666662896238817,0.20077337331432274,0.9998606163633376,2.4003892160243065,0.00016100178890875172,666.8232043253706,0.4656342637883456,0.26836973059461106
101,ds101_time101_136.h5,0.0011728608256836666,1,6500.0,0.00125,2.8495580023424183,0.18795822649123606,18463.194906794095,0.5177902180353086,-0.45919574049205497,0.19471267164151496,0.999622845038632,2.367810103339653,0.00016100178890875172,634.5069943829133,0.5604734562396243,0.2753322353169183
101,ds101_time101_137.h5,0.0011728608256836666,1,6500.0,0.0015,2.2514024636794243,0.08335806603001972,136247.10029996917,-0.5445776664652575,-0.392258232268972,0.5959986859700332,0.9978815744486869,3.8030724610252733,0.006762075134167571,807.8760387559704,0.7386510870391401,0.29449532995029165
101,ds101_time101_138.h5,0.0010074849058967768,0,6750.0,0.00075,2.6264316959137,0.09839164535835132,9486.702495300571,0.840609743620512,-0.4920097076920317,0.15605399211386148,0.9996697013371568,2.3717161457624827,0.00015873015873016372,677.608363866462,0.44349420033288267,0.2786965612163056
101,ds101_time101_139.h5,0.0010074849058967768,0,6750.0,0.001,2.7192908951683616,0.09326285468192119,9235.735738405365,0.8498695909314676,-0.4915871585030469,0.15868955347568606,0.999636967781383,2.2675626427962987,0.00015873015873016372,676.5807682298198,0.44388876958608403,0.2789808720213623
101,ds101_time101_140.h5,0.0010074849058967768,1,6750.0,0.00125,2.3611091070674313,0.09540086403208403,45952.18527764451,-0.322371874668195,-0.45065090860007656,0.4450496785491634,0.998390976199292,3.293771004573906,0.013227513227513643,750.218109840422,0.7081774125740854,0.31889015209949745
101,ds101_time101_141.h5,0.0010074849058967768,1,6750.0,0.0015,2.206900310750128,0.050989361027204305,269502.4411380703,-0.2658071253865249,-0.3830251995316985,0.6770549802195058,0.9977977292541432,4.840719102597265,0.015767195767196263,965.6716928406337,0.7319833359455507,0.27511954870542543
101,ds101_time101_142.h5,0.0009378617226911525,0,7000.0,0.00075,2.5881941614678317,0.026784827928728827,11602.706139602695,1.086927459464424,-0.46545514192752907,0.14318109682379326,0.9997900824188138,2.369591249274153,0.0001071428571428612,702.3177570426989,0.4451219850291425,0.265131197005816
101,ds101_time101_143.h5,0.0009378617226911525,1,7000.0,0.001,2.5642708279000677,0.03393602920342076,11913.083861820205,1.0961256172629967,-0.4663631861504995,0.14528661703910387,0.9996245900298323,2.436215414955997,0.0001071428571428612,702.3090502028048,0.44546217176099034,0.26460223936127225
101,ds101_time101_144.h5,0.0009378617226911525,1,7000.0,0.00125,2.368026231288705,0.09805299707262516,72081.18120595762,-0.3145058782712006,-0.4125040647852232,0.49104585174674825,0.9983786630676427,3.587375034498609,0.006535714285714533,801.9357156757015,0.710004900918688,0.2987961136087044
101,ds101_time101_145.h5,0.0009378617226911525,1,7000.0,0.0015,2.4199827376233642,0.09366044298933063,74326.71227745982,-0.31110277374108974,-0.41292646860660304,0.4921372337208477,0.9984131340188973,3.5479357563013876,0.006535714285714533,811.4549102028535,0.7098565628083644,0.2987720870605809
101,ds101_time101_146.h5,0.000928347121716736,0,7250.0,0.00075,2.5360831687419387,0.015535772290615979,12385.72376871526,1.1238775813024653,-0.451021327735539,0.14271883181243145,0.9996445357154122,2.3860260980899626,0.000106100795755959,725.6204007646926,0.4402080210716998,0.2568872093979251
101,ds101_time101_147.h5,0.000928347121716736,1,7250.0,0.001,2.458852229591546,0.013229485952799713,12657.561455376184,1.1349525312732285,-0.4515169693043684,0.14878003199126572,0.9997280741407711,2.3824453065418183,0.000106100795755959,725.8370678912922,0.4406029961368332,0.2566275292066659
101,ds101_time101_148.h5,0.000928347121716736,1,7250.0,0.00125,2.530327248830581,0.0751143594293393,54431.4908079187,-0.19052213362079104,-0.40737364640707646,0.42193345145361894,0.9983275484798264,3.3336982810552085,0.0040318302387264415,802.2255546814152,0.6408938754728994,0.2769583175074507
101,ds101_time101_149.h5,0.000928347121716736,1,7250.0,0.0015,2.5368761918819365,0.08490224810340274,54325.26439041412,-0.17696268012330343,-0.4075299302203007,0.42900086479486893,0.9983856306910726,3.2568166235581026,0.0040318302387264415,797.3426389471857,0.6416845015299887,0.2762204891002628
101,ds101_time101_150.h5,0.0009652500864210482,0,7500.0,0.00075,2.4436491398776385,0.026454574659367847,12074.41529226474,0.9893684345019483,-0.48122623974676104,0.11800300575388553,0.9989655456106065,2.4167664392402317,0.0001052631578947194,733.6063660122717,0.44633052167488696,0.26952264451775987
101,ds101_time101_151.h5,0.0009652500864210482,1,7500.0,0.001,2.4196265583029235,0.05915887801204511,12104.156487580081,0.9822120064518663,-0.48060674217647364,0.1178911403571624,0.9988911384015735,2.3245112729498656,0.0001052631578947194,732.8087585589095,0.4460982742239663,0.26920301067946534
101,ds101_time101_152.h5,0.0009652500864210482,1,7500.0,0.00125,2.627571791534546,0.12192561697717719,52206.034713067376,-0.18769285608641925,-0.43734924131837444,0.38860461288232623,0.9987006353518821,3.382403333645315,0.007894736842103955,814.9441508075116,0.5853179233560843,0.2807023164399284
101,ds101_time101_153.h5,0.0009652500864210482,1,7500.0,0.0015,2.65729417574122,0.10323154182384142,53301.78315912621,-0.12195384497747616,-0.4376453095681541,0.3852563090191999,0.9991113932921958,3.4293586324202754,0.007894736842103955,817.6278639764,0.585378382954657,0.2805934308468138
101,ds101_time101_154.h5,0.0010455033077451815,0,7750.0,0.00075,2.5013390841200582,0.06642286794652619,10277.914021520843,0.8489162190586603,-0.49495200649666016,0.09491563177281813,0.9977345150017791,2.2826509738047065,0.000161290322580665,739.3957963456058,0.47659845648899524,0.27678144444395636
101,ds101_time101_155.h5,0.0010455033077451815,0,7750.0,0.001,2.502688821235618,0.04594034046651485,10513.31805573895,0.8847674194485244,-0.4945373869985402,0.09607912954662663,0.9978477097719994,2.344398754541436,0.000161290322580665,738.2734541963681,0.4768798757688067,0.27625711340841297
101,ds101_time101_156.h5,0.0010455033077451815,1,7750.0,0.00125,2.753608271992088,0.13917837631476537,37282.68385184597,-0.1427059953361862,-0.4601402496386811,0.303946072467513,0.9967830979606689,3.1414304482554565,0.007849462365592363,806.020969831608,0.6409591916893247,0.2908611428164733
101,ds101_time101_157.h5,0.0010455033077451815,1,7750.0,0.0015,2.7419020706646684,0.13672057541009952,38134.7385472077,-0.14939679040923096,-0.4594209542461317,0.3177075318985822,0.9975245843017757,3.457825227807953,0.007849462365592363,807.522903872921,0.6417541891129175,0.2904051432894255
101,ds101_time101_158.h5,0.001172768920565911,0,8000.0,0.00075,3.075469267183361,0.05137310379307891,14205.638181385295,0.9184317237601625,-0.47954836253308153,0.08951595312127887,0.9995577980202797,2.6022128499958477,0.0001071428571428612,773.2997954540892,0.5041038987392207,0.2676013716558681
101,ds101_time101_159.h5,0.001172768920565911,0,8000.0,0.001,3.1491054875156146,0.04027774965359243,14105.919630936318,0.9084702865845743,-0.47944880217849434,0.0874370519030192,0.9995740968877873,2.3680253078267177,0.0001071428571428612,764.9840584725176,0.5041314095105633,0.2675743848431669
101,ds101_time101_160.h5,0.001172768920565911,1,8000.0,0.00125,2.6983933024032396,0.14092069895998383,40457.812249015784,-0.01987890394688004,-0.45349283214484604,0.2115300263419509,0.9986003687334236,2.8076509950027546,0.0038571428571430033,778.2422885346675,0.6812959564429626,0.2970756455897582
101,ds101_time101_161.h5,0.001172768920565911,1,8000.0,0.0015,2.6549196918931375,0.13519062124447823,37914.4809314592,0.027348744869280572,-0.4532795506403407,0.21494711326904334,0.9987741808280398,2.8248893080488853,0.0038571428571430033,783.806336807716,0.681849908251673,0.29658377606751835
101,ds101_time101_162.h5,0.0013563180447138368,0,8250.0,0.00075,8.626902740278313,0.1283774764253962,6063.790804504071,2.304803628991387,-0.47487689608668077,0.09686966059702039,0.9999731333295062,2.334971265068459,0.00010695187165776776,920.1955480669675,0.5446017498857143,0.2598177908392467
101,ds101_time101_163.h5,0.0013563180447138368,0,8250.0,0.001,3.912698692988072,0.03159147152363384,15219.832007468098,0.967593084972023,-0.46228523685383965,0.08910731117828828,0.9999544970117162,2.3691570085565337,0.00010695187165776776,797.4759440702553,0.544520049052096,0.25689952580284586
101,ds101_time101_164.h5,0.0013563180447138368,0,8250.0,0.00125,3.8170919566888055,0.02562037574494025,15619.990300649715,0.9224560245413517,-0.4629723187080565,0.08917120881920347,0.9999511537889411,2.3688502019418207,0.00010695187165776776,796.3335994839501,0.5447359581529425,0.2583320221305496
101,ds101_time101_165.h5,0.0013563180447138368,1,8250.0,0.0015,2.8981329964237275,0.19020937643072866,28777.38649879286,0.41297024005063193,-0.4525958881357956,0.10041988581120963,0.999947246324469,2.714498376394534,0.00010695187165776776,757.7803937379581,0.6190738755052919,0.2714046580438458
101,ds101_time101_166.h5,0.0013563180447138368,1,8250.0,0.00175,2.9007117158562523,0.16831557400784858,30745.43264868673,0.4493064982494977,-0.4525635652921637,0.09904484711882776,0.999918422048229,2.53316053817899,0.00010695187165776776,759.4619942189494,0.6196861444778845,0.2715924984046066
101,ds101_time101_167.h5,0.001611052295915003,0,8500.0,0.00075,12.708791536538913,0.10434582548870552,5659.856862805852,2.470702083595246,-0.4579071336035606,0.09429967772306204,0.999970261439047,2.441150704044617,0.00010695187165776776,960.3727835609874,0.6256659794871656,0.24877811177029086
101,ds101_time101_168.h5,0.001611052295915003,0,8500.0,0.001,4.63236786481552,0.02782197907382722,18547.731358329504,1.0290546766405289,-0.44514359314836377,0.08697530944654581,0.9999563602132597,2.451437593666705,0.00010695187165776776,830.1392515615166,0.6178732073223545,0.24572296081696007
101,ds101_time101_169.h5,0.001611052295915003,0,8500.0,0.00125,4.6710403614088385,-0.00864837688171316,17974.72308420934,1.0496300867298012,-0.4458401865588204,0.09276047855264595,0.9999749519961452,2.464327450862054,0.00010695187165776776,823.8334713663621,0.6207863691280917,0.24688707718439437
101,ds101_time101_170.h5,0.001611052295915003,0,8500.0,0.0015,3.3629066500737017,0.18512051523235962,32815.266657911205,0.5626414086955808,-0.4368658060333903,0.08057782731182285,0.9999548750803012,2.5262601519905763,0.00010695187165776776,780.8943163816037,0.6192121032498055,0.2487253008993559
101,ds101_time101_171.h5,0.001611052295915003,1,8500.0,0.00175,3.227509122842365,0.17570618832720508,32009.50273889162,0.5445284222151282,-0.43654828668271717,0.08131574978346079,0.9999500693026598,2.5849468425074256,0.00010695187165776776,780.7098188247257,0.6198613456480518,0.24862851400754354
101,ds101_time101_172.h5,0.001611052295915003,1,8500.0,0.002,2.5346845176747808,0.19944293301699356,61844.50667974553,0.049418009607702304,-0.41657478727668723,0.14648605061685546,0.9979431789274192,2.7018819690923066,0.00010695187165776776,785.0610136887923,0.7493984130520444,0.2946039594219799
101,ds101_time101_173.h5,0.001611052295915003,1,8500.0,0.0022500000000000003,2.501257178365774,0.19351872082565147,57955.038672980576,0.05373493003479076,-0.4174624023365331,0.15301565276870083,0.9982714519386267,2.7841547775034585,0.00010695187165776776,783.1386256009966,0.7488312272033075,0.2946399149226052
101,ds101_time101_174.h5,0.0019576976333142678,0,8750.0,0.00075,12.499175218687087,0.11825807722091763,5873.415346230455,2.0803772830101126,-0.48989537119569065,0.015801932859675467,0.9999221463890369,2.3152358978816596,0.0001071428571428612,951.2493039470706,0.7340251887051692,0.25597960493009786
101,ds101_time101_175.h5,0.0019576976333142678,0,8750.0,0.001,5.103299352755412,0.04960842173048041,26448.31013992394,0.8163480750078488,-0.47825582267910904,0.007180872752954947,0.9998198996232608,2.356702850751022,0.0001071428571428612,827.3599544276699,0.7126479725413033,0.2566967645192092
101,ds101_time101_176.h5,0.0019576976333142678,0,8750.0,0.00125,5.05993225140369,0.06377980795584959,26608.29821669287,0.8069148257663783,-0.4787933029430712,0.0070137304028425615,0.9998905195388884,2.4698366352875345,0.0001071428571428612,827.9371492648229,0.7074715887939683,0.25644068941555753
101,ds101_time101_177.h5,0.0019576976333142678,0,8750.0,0.0015,3.4372782116216833,0.20115123411181823,38403.37106522866,0.4647180407540727,-0.4694133535224444,0.008112129978170348,0.9997091573232105,2.607660991492034,0.0001071428571428612,788.5728021100422,0.6959984443354913,0.26275896375805025
101,ds101_time101_178.h5,0.0019576976333142678,0,8750.0,0.00175,3.2673123978690812,0.19940688920198024,38692.55625901012,0.41057539580573216,-0.46900575058136146,0.007454502052443374,0.9998081482502874,2.4985266089065252,0.0001071428571428612,788.9625689024683,0.6938750986037668,0.2619633490695151
101,ds101_time101_179.h5,0.0019576976333142678,1,8750.0,0.002,3.005475692980081,0.24250620641236753,42707.85824208602,0.17685089583870753,-0.4605698840108157,0.025554972637564385,0.9876273838251057,2.827391450218016,0.0001071428571428612,777.5067550670569,0.7264401612531519,0.29749554276811246
101,ds101_time101_180.h5,0.0019576976333142678,1,8750.0,0.0022500000000000003,2.966629967275084,0.25065692552571495,42696.582949098694,0.1856392854722232,-0.4599538146755699,0.02578869938578411,0.9917465827737523,2.615677682635949,0.0001071428571428612,775.5862843481967,0.7260348243444219,0.2973262784310781
101,ds101_time101_181.h5,0.0021264702080796413,0,9000.0,0.00075,10.23305745499879,0.11312563696166666,5832.117475532015,2.1838361815551965,-0.4728373963159091,0.08033437318962428,0.9992495602092005,2.3481993948007585,0.00010752688172044333,978.7425383385298,0.9093840610876105,0.23625655341877516
101,ds101_time101_182.h5,0.0021264702080796413,0,9000.0,0.001,4.372403200806548,0.02746303214997292,19826.270652032916,0.8800002700669153,-0.4603347647864166,0.07564857965521606,0.9997219890528748,2.630887491642332,0.00010752688172044333,848.624148369546,0.8557787527961014,0.24504637655331618
101,ds101_time101_183.h5,0.0021264702080796413,0,9000.0,0.00125,4.336224693964994,0.03801571837768902,19622.64333892225,0.8782855666354027,-0.4608252816567666,0.0753246828193564,0.9994174977422319,2.467442116961779,0.00010752688172044333,852.4827381027845,0.8555131929608085,0.2453051219091312
101,ds101_time101_184.h5,0.0021264702080796413,0,9000.0,0.0015,3.2814737789977655,0.17552243866689854,35016.536706449544,0.4524338784043433,-0.4508143721712216,0.07027290459179614,0.9992833546823069,2.539998873235526,0.00010752688172044333,810.6370028921963,0.7858351521952424,0.2615962715601264
101,ds101_time101_185.h5,0.0021264702080796413,0,9000.0,0.00175,3.112035113514453,0.1719359732046566,35019.03857252874,0.41817909596857944,-0.4511697634201438,0.0724002368880376,0.9987892444140449,2.5664792030175123,0.00010752688172044333,804.6630969047158,0.7905250552491411,0.2619146938210325
101,ds101_time101_186.h5,0.0021264702080796413,0,9000.0,0.002,2.8960375907021305,0.24079811132391482,56183.79936786748,0.14048848879147458,-0.4369575513138301,0.08447983532651938,0.9946903741303451,2.806421650024562,0.00010752688172044333,789.4927061961824,0.6018966775333402,0.28251067324466433
101,ds101_time101_187.h5,0.0021264702080796413,1,9000.0,0.0022500000000000003,2.938193974575563,0.22497220000285467,57995.587566442,0.15036188413060972,-0.43724207680998456,0.08416705317148088,0.9943843584932028,2.7587631235286914,0.00010752688172044333,789.572954350431,0.6022830284357619,0.28136382911930313
101,ds101_time101_188.h5,0.0018991745803036183,0,9250.0,0.00075,6.615108249036484,0.13178532359642103,6644.430646860159,1.8885773544983728,-0.5067675623200687,0.06584003598235492,0.9994501970909314,2.3784061698657673,0.00010810810810812922,976.6661773832046,0.7815455353270171,0.25818668743031764
101,ds101_time101_189.h5,0.0018991745803036183,0,9250.0,0.001,3.1732822494583584,0.08533147280294973,17754.58161738231,0.6948951876199458,-0.4944890625492794,0.06442980751539629,0.9997236222275149,2.530318716791889,0.00010810810810812922,847.7467571785575,0.7445962200116757,0.26613949772841383
101,ds101_time101_190.h5,0.0018991745803036183,0,9250.0,0.00125,3.1340471648787296,0.06661102977765165,18691.53782102459,0.6605457696181851,-0.49560636705264466,0.06397439329319028,0.9994767302610804,2.488078867157148,0.00010810810810812922,859.125342456778,0.7471041490946208,0.26422543751436
101,ds101_time101_191.h5,0.0018991745803036183,0,9250.0,0.0015,3.0323547669519137,0.22574514309839788,32284.797437757923,0.3471553052097098,-0.4856528826934706,0.06465155462008232,0.999384202080745,2.5216494161706637,0.00010810810810812922,813.4885020417591,0.6944256488755304,0.2997169866916322
101,ds101_time101_192.h5,0.0018991745803036183,0,9250.0,0.00175,2.8858335407556894,0.21663692700787252,32557.162803087158,0.2933737543915327,-0.4843676727110953,0.06197364403931764,0.9995611298346694,2.6292284407926845,0.00010810810810812922,811.2034940954572,0.6912806565258225,0.3001250922805255
101,ds101_time101_193.h5,0.0017318469548263595,0,9500.0,0.00075,4.378903843044933,0.11929422881256047,6404.702467463978,1.8845814254132836,-0.5068296075205073,0.06496037188088673,0.9995634002226979,2.3170901814465146,0.0001052631578947194,986.0933008297301,0.6706272068644958,0.27064773834129024
101,ds101_time101_194.h5,0.0017318469548263595,0,9500.0,0.001,2.6683652638244637,0.05589573269395709,17478.41328898431,0.7495424079726558,-0.4945467014178206,0.06272151550761247,0.9996539821285806,2.440432839863729,0.0001052631578947194,875.551312452181,0.6555313247894711,0.2747536457818275
101,ds101_time101_195.h5,0.0017318469548263595,0,9500.0,0.00125,2.6018837525417995,0.06215238182343641,17169.8307487607,0.6660641703705383,-0.494996412355484,0.0638394024628397,0.9994586094758734,2.4407947454574197,0.0001052631578947194,873.5946552860476,0.6541533654757544,0.27641212429898004
101,ds101_time101_196.h5,0.0017318469548263595,0,9500.0,0.0015,2.816159059826961,0.19293737508635167,36478.38562198072,0.33569264381771424,-0.48460757736505006,0.06260231364409552,0.9996481039516382,2.624388589845693,0.0001052631578947194,838.6596620786654,0.634671138889617,0.3151437534126729
101,ds101_time101_197.h5,0.0017318469548263595,1,9500.0,0.00175,2.820018156204323,0.20063300162102404,35767.75969308447,0.3801553847935302,-0.4847548575177073,0.06088826060928112,0.9997265876844953,2.754661328862632,0.0001052631578947194,841.3979030006273,0.6346824276016679,0.3135413272307518
101,ds101_time101_198.h5,0.0017318469548263595,1,9500.0,0.002,2.830465449592228,0.2142831182920617,35254.391312017324,0.30965492069556244,-0.4851591914692837,0.06442006292921804,0.9996535006292463,2.6525550448843145,0.0001052631578947194,840.0869291124234,0.6350227466025576,0.3166278326947721
101,ds101_time101_199.h5,0.0017318469548263595,1,9500.0,0.0022500000000000003,3.172249895382034,0.05806703214923581,187036.06774412474,-0.6634946763945737,-0.42369028092864286,0.2719740781122362,0.9980640164615867,3.6124689530774567,0.006157894736841085,898.089179544069,0.5577006805566381,0.26055895832163944
101,ds101_time101_200.h5,0.0017318469548263595,1,9500.0,0.0025,3.12814339588186,0.06423936209376158,183530.3903591414,-0.6232207492961683,-0.42439827811385766,0.2702547714420363,0.9972653460747966,3.7071644858458717,0.006157894736841085,900.1859009348909,0.5570175266667279,0.2608421357518139
101,ds101_time101_201.h5,0.0016060469887771382,0,9750.0,0.00075,3.0801930690068615,0.11459532152419616,6433.886857369442,2.0829207130901284,-0.4907395643443442,0.06952803503137531,0.9997247927010046,2.2830257199440616,0.000106100795755959,1033.6134374399062,0.6508550717590912,0.2688918010748835
101,ds101_time101_202.h5,0.0016060469887771382,0,9750.0,0.001,2.4454668916222415,0.03660279980467762,21046.062609805173,0.7846317879891646,-0.47709854896961185,0.06793743603847226,0.999794929652969,2.4651743147508554,0.000106100795755959,900.8115322821633,0.6435702477514872,0.2752290061058523
101,ds101_time101_203.h5,0.0016060469887771382,0,9750.0,0.00125,2.5021523185032963,0.04114930690842389,20747.7946229532,0.8008638644514972,-0.47750824217273824,0.06775745128698407,0.9998084164668803,2.383088150822299,0.000106100795755959,898.2751005782935,0.6445900097646726,0.2760102374790243
101,ds101_time101_204.h5,0.0016060469887771382,0,9750.0,0.0015,2.7190455058870078,0.14963384286484116,43385.940260543124,0.2805831785036217,-0.4622546194040028,0.08681179014325358,0.9996650183905911,2.840778222478435,0.000106100795755959,864.238450860665,0.6020666298777534,0.32764407565252734
101,ds101_time101_205.h5,0.0016060469887771382,1,9750.0,0.00175,2.8265602964530587,0.14980608704215004,44680.36897037549,0.25366665164711377,-0.46201903695952135,0.0838874306957198,0.9993829484975937,2.647396181949057,0.000106100795755959,863.2723418813745,0.6010919864929839,0.3268696450859762
101,ds101_time101_206.h5,0.001510111957176642,0,10000.0,0.00075,2.365447517703089,0.09045165853358816,7488.6110839695,2.2081069983156296,-0.4723169297718196,0.08436930223793977,0.9996602403904533,2.3845891192725244,0.0001071428571428612,1071.192369698356,0.6556839166105354,0.26009547320580384
101,ds101_time101_207.h5,0.001510111957176642,0,10000.0,0.001,2.3890009955502265,-0.03440870040292543,27860.710213844966,0.9932407842254908,-0.45819201652453484,0.06501136232404583,0.9997091016762064,2.378920875196582,0.0001071428571428612,918.4359119272038,0.6515055823896018,0.2647162621792471
101,ds101_time101_208.h5,0.001510111957176642,0,10000.0,0.00125,2.395840271179928,-0.010484150603536246,27425.508177763266,0.9735639607921941,-0.4580541440196509,0.06533077947811938,0.9997013112116251,2.384809075891289,0.0001071428571428612,921.7117007696493,0.6520637269952144,0.2646334121200526
101,ds101_time101_209.h5,0.001510111957176642,0,10000.0,0.0015,2.4108580916019067,-0.010023584618689574,28914.70855995537,0.9505984544465157,-0.45898725464147255,0.06552139004776095,0.9996956952711238,2.389347678969467,0.0001071428571428612,917.6826896930353,0.6525779787156145,0.2637475661766729
101,ds101_time101_210.h5,0.001510111957176642,1,10000.0,0.00175,2.8400820702551854,0.06942667929063284,83466.32940406572,-0.03594440634595916,-0.43124319756240376,0.16444250796773902,0.9998132262752051,2.784953601640736,0.0001071428571428612,891.2105641810832,0.6014669818070003,0.3103294091670195
101,ds101_time101_211.h5,0.001510111957176642,1,10000.0,0.002,2.8512213857854505,0.0808394265197061,80746.4530572111,0.018328092136024404,-0.43159744055314075,0.16512416116541132,0.9997630680511702,2.7708596703177433,0.0001071428571428612,890.4670788774905,0.6015045980048803,0.3106988913238906
101,ds101_time101_212.h5,0.0014363821840486495,0,10250.0,0.00075,2.187922771415828,0.10921439549851653,6712.381563172617,1.7461461487452823,-0.509709535039914,0.07067129522707269,0.9998635885609597,2.292401950146288,0.00010840108401083404,1049.7404838026544,0.6702426805000652,0.28166087844433996
101,ds101_time101_213.h5,0.0014363821840486495,0,10250.0,0.001,2.253185777391189,0.03352769597002658,21761.025037564417,0.6653446961436325,-0.4956513489007773,0.06915149887858589,0.9998788297141465,2.341007743800616,0.00010840108401083404,921.1161862082942,0.66689039750659,0.2864161310969389
101,ds101_time101_214.h5,0.0014363821840486495,0,10250.0,0.00125,2.31951348084445,0.05978313413992353,21754.410220143174,0.6731896280319836,-0.4967269154163139,0.07056315451418901,0.9997787521102476,2.2826028204396094,0.00010840108401083404,918.8535052652556,0.6672634716393598,0.2849309127171488
101,ds101_time101_215.h5,0.0014363821840486495,1,10250.0,0.0015,2.316753043286926,0.05081990532511527,22184.813992455594,0.7140475616420117,-0.4962073068278295,0.0707575437159563,0.9998168312629627,2.396694037500082,0.00010840108401083404,916.867779804554,0.6671807582993896,0.2866009790348047
101,ds101_time101_216.h5,0.0014363821840486495,1,10250.0,0.00175,2.8251177761509045,0.0203846675459618,157377.23705266794,-0.6200864907992139,-0.4277511851160409,0.29938716216424066,0.9974726204162114,3.944571658988446,0.005962059620595872,980.2130858500909,0.6002466559217913,0.29610340182663236
101,ds101_time101_217.h5,0.0014363821840486495,1,10250.0,0.002,2.7761115949040804,-0.006715441494064889,160541.8455482093,-0.6211740691543807,-0.4286250993694101,0.3002159968537182,0.9981836525748123,3.9001540719228416,0.005962059620595872,976.202756140561,0.6003517141175195,0.29611260460103883
101,ds101_time101_218.h5,0.0013796162161158758,0,10500.0,0.00075,2.17306253706817,0.11343353698071845,6465.068371241731,1.7769434917856397,-0.509943978087863,0.07080010171656034,0.999906670633072,2.2942832717300963,0.00010582010582010914,1074.8579136651574,0.6653041945285432,0.28209817154739775
101,ds101_time101_219.h5,0.0013796162161158758,0,10500.0,0.001,2.3555547819042726,0.02913428705712029,22065.422789974833,0.6825109292001161,-0.4966538067206264,0.07004314737749308,0.9998948144380537,2.3919066445593744,0.00010582010582010914,944.6454604002586,0.6637502328136854,0.285601318705578
101,ds101_time101_220.h5,0.0013796162161158758,0,10500.0,0.00125,2.29800237111812,0.03771730341811219,20997.48365490552,0.6817360755843805,-0.49666875699406626,0.07003127975785854,0.9998665729060413,2.2994892428008114,0.00010582010582010914,939.7187037354495,0.6639205054612147,0.2850939677002947
101,ds101_time101_221.h5,0.0013361331570842052,0,10750.0,0.00075,2.099576467264307,0.09765368899712756,5726.68309271186,1.9859489676317015,-0.4916489937971894,0.07944766203740583,0.9999010802638979,2.2986634742171894,0.00010733452593917712,1102.6196928108873,0.6945788730085585,0.27207581327061425
101,ds101_time101_222.h5,0.0013361331570842052,0,10750.0,0.001,2.1654414188613735,-0.037466380706429714,27142.1411548119,0.8373052160316083,-0.47707126464019217,0.08136341422909048,0.9997424375533369,2.369212198305691,0.00010733452593917712,970.1916446700295,0.6938829511518226,0.2748835730520675
101,ds101_time101_223.h5,0.0013361331570842052,0,10750.0,0.00125,2.1772332091738935,-0.016535887027171903,28083.246221250818,0.7654296439404095,-0.4765540672537317,0.08436885216964178,0.9998430329248321,2.387152678042629,0.00010733452593917712,968.0011768942776,0.6938602372117892,0.2748638659557507
101,ds101_time101_224.h5,0.0013032839077520304,0,11000.0,0.00075,2.0490949902376476,0.1151153365988089,5752.725903981698,1.9411840760346204,-0.4908447905079813,0.07748850327472483,0.9995445451279064,2.2994447107099383,0.00010489510489508636,1128.6750257535514,0.6928777025652582,0.2718447866997022
101,ds101_time101_225.h5,0.0013032839077520304,0,11000.0,0.001,2.062175177917994,-0.058879978368374664,27674.404756989374,0.7981535054987218,-0.4762473297073496,0.08158123828907779,0.9996158087136,2.3403482870430583,0.00010489510489508636,982.2603855088731,0.6921826227711739,0.2730173409958322
101,ds101_time101_226.h5,0.0013032839077520304,0,11000.0,0.00125,2.0402105955995995,-0.06079831871158814,27287.630449394932,0.817651892201555,-0.47642564701142315,0.08361570457010865,0.9996596150040816,2.4090123126285086,0.00010489510489508636,978.3222913047964,0.6920268531077888,0.27301200633351497
101,ds101_time101_227.h5,0.001279117074195102,0,11250.0,0.00075,1.9408636802411985,0.09855140066634838,9010.155979137964,2.2305479016244543,-0.47156401576286155,0.094564809880365,0.9988391585767935,2.3605124376358746,5.3333333333335786e-05,1171.4484347500374,0.7278387219928762,0.2591678099796638
101,ds101_time101_228.h5,0.001279117074195102,0,11250.0,0.001,1.963676809717032,0.06098975934917705,9002.268778334406,2.1668147871058276,-0.4716632145834652,0.09166638844914908,0.9985796511642357,2.3835011257844516,5.3333333333335786e-05,1161.7590608560313,0.7278143865935945,0.2596451312757015
101,ds101_time101_229.h5,0.001279117074195102,0,11250.0,0.00125,2.002327499451626,-0.08197341769440403,30556.804120849938,0.9166573156581459,-0.45720571041483865,0.09674532893204298,0.9987737781125222,2.42114086841405,5.3333333333335786e-05,1006.044470427535,0.7277561421175226,0.2587129083749076
101,ds101_time101_230.h5,0.001279117074195102,1,11250.0,0.0015,1.9701146056251433,-0.12875931149095088,31199.545307010332,0.9187875713995475,-0.4573634649062736,0.09823257286920548,0.9986792423905384,2.375896464050166,5.3333333333335786e-05,999.9190598652218,0.7277944041061981,0.2594496931321577
101,ds101_time101_231.h5,0.0012621690582215737,0,11500.0,0.00075,1.9360166269386,0.06803951594066104,10753.28455228302,1.684905223974939,-0.514906303156322,0.1497079928188927,0.999383224710019,2.320830023089744,0.00010869565217391797,1139.2093676974641,0.7686436902455018,0.2812901362329338
101,ds101_time101_232.h5,0.0012621690582215737,0,11500.0,0.001,1.9464564116277994,0.1077204341979292,10460.557214606786,1.637474505556812,-0.5157247066090551,0.14614660581681388,0.999450048275029,2.3120184038416607,0.00010869565217391797,1142.2512636104111,0.7685867837354637,0.2821769839058025
101,ds101_time101_233.h5,0.0012621690582215737,0,11500.0,0.00125,1.9783239166996545,-0.025780218846210845,35159.97932775748,0.1667254707087552,-0.48861185768174437,0.22154672975884837,0.9993125310395342,2.6611298230516782,0.00010869565217391797,1026.2722302523575,0.7668175966909391,0.28363049600823764
101,ds101_time101_234.h5,0.0012621690582215737,1,11500.0,0.0015,1.96115291542303,-0.06630488967529957,36457.91798079328,0.13512001368881385,-0.4893722519301549,0.21390556226028393,0.9990968478115929,2.6704258095114968,0.00010869565217391797,1021.4879661668001,0.7665813012568191,0.28383372309816457
101,ds101_time101_235.h5,0.001251333767426349,0,11750.0,0.00075,2.1228567622316343,0.08755282749749016,10655.590096248197,1.6116325925385726,-0.514036746905806,0.1521027135537889,0.9999325390694752,2.272307328635372,0.00010638297872339608,1160.3640589719269,0.7689938090493034,0.2807499194305724
101,ds101_time101_236.h5,0.001251333767426349,0,11750.0,0.001,2.173910311230779,0.10387445565355913,10674.45103138938,1.670402523800242,-0.5144716530365121,0.15002251377678383,0.9999411739736953,2.275052025090466,0.00010638297872339608,1163.8332985581455,0.7689008107445792,0.2811978514173788
101,ds101_time101_237.h5,0.001251333767426349,0,11750.0,0.00125,2.1751651065205326,-0.023256577441771897,35271.85086941672,0.18880801777498563,-0.4882671244594725,0.21367392936785642,0.9998912713623752,2.6520196364173505,0.00010638297872339608,1042.6873640875565,0.7640668206748772,0.28953040314810774
101,ds101_time101_238.h5,0.001251333767426349,1,11750.0,0.0015,2.1619942650761987,-0.056758733323258204,36606.76983848923,0.20471874649805,-0.4881903457883725,0.21718511038938337,0.9998712149117661,2.59909243385885,0.00010638297872339608,1048.6947667678337,0.7642367454744944,0.28931712105228036
101,ds101_time101_239.h5,0.0012457560327477518,0,12000.0,0.00075,2.348781715675254,0.0874556257582666,10089.519388215303,1.8075221669182875,-0.49397457784812165,0.12388986523417612,0.9999759785566295,2.32742624017058,0.00010869565217391797,1205.906425801515,0.8150326233880696,0.2693244641764292
101,ds101_time101_240.h5,0.0012457560327477518,0,12000.0,0.001,2.3373355470199306,0.091654129238393,9993.969953164056,1.795662068690756,-0.493685202892805,0.1254789210038229,0.9999875312881474,2.301145359922474,0.00010869565217391797,1210.5786907270497,0.8150254199664813,0.2687265026486862
101,ds101_time101_241.h5,0.0012457560327477518,1,12000.0,0.00125,2.386494212328726,-0.08149902710781132,45521.29042489882,0.31325182982914074,-0.46688519722445126,0.1655883554424441,0.9999754019222856,2.6246435351335196,5.4347826086958984e-05,1068.6014692851465,0.8057210314079062,0.2834906060325999
101,ds101_time101_242.h5,0.0012457560327477518,1,12000.0,0.0015,2.3266409680105835,-0.08286859557710002,43807.028855783035,0.2755943054206387,-0.46615048519196073,0.16199727828554264,0.9999848767523747,2.646166224387291,5.4347826086958984e-05,1056.61283570584,0.80556869844892,0.28404216191769016
101,ds101_time101_243.h5,0.0012447637144291817,0,12250.0,0.00075,2.5737706567793124,0.09569226060801705,9900.6612799967,1.7866431027321257,-0.49353000616892284,0.12595103101963223,0.9999955941475999,2.3291741420125494,0.0001064773735581226,1232.7832851537703,0.8151388304445513,0.2686820106226792
101,ds101_time101_244.h5,0.0012447637144291817,0,12250.0,0.001,2.4784999102040284,0.10253175039035023,9879.093490753392,1.7758700404964511,-0.49172450056293815,0.1261299965698966,0.9999921710501498,2.2970410427244667,0.0001064773735581226,1226.699639173712,0.8145950115496648,0.26756715569033496
101,ds101_time101_245.h5,0.0012447637144291817,1,12250.0,0.00125,2.395631080476527,-0.0849021395916636,42526.06085153602,0.2848779948963132,-0.4674349420594341,0.15978567751031691,0.9999925702710134,2.6111176745146243,5.32386867790613e-05,1077.962973180966,0.8015140890913585,0.29058104801884516
101,ds101_time101_246.h5,0.0012447637144291817,1,12250.0,0.0015,2.43331720032007,-0.06698613284646449,42185.66660690124,0.3343994690911634,-0.4671019886220696,0.15962645207169168,0.9999871444843023,2.598738515488959,5.32386867790613e-05,1081.09056833725,0.8013792343845577,0.29054347832195215
101,ds101_time101_247.h5,0.0012478447895450692,0,12500.0,0.00075,2.5935449515199154,0.08410863332516039,9777.304369045945,1.72374505228925,-0.49213338506447213,0.12601702795964714,0.9999959637921971,2.3182550446503734,0.00010434782608695349,1245.2925006466012,0.8148142757295567,0.2669096989675105
101,ds101_time101_248.h5,0.0012478447895450692,0,12500.0,0.001,2.6052725600972155,0.07840272015184335,9735.222118890764,1.757798320406178,-0.4925644258467898,0.12435331984645268,0.9999958926000692,2.279238590280058,0.00010434782608695349,1247.4373410532094,0.814500932037643,0.2676453177469369
101,ds101_time101_249.h5,0.0012478447895450692,1,12500.0,0.00125,2.5363619492912832,-0.07955445136310191,43435.32061707741,0.3788878587491977,-0.4674573828343224,0.15829883475988699,0.9999963602720735,2.6008940054955016,5.2173913043476745e-05,1108.0712385156694,0.7981781152047757,0.294893084536582
101,ds101_time101_250.h5,0.0012478447895450692,1,12500.0,0.0015,2.5399012433154478,-0.06321256804940378,42937.76581463923,0.3745324533447837,-0.4672327073466373,0.15917728337117257,0.9999958587040384,2.604348699788051,5.2173913043476745e-05,1103.0700607045433,0.7979823659824492,0.2951269778811516
101,ds101_time101_251.h5,0.0012545807930205272,0,12750.0,0.00075,2.9496108518913364,0.07444617647212315,15314.775645187297,1.9846597186471044,-0.4689825806891615,0.15282899213684262,0.9999983277415979,2.375639539922319,5.347593582888388e-05,1295.6485513917778,0.8663147202743173,0.2539304728821113
101,ds101_time101_252.h5,0.0012545807930205272,0,12750.0,0.001,2.7923717911027386,0.09050606520803117,15103.946759190781,1.9447888996754887,-0.46926026623094624,0.15753451352965184,0.9999969336701631,2.4087073930956113,5.347593582888388e-05,1286.06781458781,0.8665825083000109,0.2541612654434535
101,ds101_time101_253.h5,0.0012545807930205272,0,12750.0,0.00125,2.5545495268783225,-0.10904218750845729,45080.24128111843,0.5264960181460405,-0.44565488756467436,0.1801236850607736,0.9999972156547867,2.5646291633918534,5.347593582888388e-05,1120.0889242214023,0.8474250362369037,0.28537658161554047
101,ds101_time101_254.h5,0.0012545807930205272,1,12750.0,0.0015,2.524131470335047,-0.10310062271884357,44565.141768447196,0.5548679945647652,-0.44490657277231566,0.181901363795435,0.9999987011688249,2.522853975589377,5.347593582888388e-05,1120.0448201518786,0.8477521451313809,0.28460003029797215
101,ds101_time101_255.h5,0.0012646472401586877,0,13000.0,0.00075,3.1053617505688216,0.07708563641880017,15416.410158384902,1.9550306950153495,-0.4695190252540625,0.15701226295057188,0.9999984618314645,2.3309136493478535,5.244755244755011e-05,1321.674324687035,0.866503405695856,0.25385065612199265
101,ds101_time101_256.h5,0.0012646472401586877,0,13000.0,0.001,2.9831320191694783,0.0812022346451613,15278.16426847775,1.8993481512205017,-0.4688957842064462,0.15641262894039795,0.9999982062195616,2.441675240542925,5.244755244755011e-05,1312.7424921392344,0.8666962483937884,0.25422368657453276
101,ds101_time101_257.h5,0.0012646472401586877,0,13000.0,0.00125,2.603624920907837,-0.077250495184918,44213.984697919426,0.6323311732554607,-0.44618150707410603,0.1737184731942135,0.999994197455524,2.519756840925235,5.244755244755011e-05,1153.7298085733933,0.8465145274540786,0.28375569393972905
101,ds101_time101_258.h5,0.0012646472401586877,1,13000.0,0.0015,2.673388638820665,-0.12749126635643804,44444.568638576064,0.6207225340296428,-0.44660449393728047,0.17433225417444978,0.9999967876195652,2.6465117573037915,5.244755244755011e-05,1141.248945407286,0.8466138627231923,0.2855638413840389
101,ds101_time101_259.h5,0.0012777858396271246,0,13250.0,0.00075,2.9683773266492914,0.09570403480003264,9828.408774475254,1.4247903457234394,-0.5183034301143417,0.19462603917695806,0.9999987013663478,2.27580190299105,0.00010781671159029725,1273.1837944219753,0.9244141172496051,0.2803387056133001
101,ds101_time101_260.h5,0.0012777858396271246,0,13250.0,0.001,2.896799766935031,0.11051085446738429,10187.813282614665,1.361108066415075,-0.5178591498715789,0.19671563799520628,0.9999987159758905,2.294796625395907,0.000431266846361189,1276.6576136820172,0.9241256202910697,0.28007401865587833
101,ds101_time101_261.h5,0.0012777858396271246,0,13250.0,0.00125,2.7579030591365,-0.07416379854407618,64866.54512296813,-0.1521571825545475,-0.479723912260122,0.3053996363423848,0.9999872035317928,3.1152154704081503,5.3908355795148626e-05,1149.921122982111,0.8408668743614021,0.32968777177670067
101,ds101_time101_262.h5,0.0012777858396271246,1,13250.0,0.0015,2.915210037569809,-0.0713673044990184,67630.5273419219,-0.1271457082723542,-0.4795267285823041,0.3026070884081229,0.9999962326931401,2.947216639782122,5.3908355795148626e-05,1160.6938589949636,0.8410265697668661,0.3289518101397724
101,ds101_time101_263.h5,0.0012937952001212903,0,13500.0,0.00075,3.0287305068408266,0.0973668443731277,10429.692342120497,1.4388862885404203,-0.5180670543184382,0.19122537930716096,0.999999077388028,2.3350743562800558,0.0004232804232804366,1310.048982385927,0.9230238906601601,0.2789856021577847
101,ds101_time101_264.h5,0.0012937952001212903,0,13500.0,0.001,2.9588377636469114,0.08800326812418291,10341.947515831538,1.4064961035775352,-0.5178533858134668,0.193763353393346,0.9999992087675116,2.3291669355993885,0.0004232804232804366,1295.355385729666,0.9231191981709802,0.28015795950176775
101,ds101_time101_265.h5,0.0012937952001212903,0,13500.0,0.00125,2.9214648877086113,-0.06728331074912486,59968.43865521109,0.004452845512824222,-0.48112061009520474,0.27465259480276005,0.9999905145137825,2.940363147947244,5.291005291005457e-05,1176.0303111943351,0.8363854708330295,0.3276488257679599
101,ds101_time101_266.h5,0.0012937952001212903,1,13500.0,0.0015,2.8064945436403037,-0.09081067455890901,58869.27041196373,-0.010015702437343597,-0.4810373902906097,0.2772966801070031,0.9999923771775873,2.923006420196107,0.002116402116402183,1172.4747780200657,0.8370972229136519,0.32615701159233257
101,ds101_time101_267.h5,0.0013125148016482025,0,13750.0,0.00075,3.2951307499864444,0.08360159942660572,14307.789159560056,1.6310869053868078,-0.4940599715316095,0.24563555068937717,0.9999988910764279,2.2785609003429923,5.454545454545296e-05,1344.2630738740982,0.9914586921432208,0.26586293978779385
101,ds101_time101_268.h5,0.0013125148016482025,0,13750.0,0.001,3.2378921454401604,0.08604027246074164,14132.281658765814,1.572992558297457,-0.4934327788615049,0.23974281311905052,0.9999980763135742,2.3031785557276394,5.454545454545296e-05,1341.864223857909,0.9915157682103987,0.2643752853048155
101,ds101_time101_269.h5,0.0013125148016482025,0,13750.0,0.00125,3.2649878640728476,0.0718669887431822,14570.747079856126,1.5881306069079135,-0.49451331207502974,0.2380072486890446,0.9999990964797087,2.3323825454550806,5.454545454545296e-05,1331.5214169646679,0.9919336473757256,0.2658982509072181
101,ds101_time101_270.h5,0.0013125148016482025,1,13750.0,0.0015,2.8558554054996215,-0.11410803646203105,92251.75039477056,0.1490501090568969,-0.46245315983700336,0.3053561413754549,0.9999957330316012,2.821044520495213,5.454545454545296e-05,1185.7014908896483,0.9016535963219301,0.320782309119772
101,ds101_time101_271.h5,0.0013125148016482025,1,13750.0,0.00175,2.863161835313677,-0.09389161487018605,90358.53197495421,0.16668345462540315,-0.4626101055100738,0.29987556649979324,0.9999956496898483,2.736494962385251,5.454545454545296e-05,1190.948821936618,0.9033126600796719,0.3200798448138061
101,ds101_time101_272.h5,0.001333818324861125,0,14000.0,0.00075,3.470311798633608,0.06748044330826186,14171.810723357088,1.6420458630323094,-0.49463645116785493,0.2397262396817179,0.9999985591526394,2.375911426537857,5.35714285714306e-05,1366.5787151191569,0.9899588000014475,0.26634409730981745
101,ds101_time101_273.h5,0.001333818324861125,0,14000.0,0.001,3.2855680573651136,0.08041655666694791,13837.971713527082,1.58417367042172,-0.49336159247903677,0.2362375519278412,0.9999989302688899,2.284745443050945,5.35714285714306e-05,1364.4491743054525,0.9904452562586482,0.26445987876838495
101,ds101_time101_274.h5,0.001333818324861125,0,14000.0,0.00125,3.37229292432525,0.0737401914491993,13767.408817831865,1.6243205378846215,-0.4943790176829588,0.23788687672440645,0.9999992548876884,2.269767589075632,5.35714285714306e-05,1367.0811642768415,0.9898927752539359,0.2660532123679315
101,ds101_time101_275.h5,0.001333818324861125,1,14000.0,0.0015,2.943068042372205,-0.10780730531155025,84757.50832504395,0.20724640751432213,-0.4652508449817183,0.2933271024358723,0.9999983950824028,2.72715909580435,5.35714285714306e-05,1203.9427599895748,0.8889209752529053,0.32245761633899184
101,ds101_time101_276.h5,0.001333818324861125,1,14000.0,0.00175,2.884397732391995,-0.10607597973832572,84640.65054407102,0.19312549405617893,-0.4657123782978648,0.29219619840342304,0.9999985265145445,2.8602337233395243,5.35714285714306e-05,1210.2086368576538,0.8897131470602928,0.3218642746842199
101,ds101_time101_277.h5,0.001357615813503505,0,14250.0,0.00075,3.6384196182161683,0.07153306939838311,14261.551914363023,1.6642869303887646,-0.4947507534386973,0.24184673898436254,0.9999992086953193,2.387717875903946,5.2631578947366635e-05,1394.9109014061107,0.988982717818839,0.2667906074041394
101,ds101_time101_278.h5,0.001357615813503505,0,14250.0,0.001,3.4842877218808823,0.059547500211484916,14389.274073292578,1.6411464948125671,-0.4943050183331196,0.23842848888765017,0.9999986716963835,2.301006668882265,5.2631578947366635e-05,1386.3536174366543,0.9892236783991117,0.2662039958463906
101,ds101_time101_279.h5,0.001357615813503505,0,14250.0,0.00125,3.5156814486849166,0.06417529247562648,14208.33991744358,1.6213634892415896,-0.4956991890430446,0.24302483887331486,0.999998062508431,2.261300012306071,5.2631578947366635e-05,1394.7195683665525,0.9889810189181143,0.26712440291298134
101,ds101_time101_280.h5,0.001357615813503505,1,14250.0,0.0015,2.8370118928336208,-0.08185701254677591,84748.74124202396,0.1343232341702082,-0.4646446695875017,0.2914803246456424,0.9941134017754166,2.720488140369206,5.2631578947366635e-05,1231.6840407511843,0.83043884331186,0.31260306077782596
101,ds101_time101_281.h5,0.001357615813503505,1,14250.0,0.00175,2.9827932107650956,-0.11641289148632228,89324.01591478253,0.15974685708676822,-0.4661067859963088,0.2894143194592729,0.9950304456995203,2.7284257184302403,5.2631578947366635e-05,1236.4944370078701,0.8303098400614894,0.31284560008186996
101,ds101_time101_282.h5,0.0013838393985206256,0,14500.0,0.00075,3.9067789396016797,0.05751867090593299,16750.180645695276,1.7994136284810514,-0.46677116714995,0.34140227498741127,0.9999988099013724,2.3519473463307277,5.4446460980038525e-05,1422.4341765270688,0.9347485560818537,0.2523135587170142
101,ds101_time101_283.h5,0.0013838393985206256,0,14500.0,0.001,3.767402460835748,0.068641350224103,16220.55737568164,1.730524422866274,-0.46631717827402497,0.34528437029153963,0.9999994422378744,2.367810707082672,5.4446460980038525e-05,1430.7603229787817,0.9346288798466359,0.25140544145816685
101,ds101_time101_284.h5,0.0013838393985206256,0,14500.0,0.00125,3.812799809988247,0.058514718376822206,16600.65374587869,1.779502539063793,-0.4671374700204224,0.3412704602739903,0.9999987288159767,2.3858329329788406,5.4446460980038525e-05,1422.6720142283873,0.9349114226038098,0.25211849893631116
101,ds101_time101_285.h5,0.0013838393985206256,1,14500.0,0.0015,3.0536303652867467,-0.19674142828243868,118919.51265671127,-0.2016411297544878,-0.4235657039525323,0.4329636155452459,0.9975532548471971,3.303404552724389,5.4446460980038525e-05,1285.8625501669371,0.8207849140426593,0.2714462133143471
101,ds101_time101_286.h5,0.0013838393985206256,1,14500.0,0.00175,3.134940006373427,-0.16672352829687864,114159.77772675446,-0.18663362811537104,-0.4235655714094194,0.43169032097257365,0.9976796236330616,3.060195686615375,5.4446460980038525e-05,1281.3771818390107,0.821123320199176,0.2709728156280518
101,ds101_time101_287.h5,0.0013390201813461258,0,14750.0,0.00075,4.054933461019784,0.056098027866978706,16698.630012826827,1.793014398021967,-0.4678932023240966,0.34005476062652856,0.9999987261333373,2.3617488759201635,5.352363960749174e-05,1450.525554839824,0.9358905444205985,0.25301723228529677
101,ds101_time101_288.h5,0.0013390201813461258,0,14750.0,0.001,4.028614584683881,0.06285473919977402,16351.247461547933,1.794038063508225,-0.4675197335922205,0.3364566061554215,0.999998425105627,2.3278893455289893,5.352363960749174e-05,1443.0656332766328,0.9355444138900835,0.25441888546741986
101,ds101_time101_289.h5,0.0013390201813461258,0,14750.0,0.00125,3.960544750888945,0.06207693635238454,16791.383259206916,1.7805906471426438,-0.46655028657354053,0.34196044499206546,0.9999987600269671,2.378205604214818,5.352363960749174e-05,1440.6210591878405,0.9356505674499161,0.253300742970387
101,ds101_time101_290.h5,0.0013390201813461258,1,14750.0,0.0015,3.174171640133937,-0.16653319623991147,169468.1226172701,-0.48336262750622616,-0.4030239022240954,0.5191582148054591,0.9961759805226772,3.7970375305523283,0.00401427297056188,1355.8569916331512,0.7804005438022765,0.25161104629055764
101,ds101_time101_291.h5,0.0013390201813461258,1,14750.0,0.00175,3.1161465384351676,-0.1441304719633152,175407.71721018374,-0.48831218123909637,-0.40404963160744967,0.5079754120919121,0.9980543807802794,4.0485940538620575,0.00401427297056188,1369.6603201096586,0.7781567009936807,0.2516918642473039
101,ds101_time101_292.h5,0.001273089943466554,0,15000.0,0.00075,4.1450266552494455,0.055950173716416085,16187.51241689371,1.7976059922252061,-0.46649841723145535,0.3414275833075676,0.9999973999627827,2.3218067491044936,5.2631578947366635e-05,1462.6492186745697,0.9367205957058029,0.2542862860414801
101,ds101_time101_293.h5,0.001273089943466554,0,15000.0,0.001,4.008042059991857,0.04044185214591445,17306.771301211076,1.7126294703441016,-0.4662732296375557,0.343191250083635,0.9999989931222791,2.327089426358873,5.2631578947366635e-05,1465.6846702589296,0.9372997138377177,0.2546847995812223
101,ds101_time101_294.h5,0.001273089943466554,0,15000.0,0.00125,4.123043062506859,0.03901413814278776,17209.091137424515,1.7939515653261542,-0.4660901851179195,0.3442003760787009,0.9999976676349885,2.405584719275155,5.2631578947366635e-05,1475.0638355701287,0.9379429417860967,0.2541025974000641
101,ds101_time101_295.h5,0.001273089943466554,1,15000.0,0.0015,3.0715731471157017,-0.17038158630416667,237247.09694537963,-0.6021979814266636,-0.39190736245710567,0.5837617475772956,0.995645476498747,4.309931896860269,5.2631578947366635e-05,1441.3172549404626,0.7527750892968442,0.2540747641240605
101,ds101_time101_296.h5,0.001273089943466554,1,15000.0,0.00175,3.1274963362034196,-0.1670695497297494,243688.43687163893,-0.6167418049424163,-0.39309818348252645,0.5796398432683706,0.9948722201587217,4.224992263823854,5.2631578947366635e-05,1446.4640394691774,0.752335403508113,0.25363353444536546
101,ds101_time101_297.h5,0.0012173134180606033,0,15250.0,0.00075,3.2499059218450728,0.0437616096496285,17625.520813758812,0.9517434336963847,-0.5200226995449292,0.4862695477760856,0.9999991151825881,2.30838978982947,5.4644808743172645e-05,1410.4264233770116,0.9437258582022021,0.3689521960137875
101,ds101_time101_298.h5,0.0012173134180606033,0,15250.0,0.001,3.346988928567583,0.05838898792022951,17385.076740730623,0.9911404272278701,-0.5186351596783592,0.48317322000141905,0.9999988253481082,2.3614725198298547,5.4644808743172645e-05,1412.8583410386698,0.946370271495126,0.3688855754420548
101,ds101_time101_299.h5,0.0011699034930988217,0,15500.0,0.00075,3.413442952683306,0.038005231845837484,16458.066795548333,1.1791824878966666,-0.5236521353163619,0.4618695007801977,0.9999994743750965,2.255681931784861,0.0003763440860215274,1428.101862416054,0.8677854353169171,0.2898537354327158
101,ds101_time101_300.h5,0.0011699034930988217,0,15500.0,0.001,3.443401614090956,0.08775674267344757,16045.980588865688,1.1766976806809646,-0.5233590240795536,0.4667620907351477,0.9999994026582162,2.289571583708295,0.0003763440860215274,1447.573333257466,0.8680123908319488,0.2888207931263211
101,ds101_time101_301.h5,0.0011699034930988217,1,15500.0,0.00125,3.46422582568402,0.06824857505787896,16056.89266424961,1.2400284837896514,-0.5231439185565295,0.47093873445746187,0.9999986686839771,2.2594948916733544,0.0003763440860215274,1438.4907426717616,0.8678646381654632,0.2892884550222726
101,ds101_time101_302.h5,0.0011699034930988217,1,15500.0,0.0015,2.760592841415446,-0.18451657142088473,669532.4706935528,-0.5896656317575909,-0.40398037443561785,0.9555365543554027,0.9939822902262048,5.87459622348398,0.0039247311827959284,1575.5751666388153,0.7615430519635008,0.25599622602051453
101,ds101_time101_303.h5,0.0011699034930988217,1,15500.0,0.00175,2.7666322317267045,-0.19501759293671905,687550.4798507683,-0.6039141767157937,-0.40453364706280853,0.9800121088668753,0.995484407560085,5.488106563394367,0.0039247311827959284,1586.918249360752,0.7622013037377712,0.2574364235087238
101,ds101_time101_304.h5,0.0011294413335086076,0,15750.0,0.00075,3.5478900676560103,0.06958096688257531,15969.35314342083,1.2667780053528548,-0.5224052030077152,0.4624923677826937,0.9999971468302676,2.2824024636302997,0.000370370370370382,1471.5079958685621,0.8703743936272347,0.2874433385836293
101,ds101_time101_305.h5,0.0011294413335086076,0,15750.0,0.001,3.377328249294297,0.08534620376889679,15290.171108183515,1.1629021231228702,-0.522568008904195,0.47147350490405443,0.9999983977314872,2.3407544996187983,0.000370370370370382,1454.1084472499617,0.8703518837375875,0.2892897431725499
101,ds101_time101_306.h5,0.0011294413335086076,1,15750.0,0.00125,3.4076499643372804,0.08962249298141622,15616.920591427686,1.1290258671893028,-0.5226301899822243,0.46371057045261566,0.9999983498290108,2.2741281060201293,0.000370370370370382,1454.7264311011907,0.869897103084829,0.29030809400123453
101,ds101_time101_307.h5,0.0011294413335086076,1,15750.0,0.0015,2.6938340524299584,-0.3084712463745938,686978.659864587,-0.6198671181579694,-0.40395660269313916,1.034793418871407,0.9938956732717188,5.260195980685715,0.0027513227513228378,1599.143948218491,0.7462414719258197,0.25056685103234627
101,ds101_time101_308.h5,0.0011294413335086076,1,15750.0,0.00175,2.6925374886389313,-0.31766940821275313,680178.2024583835,-0.6294622557765718,-0.4039079854582417,1.0129881152323392,0.990951018337056,5.603093183012574,0.0027513227513228378,1605.1166999828774,0.74575958919288,0.2501678149016638
101,ds101_time101_309.h5,0.001094830710498928,0,16000.0,0.00075,3.4918632886035303,0.04199736404708165,15473.80731913817,1.1873876226366937,-0.5226653588051842,0.4667488040587131,0.9999993144802161,2.3043092438552364,0.00036458333333334175,1478.8572645355528,0.8749506921069148,0.2902534255086172
101,ds101_time101_310.h5,0.001094830710498928,0,16000.0,0.001,3.490851260366932,0.08394897286465941,15389.904430340068,1.157044377085347,-0.5232275001941712,0.4632642854070299,0.9999988059134658,2.2586939788649283,0.00036458333333334175,1482.4396057465422,0.8752723943535133,0.292584553399715
101,ds101_time101_311.h5,0.001094830710498928,1,16000.0,0.00125,3.489817657414023,0.07624355039165787,15730.43400680782,1.2156769587136178,-0.5228502287430131,0.45869041598685284,0.9999980386999485,2.259351213687927,0.0005729166666666799,1483.0361647229745,0.8749908058633705,0.29046526786259075
101,ds101_time101_312.h5,0.001094830710498928,1,16000.0,0.0015,2.6924077532704644,-0.38073171008169737,715955.1297445709,-0.5972263232347041,-0.39999041929657714,1.0152284007894365,0.991441113026289,5.397849709080932,0.0038541666666667557,1613.431261418056,0.7317979873526833,0.24872941259832745
101,ds101_time101_313.h5,0.001094830710498928,1,16000.0,0.00175,2.5832306293366534,-0.37222116874680955,715119.0521425003,-0.5541948705967225,-0.4017205315079704,1.0032308099598912,0.9917417649883914,5.331318916244691,0.0038541666666667557,1603.7873601603794,0.7311033114236409,0.24879599061840027
101,ds101_time101_314.h5,0.0010651737355831916,0,16250.0,0.00075,3.933470182432299,0.047382923965370916,18016.17878319628,1.4263790852567237,-0.4955710385188485,0.6670826063056564,0.999998565489432,2.2631680768271365,5.4298642533937014e-05,1524.6285840668586,0.8007751552130592,0.2787417294975827
101,ds101_time101_315.h5,0.0010651737355831916,0,16250.0,0.001,3.817532432860256,0.053442572988123604,17521.725489912715,1.358813114971818,-0.49589498531823833,0.6710065267619727,0.9999985974951928,2.2496849961205645,5.4298642533937014e-05,1520.3864859757216,0.7995046286544978,0.2801644839936641
101,ds101_time101_316.h5,0.0010651737355831916,1,16250.0,0.00125,3.9297285062722516,0.03479880246645117,18242.650016824642,1.4368219233703388,-0.49562464000534856,0.6672818897892707,0.9999982802478956,2.352847102590942,5.4298642533937014e-05,1528.9012411479882,0.8001764183176129,0.27798213845609687
101,ds101_time101_317.h5,0.0010651737355831916,1,16250.0,0.0015,3.935814992840495,0.08478158693429494,16691.97351125093,1.3791637379350628,-0.49568879874605415,0.6658769279656885,0.9999992538894871,2.3403026501885207,5.4298642533937014e-05,1531.0777557153012,0.799548590306453,0.2785860228201521
101,ds101_time101_318.h5,0.0010651737355831916,1,16250.0,0.00175,2.5624641176452494,-0.38441600287892164,816802.3624136213,-0.49670114694769,-0.37554721421531484,1.1463375740622292,0.9904426845955723,5.455305857414855,0.0027149321266968507,1622.7665462935502,0.7744643031093069,0.23882102333134722
101,ds101_time101_319.h5,0.0010651737355831916,1,16250.0,0.002,2.588133939067575,-0.4137195727403875,792538.3335722925,-0.4985290241671957,-0.37524534597769177,1.1181889972388392,0.9928896034489213,5.431088308358996,0.0027149321266968507,1604.621390648502,0.7744108373512023,0.23955746215615462
101,ds101_time101_320.h5,0.001039757250583601,0,16500.0,0.00075,3.93590053525153,0.05526567739335242,17860.33192287034,1.399210187388026,-0.4963960196671614,0.66372354606552,0.9999993703897063,2.3015859996254764,5.347593582887694e-05,1545.5266327402258,0.8063456278818328,0.2844142736519178
101,ds101_time101_321.h5,0.001039757250583601,0,16500.0,0.001,3.970871635294154,0.07162732434012886,16374.463359992173,1.3535935228536407,-0.4948981978556491,0.6720048957198603,0.9999970653687005,2.31988735144929,5.347593582887694e-05,1543.0278580857603,0.8053517325744511,0.2834374694121439
101,ds101_time101_322.h5,0.001039757250583601,1,16500.0,0.00125,4.0385781694579235,0.08078231293389537,16849.526938418014,1.4125403471738176,-0.4966152827633597,0.6685699250898296,0.9999973560095529,2.3744201440527917,5.347593582887694e-05,1558.5591616572624,0.8043560081905965,0.2843095065252939
101,ds101_time101_323.h5,0.001039757250583601,1,16500.0,0.0015,4.003137078089271,0.06590354731302872,17318.634225491965,1.4182040221721877,-0.4973121141233855,0.6744422595773537,0.9999977531372548,2.348139127974377,5.347593582887694e-05,1561.103269490689,0.8054409777840893,0.2848262434478389
101,ds101_time101_324.h5,0.001039757250583601,1,16500.0,0.00175,2.52324676715136,-0.36704528053186825,771076.9121485515,-0.4126599034530663,-0.3784833809026917,1.0999301536020507,0.9875813158912342,5.445364572222481,0.002673796791443847,1637.489488272676,0.7594424179735004,0.23713229500912558
101,ds101_time101_325.h5,0.001039757250583601,1,16500.0,0.002,2.5968326074299277,-0.3392983795686131,751160.2285499794,-0.45133119423827045,-0.37893063285717127,1.080175406747533,0.9879680822415652,5.552385048741337,0.002673796791443847,1622.46841644135,0.7594329046351836,0.23716048891543742
101,ds101_time101_326.h5,0.0010180044916132968,0,16750.0,0.00075,4.046353897362122,0.05192787219658679,17146.43957055303,1.3979223662616918,-0.49633613290710593,0.6800038794084549,0.999998729791455,2.3505235116672627,5.2677787532928726e-05,1569.646751587883,0.8119907381536212,0.2886097834755248
101,ds101_time101_327.h5,0.0010180044916132968,0,16750.0,0.001,4.015112864511855,0.05583886816386752,17480.254565698313,1.3808392539612921,-0.496394366698585,0.6618909858124572,0.9999992565766309,2.285011165400637,5.2677787532928726e-05,1566.211821764443,0.8134984384544512,0.29031424694969304
101,ds101_time101_328.h5,0.00099943190531039,0,17000.0,0.00075,4.076033842349454,0.03480444634632063,17424.86581633488,1.4089795315325278,-0.49639962113668923,0.6747056252110587,0.9999982735483239,2.342151415776787,5.1903114186846455e-05,1589.6746430970643,0.8184897713257128,0.29275205883180033
101,ds101_time101_329.h5,0.00099943190531039,1,17000.0,0.001,3.9463690472611597,0.04797357036243466,17560.613382442978,1.3728670013353446,-0.4952149619000148,0.6664392723120881,0.9999988807059698,2.3113646249291184,5.1903114186846455e-05,1584.3334808784198,0.8204387432941521,0.29104828607070826
101,ds101_time101_330.h5,0.000983643973409352,0,17250.0,0.00075,4.460858539177724,0.047298330308352954,17083.165746677492,1.587727324107406,-0.4632929911095478,0.9045300047330914,0.9999970199222835,2.3788981374877056,5.4347826086958984e-05,1638.0117495274974,0.7379169951461767,0.278012155182679
101,ds101_time101_331.h5,0.000983643973409352,1,17250.0,0.001,4.442286849824004,0.02753916000456269,17860.055108543962,1.5707072422393364,-0.4637170405694037,0.8850922130806648,0.9999989918131232,2.3462559022139433,5.4347826086958984e-05,1635.1909661515965,0.7385210570554189,0.2791074415510984
101,ds101_time101_332.h5,0.0009703125326852073,0,17500.0,0.00075,4.596310140949301,0.01952208135164346,17353.80751379409,1.6114194543907148,-0.46435409528954363,0.8907164211691919,0.999999261063945,2.3419413508053464,5.35714285714306e-05,1648.8856036331774,0.7418349789447806,0.2801262382002199
101,ds101_time101_333.h5,0.0009703125326852073,1,17500.0,0.001,4.474922330385524,0.016450431649396746,17645.589535441508,1.5405369145247663,-0.46314595193222013,0.8993794245121648,0.9999991204738864,2.4326752640688056,5.35714285714306e-05,1651.4839337590136,0.7438860990674021,0.28132465804884355
101,ds101_time101_334.h5,0.00095915482237737,0,17750.0,0.00075,4.586800416546609,0.03627222015353637,17315.644202749263,1.5582768874354942,-0.4649822992258979,0.8788082436367768,0.9999986328670287,2.3568665623995306,5.2816901408452015e-05,1677.942538643054,0.744953794164912,0.28444511588472776
101,ds101_time101_335.h5,0.00095915482237737,1,17750.0,0.001,4.522099025467793,0.02644366464878045,17472.488967972386,1.5635682732227494,-0.46428784668732065,0.8767342740712442,0.9999988061079093,2.362458080269746,5.2816901408452015e-05,1688.8017770362553,0.7464234496804464,0.2843529274649142
101,ds101_time101_336.h5,0.0009499382675535723,0,18000.0,0.00075,4.6849466298825435,0.032466178949375424,17587.57663150681,1.586751810682008,-0.46460725080944776,0.8879367566904223,0.9999993528068334,2.440955703684763,5.2083333333334536e-05,1706.6524429040714,0.7460208059600127,0.2854185055014444
101,ds101_time101_337.h5,0.0009499382675535723,1,18000.0,0.001,4.6085343667603995,0.022518373886100118,17781.844803835324,1.567814558925852,-0.4642058892057608,0.8949138292045348,0.9999992765602339,2.3171452061779183,5.2083333333334536e-05,1707.2997498715013,0.7461066309887564,0.28436938643255455
101,ds101_time101_338.h5,0.0009424650184960005,0,18250.0,0.00075,3.014062491668107,-0.003837435874598061,32005.687860827038,0.308400836121058,-0.5205026763743243,1.5431659288485617,0.9967258521187587,2.6310527636166587,5.4794520547945404e-05,1654.9911945394065,0.8921744776940037,0.29199143993931703
101,ds101_time101_339.h5,0.0009424650184960005,1,18250.0,0.001,3.2320609436591146,0.021090996980560384,32456.831422316747,0.2675800486084002,-0.5189088355884414,1.5542204107708162,0.9969239379064398,2.789981267746762,5.4794520547945404e-05,1654.113161399784,0.8936532373037018,0.29192771315477384
101,ds101_time101_340.h5,0.0009365638021510457,0,18500.0,0.00075,3.290937240188158,0.02313950749921423,30858.220083883312,0.43079641872287006,-0.522222671455207,1.553404076157895,0.9971253386330572,2.6382902379391706,5.405405405405419e-05,1690.5412647804872,0.8931327675529943,0.2957982345923395
101,ds101_time101_341.h5,0.0009365638021510457,1,18500.0,0.001,3.3328202879050077,0.024484961720470322,31148.148659132785,0.3968252470302099,-0.5228124108930591,1.551305258190167,0.9965596316438777,2.6337631090310167,5.405405405405419e-05,1668.3048366407786,0.8955565646047061,0.2979767623933205
101,ds101_time101_342.h5,0.0009320862185731114,0,18750.0,0.00075,3.1191677903834836,0.019964859063817286,33280.24165168051,0.34644754810857004,-0.5193118261307816,1.5421824628264265,0.9953872065829332,3.030930734908371,5.3333333333335786e-05,1711.8748736668515,0.8290329927537642,0.2820218229070741
101,ds101_time101_343.h5,0.0009320862185731114,1,18750.0,0.001,3.2929550363935003,0.040236712448233014,33941.43324723063,0.35405921562086534,-0.5218399396345986,1.528753698722231,0.9973593691545758,2.903003916302633,5.3333333333335786e-05,1723.4891147660696,0.8270855870298965,0.281195904871327
101,ds101_time101_344.h5,0.0009289089838249228,0,19000.0,0.00075,3.0669887523146846,-0.03478267044826877,95869.3794381971,-0.1278612195336428,-0.48209669033266295,1.445187374916302,0.991809942800647,4.670183829881847,0.0,1826.499656472657,0.7469328028343685,0.3397067054930297
101,ds101_time101_345.h5,0.0009289089838249228,1,19000.0,0.001,3.071881676289464,-0.0504215272514299,95360.58341986098,-0.1367938253539737,-0.48340632043673687,1.496332491036875,0.9935671369494031,4.46715307956916,0.0,1819.8510070198586,0.7466815613065876,0.3391761524922798
101,ds101_time101_346.h5,0.0009269207969296015,0,19250.0,0.00075,2.9371857967370048,-0.08220156429247139,82986.55812474084,-0.3202454878394605,-0.48877352260536183,1.521870946103022,0.9951017624210079,4.031305634592797,0.003948051948052034,1796.2562112438468,0.7536400088163606,0.2971858776823346
101,ds101_time101_347.h5,0.0009269207969296015,1,19250.0,0.001,2.921953149575786,-0.13052987498535873,86969.88484361988,-0.3282235037115203,-0.48962341700199036,1.4820570035583096,0.9928887068920715,4.0616749796155505,0.003948051948052034,1797.31339347801,0.7524162057341736,0.29710005194071787
101,ds101_time101_348.h5,0.0009260292405873572,0,19500.0,0.00075,2.819758487233989,-0.09149059239339685,83370.06349524573,0.017610304273532527,-0.46280818297613596,2.1952139870808685,0.9946773417887177,3.476743441807695,0.00390109890109874,1833.608562046257,0.8235688275394989,0.2584315329183112
101,ds101_time101_349.h5,0.0009260292405873572,1,19500.0,0.001,2.980872722233266,-0.07739511968509416,84898.09483730534,-0.08402686805756675,-0.4636868031276785,2.2032960137579054,0.9940145958829643,3.49919157082665,0.00390109890109874,1817.5847350722834,0.825560927757953,0.25840903025672973
102,ds102_time102_1.h5,0.00045752517890077676,0,2000.0,0.00025,7.817412994841214,0.1532955570137653,2121.6809170166484,-1.3629935347413593,-0.7678678521043917,0.4857916826553842,0.992404706573994,1.944136462786105,0.005372340425531502,266.8866570449331,0.7510253229789697,0.38201282517033713
102,ds102_time102_2.h5,0.00045752517890077676,1,2000.0,0.0005,2.472721134744206,0.274364334188658,8882.51427997686,-0.2643661572794535,-0.7571521118395035,0.18279261156488524,0.9988377908904417,2.511825935755646,0.0054255319148932,333.0548825041527,0.736198134041648,0.5545137473333405
102,ds102_time102_3.h5,0.00045752517890077676,1,2000.0,0.00075,2.180343725470313,0.12304875508611102,210227.74694152284,-0.06524157266026495,-0.6915554677313016,0.2573759128360166,0.9991831749923296,5.258528110759633,0.005478723404254898,762.5480780109181,0.7385599363556304,0.39249677098870195
102,ds102_time102_4.h5,0.0008168354373434626,0,2250.0,0.00025,2.36608806528415,0.14607377604590066,2603.8872488949655,-1.3166911784803603,-0.7682976988749207,0.47408109181286495,0.9943902909374454,2.0177792527697416,0.00474666666666812,292.9933066138268,0.7276079720753021,0.27955555201411725
102,ds102_time102_5.h5,0.0008168354373434626,0,2250.0,0.0005,2.3781923190126726,0.274580457141405,6941.046722225449,-0.41485825689458433,-0.7675943851045641,0.4119444989025867,0.993576833408235,1.9677056172658616,0.00474666666666812,279.9413405243359,0.7251379357417829,0.2857036617312256
102,ds102_time102_6.h5,0.0008168354373434626,0,2250.0,0.00075,2.4104173362457857,0.2938036830528661,9690.875194753116,-0.2700761308028261,-0.7678589078870338,0.3531222680595993,0.9934508944993927,1.9732010848202857,0.00474666666666812,276.89854241901685,0.7229897511094617,0.28953175515946833
102,ds102_time102_7.h5,0.0008168354373434626,1,2250.0,0.001,2.8073995543526937,0.29928065559523176,47861.91845302572,-0.16671780028880673,-0.7304340003201355,0.10101191944204774,0.9994481522124473,3.4241126932201036,0.001760000000000539,409.67718826539027,0.5399845098638537,0.5347833934243585
102,ds102_time102_8.h5,0.0008168354373434626,1,2250.0,0.00125,2.7509887327800038,0.2503514160054683,257137.49890104606,-0.23764108011505067,-0.6871433777926393,0.19499638269748326,0.9991479321471222,4.97680367645936,0.001760000000000539,569.7632628600206,0.5134090208917511,0.3917276761973212
102,ds102_time102_9.h5,0.00043931268633373927,0,2500.0,0.00025,3.292605978295292,0.12361317184283904,3093.718673033364,-1.396846318124653,-0.7682819152009331,0.4607141172379085,0.998410533037209,1.9286875447236553,0.004300884955748874,317.5353308474771,0.5342070098949765,0.2658150023374058
102,ds102_time102_10.h5,0.00043931268633373927,1,2500.0,0.0005,2.5767675461593327,0.22588040609323867,6656.564108677549,-0.5695182932500619,-0.7633946358430299,0.25671981147797973,0.9985447689551133,2.2650293563340673,0.007752212389374513,341.1796434072526,0.7169448309419955,0.5014981271374501
102,ds102_time102_11.h5,0.00043931268633373927,1,2500.0,0.00075,2.166934298079751,0.09367854920939234,190102.07546917535,0.3393792219769028,-0.7067095192084643,0.27375449862566625,0.9988003515425053,4.949386112828078,0.007699115044241811,769.5064023258184,0.7425809226274445,0.3947714281284345
102,ds102_time102_12.h5,0.0006673420480356513,0,2750.0,0.00025,4.756325080289173,0.1654586921177147,1447.8647002851162,-4.076611694521852,-0.7682485477584861,0.4652460253690333,0.9973830589651589,1.8992651625883996,0.0039037433155080167,369.77369039579503,0.7244904729043748,0.3367738704318494
102,ds102_time102_13.h5,0.0006673420480356513,0,2750.0,0.0005,2.4987238020920413,0.21466519927190453,6114.638047889474,-0.7988833276830929,-0.7681168721475593,0.4086184877244983,0.9965854326414755,1.9405893248575883,0.0039037433155080167,327.6127213717521,0.7202312125185549,0.3431707602359688
102,ds102_time102_14.h5,0.0006673420480356513,1,2750.0,0.00075,2.590164899185579,0.26873955085421286,9426.262500731202,-0.4255382883346597,-0.7680086348388,0.3651715448261951,0.9953779644863713,1.9808741692628942,0.0039037433155080167,322.3668557014116,0.7175825516345005,0.3492267601908878
102,ds102_time102_15.h5,0.0006673420480356513,1,2750.0,0.001,2.7811110041642344,0.2781287029909977,54898.15608571071,-0.17791479657166523,-0.7271645245198671,0.15615798619849958,0.9988618298021993,3.480807059088813,0.02026737967914436,458.6426498452418,0.5211410541472052,0.4994855158265478
102,ds102_time102_16.h5,0.0006673420480356513,1,2750.0,0.00125,2.768701147254348,0.2607341004542285,154793.2477567672,-0.13482879726889363,-0.6902673368701315,0.20339094848426117,0.9988645089857056,4.8078527390307935,0.02026737967914436,568.3321174612865,0.5071530977509017,0.4289594777245331
102,ds102_time102_17.h5,0.000595178987102176,0,3000.0,0.00025,19.513726145042266,0.1648003169070611,1652.3850155741538,-3.8553038502784927,-0.7684471965951041,0.4483909014298808,0.9975499592050737,1.9321027924799465,0.0035638297872337688,402.32089473769537,0.7881489925626018,0.39148238418441333
102,ds102_time102_18.h5,0.000595178987102176,0,3000.0,0.0005,3.3964856487382624,0.209825244187418,7255.668382240639,-0.7669773793707414,-0.7680727837528759,0.3966897540915376,0.9977707323257332,1.9976867549380042,0.0035638297872337688,351.7993569721603,0.7770322730312217,0.4035151801487725
102,ds102_time102_19.h5,0.000595178987102176,1,3000.0,0.00075,2.2943486902749712,0.17128565486196012,59363.14349287037,-0.3008086186790109,-0.7069541700872801,0.2742278833768607,0.9989840889765279,4.20503595865476,0.006489361702127161,639.1157755513199,0.7326089006920471,0.44479401122310025
102,ds102_time102_20.h5,0.000595178987102176,1,3000.0,0.001,2.212342398466201,0.1153333955620246,359936.3610166741,-0.13390116784022724,-0.6752308311935739,0.38925008799238775,0.9982671110598148,6.086164996309708,0.006436170212765463,854.9359240620655,0.7348517948578748,0.41072799448726105
102,ds102_time102_21.h5,0.00045414883358907014,0,3250.0,0.00025,22.38453112659787,0.16665557530441688,1499.128002641031,-3.8766895517569906,-0.7687779732996918,0.42311747877893907,0.9982936365331974,1.928482026917434,0.003289124668434729,430.8594420086238,0.7088650355430297,0.3991854228694837
102,ds102_time102_22.h5,0.00045414883358907014,1,3250.0,0.0005,2.190234720328429,0.1833650154244688,25508.758913586676,-0.198537622307832,-0.7287334838425429,0.20050712063082077,0.9979117368919789,3.4790593470872686,0.008010610079574904,583.9066928514197,0.740972930405457,0.43711128862804527
102,ds102_time102_23.h5,0.00045414883358907014,1,3250.0,0.00075,2.065241703725371,0.01841091024359698,120016.52344869281,0.21728244530619553,-0.7228366191947764,0.21253946130658566,0.9974218816492159,4.09449336240867,0.008010610079574904,739.2175923614694,0.7429704963020447,0.35562366732547546
102,ds102_time102_24.h5,0.000879582982337105,0,3500.0,0.00025,6.098613057184679,0.14472790546594205,3194.1138244358035,-3.920988345856301,-0.7686642146783789,0.2793733565037403,0.9982422315855726,1.9308228852874536,0.0030535714285715443,458.1571087588222,0.6006409506623118,0.34367253217972976
102,ds102_time102_25.h5,0.000879582982337105,0,3500.0,0.0005,2.9477320590126372,0.026248133284523023,7230.929732650278,-1.6815638467130303,-0.7685154791485443,0.4184401333650383,0.9983147917264706,1.9364766529007773,0.0030535714285715443,407.33939370613376,0.5975959957231525,0.347043731542038
102,ds102_time102_26.h5,0.000879582982337105,0,3500.0,0.00075,2.905877250698825,0.17437963065390227,7541.349214051963,-0.8917626518986497,-0.768497633615999,0.5902609871050203,0.9986684366821793,1.9120961215669854,0.0030535714285715443,387.66928592570173,0.5963612576451383,0.3492226029755893
102,ds102_time102_27.h5,0.000879582982337105,1,3500.0,0.001,2.2387524113147728,0.2151815923584086,44276.1242787895,-0.3011868896401473,-0.7327178305701227,0.26523118661662476,0.999505002255287,3.201687250869129,0.0011785714285714732,550.3501864288678,0.7671132774592387,0.5761009291894456
102,ds102_time102_28.h5,0.000879582982337105,1,3500.0,0.00125,2.253780942376652,0.16939989591535398,198960.82302902793,-0.24482510947514946,-0.6978869244482179,0.2644882018726906,0.9993775805897717,4.681536881998542,0.0011785714285714732,715.1814993957206,0.7705894061492693,0.43225614315651956
102,ds102_time102_29.h5,0.0023585885244675866,0,3750.0,0.00025,2.5487632059265914,0.12541946965322948,2032.8667623546157,-3.8946347586940213,-0.7690390658201427,0.39795323573838864,0.9981039093085483,1.9200528501748517,0.0011733333333336926,487.50721234088246,0.6503922007643925,0.2569340662374426
102,ds102_time102_30.h5,0.0023585885244675866,0,3750.0,0.0005,2.586883046902839,0.03096456543876891,6444.268450652785,-1.6151948174002726,-0.7683494755956835,0.3807275258392457,0.9976868374560786,1.9482922878064186,0.002880000000000882,431.8782445949489,0.6497346062122824,0.25737036897027504
102,ds102_time102_31.h5,0.0023585885244675866,0,3750.0,0.00075,2.618612557177559,0.16917635719301272,10878.831992923113,-0.8336297245912739,-0.7684364307912752,0.3519520033654999,0.9981404560425622,1.9522794462263908,0.002880000000000882,412.64722175976465,0.6490415524779546,0.25748037405563545
102,ds102_time102_32.h5,0.0023585885244675866,0,3750.0,0.001,2.581516554897812,0.2363047562052052,14100.370331012928,-0.5372144055084213,-0.7690080886195718,0.30844156839349074,0.996857710738023,1.9547453162159127,0.002826666666667532,402.08008048369925,0.6476491192835631,0.25836917590265146
102,ds102_time102_33.h5,0.0023585885244675866,0,3750.0,0.00125,2.6162538219437708,0.2721717435606613,18497.97225452969,-0.34812036110430006,-0.7688030659300252,0.280857322140257,0.9969790457247503,2.000549352761469,0.002880000000000882,398.43260663060056,0.6465068340054086,0.2591393382952686
102,ds102_time102_34.h5,0.0023585885244675866,0,3750.0,0.0015,2.6667014403348057,0.31488356325276123,31654.984643447562,-0.17200438363974563,-0.7697195256078806,0.20866096981101492,0.9950801212218522,2.0614401638227418,0.002826666666667532,396.72316178737213,0.6441603429240439,0.26324250252328246
102,ds102_time102_35.h5,0.0023585885244675866,0,3750.0,0.00175,2.776695617058342,0.30484155332317553,42522.66143837329,-0.13656766455522873,-0.7705069328475158,0.1838506688217629,0.9926786361083292,2.222522934640288,0.002826666666667532,395.977055884231,0.6430896611453184,0.266543696229004
102,ds102_time102_36.h5,0.0023585885244675866,0,3750.0,0.002,2.8153163521874203,0.31427108987359376,58528.93377519004,-0.08164759506749475,-0.7712283811969171,0.17215976762026763,0.9913137093900414,2.1971758584190155,0.002826666666667532,400.23027846902824,0.6430765493097675,0.2712150625383135
102,ds102_time102_37.h5,0.0023585885244675866,0,3750.0,0.0022500000000000003,2.9135303772893875,0.29964446504505016,71988.00931842421,-0.09594622662740021,-0.7715688197796786,0.15794039972314067,0.985457836262804,2.3474312966185313,0.002826666666667532,397.2587631581531,0.642796519779894,0.2776099311765914
102,ds102_time102_38.h5,0.0023585885244675866,1,3750.0,0.0025000000000000005,2.968693515585263,0.30924338350718794,102126.38135987248,-0.16201841961982258,-0.7661226381694708,0.19811439578162607,0.9781518603382151,2.602711561358816,0.001120000000000343,431.03177651903343,0.671528271568841,0.3040137313414164
102,ds102_time102_39.h5,0.0023585885244675866,1,3750.0,0.00275,2.916677192295066,0.2858278431035227,217348.9986680979,-0.20352055538482824,-0.7508679412341547,0.21484641364703655,0.9997524507928822,2.9751379610763435,0.001120000000000343,525.8196568691142,0.7239634183152901,0.36958634543340463
102,ds102_time102_40.h5,0.0007814635154471357,0,4000.0,0.00025,9.68453065041689,0.12004835015859949,2956.8050181396898,-3.8873687558680468,-0.7683782974496569,0.3875710579545747,0.9994907879205227,1.929166764061043,0.00267857142857153,512.8085704124587,0.7270375524573984,0.3682403266411426
102,ds102_time102_41.h5,0.0007814635154471357,0,4000.0,0.0005,3.908977645209754,-0.019577398351874553,7357.266482711226,-1.6546194876634348,-0.7685343808291488,0.3526612350854373,0.9991124619660771,1.9042199620829097,0.00267857142857153,452.0919067724768,0.7252675813707473,0.36882852731235427
102,ds102_time102_42.h5,0.0007814635154471357,0,4000.0,0.00075,3.193400422791934,0.18071934848648552,12019.209332465876,-0.8688467278668941,-0.7685534813498217,0.3295675088250321,0.999202860777634,1.9992286442548992,0.00267857142857153,432.2889837906967,0.7252476904569766,0.384716123272543
102,ds102_time102_43.h5,0.0007814635154471357,1,4000.0,0.001,2.411703713240676,0.0752035134126825,145566.51600909323,-0.5476338614313606,-0.7035870200717428,0.3633785898214949,0.9984631440761825,4.097927965473844,0.0011250000000000426,725.2328150697904,0.7371750774671638,0.46488971659935296
102,ds102_time102_44.h5,0.0007814635154471357,1,4000.0,0.00125,2.2758930272108415,-0.009929720644095141,850886.2102123131,-0.33538277385457327,-0.6674974718695328,0.4967765361192024,0.9971425837809321,6.391256631215555,0.0011250000000000426,949.1609011616993,0.7398572248038932,0.39992499490243155
102,ds102_time102_45.h5,0.0004734668816415343,0,4250.0,0.00025,20.83204259729619,0.12375101895291951,3334.127022880348,-3.89146566402351,-0.7686004072366552,0.371481713644632,0.9989347728879538,1.9143206577516285,0.0025133689839575424,541.4510147826969,0.815277542046484,0.4652633434934358
102,ds102_time102_46.h5,0.0004734668816415343,1,4250.0,0.0005,2.5423240534557596,0.05173400095530578,11626.00438033455,-0.9390294047914859,-0.753420912367291,0.3138503709838888,0.9988715443338974,2.6005391168344665,0.0010695187165776776,555.4685326938067,0.7417091462004853,0.5328565009890721
102,ds102_time102_47.h5,0.0004734668816415343,1,4250.0,0.00075,2.1680088803182973,0.054667905348412704,151181.32990610204,-0.19989388453416737,-0.697104609572729,0.37923049071876846,0.9979498051424374,5.192686303259431,0.0011229946524065615,885.1701779816038,0.7423322970761882,0.39163693083817386
102,ds102_time102_48.h5,0.00044205676598542404,0,4500.0,0.00025,23.295802218030637,0.11555124403573902,2889.2316529866703,-3.773318841755778,-0.7679087903433824,0.3528003899168944,0.9989550659191649,1.8822425664919644,0.0023809523809524558,569.0118770396933,0.8203147441440385,0.49444553797888385
102,ds102_time102_49.h5,0.00044205676598542404,1,4500.0,0.0005,2.310722956918481,0.10672969018181089,16801.972794601446,-0.529615652205253,-0.7388012727046632,0.2842238002436731,0.9983108531788002,3.182894108079589,0.007671957671957913,653.0077514074618,0.7374888962791849,0.4504709838121255
102,ds102_time102_50.h5,0.00044205676598542404,1,4500.0,0.00075,2.0972139630924502,0.001094590396607309,142301.96048027952,0.3272758294441064,-0.7184997246106472,0.3201762303248799,0.9971050564986838,4.3968710328687495,0.014285714285714735,857.3847638640598,0.7398411922963695,0.3675811578580215
102,ds102_time102_51.h5,0.0005504686816428916,0,4750.0,0.00025,20.604182743469792,0.11581878370780685,3219.8950495964577,-3.6580635424578074,-0.7687406617611817,0.3282078436150768,0.9996128938534323,1.880452704127333,0.002247992863514653,596.4751581829859,0.7633762562530946,0.49276908968393757
102,ds102_time102_52.h5,0.0005504686816428916,0,4750.0,0.0005,2.652313852939256,0.03746613623515915,13015.384116748031,-1.1104037998829757,-0.7592942907345833,0.3039851558945242,0.9987529911814895,2.482675031988933,0.005405887600356665,574.3327675774724,0.7543560132722222,0.593502603194208
102,ds102_time102_53.h5,0.0005504686816428916,1,4750.0,0.00075,2.2026815100821215,0.058084136493338434,166880.0253011281,-0.5667118133113962,-0.7021923596380271,0.350928279523231,0.9986054675121949,4.924525736365047,0.011882247992863167,867.4529646599339,0.7527987396935746,0.3479767396268592
102,ds102_time102_54.h5,0.0006104745711197605,0,5000.0,0.00025,11.94332013217433,0.11925778422837452,6840.270570440184,-3.62020280673435,-0.7689101230964137,0.27681729776858877,0.9996737802365684,1.9010008144490214,0.0008571428571428896,622.2990996214847,0.6917140811517007,0.48037035176205384
102,ds102_time102_55.h5,0.0006104745711197605,0,5000.0,0.0005,3.615676295004536,-0.02862909770169697,16001.62894828619,-1.480459935723511,-0.7691022798990845,0.4268239670163404,0.9994597239328382,1.967729300007158,0.002142857142857224,546.5016429864978,0.6804613453750618,0.4853310576634273
102,ds102_time102_56.h5,0.0006104745711197605,1,5000.0,0.00075,3.5599481578699512,-0.04352991807859974,16261.71028459074,-1.4725428298573153,-0.7690015268139183,0.4164880617944624,0.9995838028370747,1.947041292108042,0.002142857142857224,545.1948166482858,0.6809648036254461,0.48544986963787
102,ds102_time102_57.h5,0.0006104745711197605,1,5000.0,0.001,2.903233777060286,0.20571955557492871,36981.51359605599,-0.3296043606826941,-0.7306390439144349,0.21734653533940246,0.9982275306810363,3.7010589612276177,0.0021964285714286547,638.8447502613384,0.6294788673134503,0.482042198139766
102,ds102_time102_58.h5,0.0006104745711197605,1,5000.0,0.00125,2.354041056264611,0.15368091506797676,264421.60664118675,-0.3112674886684585,-0.6925071176504581,0.41291878042084057,0.9985771807038222,6.263692050744873,0.0038035714285715727,892.4568823825042,0.76324807407542,0.35557228808554303
102,ds102_time102_59.h5,0.0007114533289237773,0,5250.0,0.00025,4.649576907955949,0.10302124608754215,5063.697137866316,-3.686868243497655,-0.7688560023805585,0.31656024510179837,0.9991575489122357,1.97068651237026,0.0020105820105820738,649.4218568790066,0.6613056559589502,0.44562333196132614
102,ds102_time102_60.h5,0.0007114533289237773,0,5250.0,0.0005,2.6351074054057584,-0.08711736070562526,12590.881726632946,-1.5771367238803347,-0.7685566222047587,0.29259376516297664,0.9990483267640894,2.0139366784269277,0.0020105820105820738,563.6813978462441,0.6578314758110174,0.4499405365550157
102,ds102_time102_61.h5,0.0007114533289237773,1,5250.0,0.00075,2.649585536412959,-0.10086757406219382,12147.635104942756,-1.6306512725640694,-0.7685423726341833,0.29910479226253417,0.9988759537646433,1.9099081998699936,0.0020105820105820738,562.1883947640492,0.6584444162639919,0.44930270793185767
102,ds102_time102_62.h5,0.0007114533289237773,1,5250.0,0.001,2.7625284997272783,0.15462396224226582,21176.338871606982,-0.7350875962133325,-0.7660722772889467,0.24854718796546557,0.9986000652881578,2.2591699349101373,0.0020634920634921283,553.0899493961688,0.6383862799319872,0.5185067813616191
102,ds102_time102_63.h5,0.0007114533289237773,1,5250.0,0.00125,2.8722400904516254,0.24326097136426172,67827.42908877434,-0.22301217295788478,-0.7301502749607157,0.1750863938589343,0.9945634616652542,3.8409884962898326,0.0036507936507937655,660.430584201681,0.6226616403607099,0.49388904284008733
102,ds102_time102_64.h5,0.000894005132553054,0,5500.0,0.00025,2.234613518286784,0.10071914043573493,4426.364526650012,-3.5779601280901945,-0.7690288082234739,0.2889482597356346,0.9991826837573651,1.9678999182067982,0.0019251336898398197,674.0664742458198,0.7018908006056186,0.3542568396946642
102,ds102_time102_65.h5,0.000894005132553054,0,5500.0,0.0005,2.2147175815043756,0.09787101353112426,4356.653513930396,-3.5971280020901655,-0.7690462373982696,0.2923423722048121,0.9984818018452102,1.9503743939843743,0.0019251336898398197,672.0885335115122,0.7018668513414451,0.35559347175680595
102,ds102_time102_66.h5,0.000894005132553054,0,5500.0,0.00075,2.361538127905,-0.08402395575478416,13529.412733482211,-1.5632936969491102,-0.7688572127771782,0.27944277341977086,0.9991917650115341,1.9289046168103283,0.0019251336898398197,582.0294119781623,0.7013801470705998,0.357593933700445
102,ds102_time102_67.h5,0.000894005132553054,1,5500.0,0.001,2.3519802663181637,0.10398490530820803,20635.609977071254,-0.8817400087205863,-0.769081902508992,0.25277969445442705,0.9986708438921257,1.9592647236866738,0.0019251336898398197,546.6354484485266,0.7003698104233983,0.3607099384977995
102,ds102_time102_68.h5,0.000894005132553054,1,5500.0,0.00125,2.4231317858907855,0.19157158838404365,27948.702089712584,-0.5210085280260643,-0.7690134251679256,0.21560756183203278,0.998549456515473,2.0723619553111474,0.0019251336898398197,534.0373660137304,0.6974907739208159,0.3701713331264382
102,ds102_time102_69.h5,0.000894005132553054,1,5500.0,0.0015,2.3921060224441333,0.17911768478576406,27675.562144548443,-0.5674647621418539,-0.7686043526191257,0.2272432267326961,0.9981886826381405,2.0921288973332124,0.0019251336898398197,532.4510652583031,0.6983755071702783,0.37119641752414273
102,ds102_time102_70.h5,0.001202464805243493,0,5750.0,0.00025,2.036454384363148,0.09387100474940246,4872.619550491067,-3.400524152772023,-0.769074543187816,0.2821350532688193,0.9993488597840049,1.8836098700036648,0.0018633540372671455,701.8428001750336,0.7375648132202086,0.3308174096626217
102,ds102_time102_71.h5,0.001202464805243493,0,5750.0,0.0005,2.065973633558748,0.11292316780811107,4902.7884030200385,-3.4422696308514,-0.7683321543739315,0.28239008692043976,0.9994328599951281,1.897286236430855,0.0018633540372671455,701.842821590491,0.7377287960460595,0.3316274086427775
102,ds102_time102_72.h5,0.001202464805243493,0,5750.0,0.00075,2.013755618760676,-0.06225064986177964,15117.998958338974,-1.3736520118550783,-0.7687308781436424,0.2649727310406831,0.9993555888438351,1.9401628874202494,0.0018633540372671455,612.8084666129481,0.736822786682781,0.3323231846299075
102,ds102_time102_73.h5,0.001202464805243493,0,5750.0,0.001,2.033711673546404,0.10289675875710591,25619.72236167783,-0.7443590647096392,-0.7689245182153445,0.24196899467032232,0.9985190096174548,2.0734736530920888,0.0018633540372671455,577.6091978618349,0.7362894228205235,0.33457639815560086
102,ds102_time102_74.h5,0.001202464805243493,1,5750.0,0.00125,2.0404500873184603,0.1839499181211508,32775.96092182239,-0.5209167752500584,-0.768844947730721,0.2228667493124621,0.9985983284581929,2.077968298622145,0.0018633540372671455,556.1122124337043,0.735796442340243,0.337936263885794
102,ds102_time102_75.h5,0.001202464805243493,1,5750.0,0.0015,2.0554220260136513,0.20843638570538436,31880.938602885908,-0.4904504615532357,-0.769649549931602,0.21883345617701,0.9990221034190627,2.0603322085643705,0.0018633540372671455,556.5742000861219,0.7354658905540782,0.33740601838810425
102,ds102_time102_76.h5,0.001202464805243493,1,5750.0,0.00175,2.1236991359185233,0.25580037248540743,38628.8017131963,-0.29418475716823417,-0.769756633317441,0.19714941161049135,0.9975607401394329,2.1869837819575944,0.0018633540372671455,548.7711921152353,0.7345898357125231,0.3432571154062224
102,ds102_time102_77.h5,0.001202464805243493,1,5750.0,0.002,2.167717773642925,0.25791500975157966,52328.63446525656,-0.246683917690049,-0.7707220048408915,0.1746224269091803,0.9962428401953928,2.3993731677786676,0.0018633540372671455,546.6862366390349,0.7333026505920137,0.3471878450121663
102,ds102_time102_78.h5,0.001202464805243493,1,5750.0,0.0022500000000000003,2.171665751415891,0.2793528292536507,53796.79704261704,-0.21594167205740467,-0.7711214338764649,0.17371620730805581,0.9961719012791812,2.315073927826817,0.0018633540372671455,546.0712480218634,0.7331460784868086,0.3474127886536618
102,ds102_time102_79.h5,0.001202464805243493,1,5750.0,0.0025000000000000005,2.3424746886944448,0.3136568950810308,71251.41647642077,-0.14814183613708443,-0.7710704335722639,0.16264611084016473,0.9957528862180692,2.460548917165418,0.0018633540372671455,550.6287094484862,0.7323752608363447,0.3598061221336525
102,ds102_time102_80.h5,0.001202464805243493,1,5750.0,0.00275,2.703901863431587,0.2524474695148804,160703.05040727864,-0.39794128881238533,-0.7545614538571226,0.2688945375836139,0.9942940688775597,2.9515593444346764,0.009689440993789156,609.9974572737312,0.7274840887800906,0.5080688367560221
102,ds102_time102_81.h5,0.001202464805243493,1,5750.0,0.003,2.599553913029127,0.097538968098698,728028.5801488877,-0.5818859422714951,-0.7135240695010486,0.3908598629884126,0.9983953075898061,3.949665748578426,0.009689440993789156,770.0306589342536,0.7270469572169685,0.5536776220472667
102,ds102_time102_82.h5,0.001219063274083229,0,6000.0,0.00025,4.271184278393941,0.09949597823625944,5504.380966848172,-3.3224278971948835,-0.7685135897810725,0.2733744791018473,0.9998206812187715,1.9456531962699457,0.0018085106382977334,727.6001246855636,0.7212515485023606,0.44204782973275647
102,ds102_time102_83.h5,0.001219063274083229,0,6000.0,0.0005,4.181661974414871,0.1030772045321291,5388.64416654695,-3.297457248945483,-0.769143155582252,0.2687172269358848,0.9997002317394301,1.906809350781009,0.0017553191489360354,728.5043085815224,0.7204783489116335,0.4402312815271329
102,ds102_time102_84.h5,0.001219063274083229,0,6000.0,0.00075,2.536171429152552,-0.04366946485015544,16960.009247921735,-1.3582864677932418,-0.7687403935563817,0.2633736760935961,0.9995373979359171,2.0910157342931686,0.0017553191489360354,633.9334047508165,0.7185274289925608,0.44380534027110813
102,ds102_time102_85.h5,0.001219063274083229,0,6000.0,0.001,2.528467275339755,0.14407947853096648,28491.588612326894,-0.7200057110063725,-0.7691680480630132,0.24365982356134078,0.9996259146505466,2.2298055797943266,0.0017553191489360354,602.4275916692458,0.7168144899147436,0.45051425837346853
102,ds102_time102_86.h5,0.001219063274083229,1,6000.0,0.00125,2.5201021225910685,0.13864736468883554,28620.09197370936,-0.6954588542570121,-0.7687505770865373,0.23922639881727267,0.9996336192103322,2.2576050989521432,0.0017553191489360354,601.7005061436037,0.7168638155195685,0.45058116249763996
102,ds102_time102_87.h5,0.001219063274083229,1,6000.0,0.0015,2.5212765204174183,0.004011334479816275,245835.01422247797,-0.9359613752644065,-0.7090683757576434,0.4388429021568701,0.9978231868294769,3.9373412773609284,0.004255319148935843,815.8587251902954,0.7267666884653069,0.5210475758372124
102,ds102_time102_88.h5,0.001219063274083229,1,6000.0,0.00175,2.3592858686182825,-0.16795349596745357,1993520.6645592786,-0.7463279488876462,-0.6585220548338674,0.6329925699046052,0.9975311613946999,6.428756170191906,0.004255319148935843,1081.450702733484,0.7307557364696602,0.42670230653432056
102,ds102_time102_89.h5,0.0007794864059522115,0,6250.0,0.00025,5.861693374530682,0.09807143847187927,5998.554674696428,-3.2395429837730183,-0.7686685500542259,0.25197621254132796,0.9997709593327971,2.0023479487302818,0.0017066666666671892,755.4648146871925,0.6546467058612873,0.4838112432831674
102,ds102_time102_90.h5,0.0007794864059522115,0,6250.0,0.0005,6.02401115284272,0.10996540714369507,5776.343612306069,-3.2825764696655364,-0.7687123571287112,0.25418060681769816,0.9996829445143277,2.0164950256274583,0.0017066666666671892,752.528302895552,0.6549031816354169,0.4832153523498727
102,ds102_time102_91.h5,0.0007794864059522115,0,6250.0,0.00075,2.9124605558475265,-0.0397464861937018,19310.636391783795,-1.29647790556712,-0.7677385221082055,0.2503356410291164,0.9997015601534297,2.1312305669920892,0.0017066666666671892,660.3405104185682,0.6622913349433187,0.49860628309454597
102,ds102_time102_92.h5,0.0007794864059522115,1,6250.0,0.001,2.3227981590809947,-0.03809699967213298,496771.6089344644,-0.5148123211133169,-0.6711527741197105,0.5803241407511168,0.9972808945488465,5.985093847569292,0.0078400000000024,1030.740843694748,0.7338981433286452,0.4305281113380874
102,ds102_time102_93.h5,0.000586630417922602,0,6500.0,0.00025,5.396469050609782,0.08871333797554737,6375.657352718366,-3.2805574881896638,-0.7685560284896384,0.23945839946445616,0.9998762215224519,1.8898158376060892,0.0016636851520571009,775.5352263859035,0.5810833255914956,0.4983546881551078
102,ds102_time102_94.h5,0.000586630417922602,0,6500.0,0.0005,5.292238780172526,0.09319970550298029,6420.043203343297,-3.2489072986280134,-0.7697443312813271,0.23901856753518674,0.9998086068859895,1.9306661428943086,0.001610017889087517,774.9825822840191,0.5796297879836892,0.49568939599278067
102,ds102_time102_95.h5,0.000586630417922602,1,6500.0,0.00075,2.3685463656521755,-0.020680397373124215,115576.45149273815,-0.5033877368109053,-0.6928009276858708,0.5123318072341958,0.9973269604651455,5.028097472556049,0.001556350626117933,950.9288847341091,0.7394216720677165,0.4538567409154997
102,ds102_time102_96.h5,0.000586630417922602,1,6500.0,0.001,2.3619794006861254,0.004751231117785304,117858.2131688767,-0.474232968903382,-0.6930415687677012,0.5045063767012528,0.997567618997202,5.092756230192757,0.001556350626117933,954.3636420974183,0.7392480665728736,0.45358355527206773
102,ds102_time102_97.h5,0.0004932853961625266,0,6750.0,0.00025,3.9940185406325974,0.07719412690649996,8660.218078172846,-3.2085826233068486,-0.7695558647423423,0.23404095598938363,0.9997401823937743,1.9172621215757915,0.0015873015873016372,803.2006411718323,0.5095238059371795,0.5012702286713486
102,ds102_time102_98.h5,0.0004932853961625266,1,6750.0,0.0005,4.157354146174326,0.09155281870655196,8821.43073784485,-3.2377585079472593,-0.7688954994180038,0.23463527427315803,0.9997651512057161,1.9405817012278808,0.0015873015873016372,803.4441451053922,0.5103396835797901,0.5022178441601779
102,ds102_time102_99.h5,0.0004932853961625266,1,6750.0,0.00075,2.192324934429246,-0.09622808997311183,152734.1839180999,-0.21448523283565024,-0.7009533422144258,0.5192017956337109,0.9967579733736388,5.02936524387115,0.0015343915343915826,1008.2495747743477,0.7283652573194767,0.4246125450509308
102,ds102_time102_100.h5,0.0004932853961625266,1,6750.0,0.001,2.1890837424741214,-0.089036071750076,152856.073685081,-0.1992031494878839,-0.699630844149775,0.5160019398070873,0.9969910809297309,5.100398496792642,0.0015343915343915826,1011.755393645029,0.7288347348770414,0.4252398430167593
102,ds102_time102_101.h5,0.00044964981755433287,0,7000.0,0.00025,2.8551338196967246,0.08691367303165975,14351.998263659878,-3.189486107812474,-0.7690423607768504,0.1439882442471079,0.9997552474413327,1.8827334293147964,0.0015000000000000568,824.4354485884357,0.48043955502446783,0.5049498420728932
102,ds102_time102_102.h5,0.00044964981755433287,1,7000.0,0.0005,3.0609614640173293,0.10201155969872433,14515.14830071203,-3.2458832815101273,-0.7688281742992751,0.14430173037348687,0.9997667303155713,1.9354259787509394,0.0015535714285714874,825.7525545732453,0.4806015042330058,0.5054295884742485
102,ds102_time102_103.h5,0.00044964981755433287,1,7000.0,0.00075,2.2534984140511796,-0.01608675595148301,220708.6882232837,-0.41033490410184187,-0.6946799172114384,0.587157062284586,0.996779295661166,5.7383455580619085,0.0015000000000000568,1063.8459832341734,0.741773802348615,0.4360825432465576
102,ds102_time102_104.h5,0.00044964981755433287,1,7000.0,0.001,2.244750641019574,-0.03739983598196717,219093.0559115155,-0.4135130515421066,-0.6937850450713947,0.5855006378811562,0.9971921757989989,5.851743634568629,0.0015000000000000568,1065.555892636132,0.7417769801479582,0.43653631579477964
102,ds102_time102_105.h5,0.0004359833193967374,0,7250.0,0.00025,2.420997598170396,0.11949160348112176,5044.1537063364485,-2.2638950764546384,-0.7650318760189696,0.1696070583464346,0.9996367932742197,1.9482396824615746,0.001485411140583426,808.2001627317157,0.45393503523657563,0.5031693693349287
102,ds102_time102_106.h5,0.0004359833193967374,1,7250.0,0.0005,2.4254270218165113,0.10803865772672361,5175.960615117325,-2.2404682439260837,-0.765231298041031,0.16671339153437728,0.9995594191279658,1.9950280140165504,0.001485411140583426,808.222760911917,0.45373199262178104,0.5033705646278577
102,ds102_time102_107.h5,0.00044407453232098637,0,7500.0,0.00025,2.6539323757718876,0.06269806300403702,11101.708936420147,-3.0680180806126307,-0.7675881199950109,0.21171970495202697,0.9989277104329752,2.0538962337043407,0.001421052631578712,883.3984027411356,0.47376894169891604,0.509548737280313
102,ds102_time102_108.h5,0.00044407453232098637,1,7500.0,0.0005,2.6059661444372755,0.06646185582204445,11387.515317156103,-3.050345635654673,-0.767435074381566,0.21338417299255286,0.9990896505113795,2.000616004143354,0.001421052631578712,884.665299785227,0.4743793101643732,0.5076327044180868
102,ds102_time102_109.h5,0.00047110964507477115,0,7750.0,0.00025,2.7011261736464705,0.06364589574314472,18821.378250999307,-3.0108153299537275,-0.7684304144616163,0.14757549338414416,0.9990036864240684,2.0272286315254906,0.0013978494623657634,901.0534672549708,0.5162846726658896,0.5125497525933902
102,ds102_time102_110.h5,0.00047110964507477115,1,7750.0,0.0005,2.714332377177864,0.056577109088923994,19055.55127150756,-3.0237458458019897,-0.7684020814772187,0.14924701308220517,0.9989607700594482,1.9773285025885026,0.0013978494623657634,901.0382405224609,0.516717854251973,0.5124828741350269
102,ds102_time102_111.h5,0.0005174268406499413,0,8000.0,0.00025,3.64533157913449,0.051867717298908156,10028.331572485688,-3.029823806149532,-0.7698088325776791,0.17513916678974284,0.9997574426170086,1.8933101105337102,0.001339285714285765,922.6456549014555,0.5475280017205676,0.511342115049575
102,ds102_time102_112.h5,0.0005174268406499413,0,8000.0,0.0005,3.6442367044441606,0.05051670185879753,10333.332174375388,-3.033610893290736,-0.7694771644743873,0.17315559661158375,0.9997607278635424,1.8660396883132302,0.001339285714285765,920.124789292078,0.5465241060413005,0.5107600532256606
102,ds102_time102_113.h5,0.0005174268406499413,1,8000.0,0.00075,2.347285126177322,-0.16598141389368992,286780.1765047486,-1.0098560101089125,-0.7021224560959306,0.4558219072086167,0.9971401991813886,5.422593804668408,0.0013928571428571956,1067.7552449997568,0.7483409916931075,0.3414562636502555
102,ds102_time102_114.h5,0.0005174268406499413,1,8000.0,0.001,2.3505859787376733,-0.126952782286877,283459.4335376448,-0.9394156890320906,-0.7000658869096698,0.4618127477713643,0.9958060081364211,5.535287878289917,0.0013928571428571956,1078.0289587160275,0.7486186616972414,0.34017336902934514
102,ds102_time102_115.h5,0.0005857693829873046,0,8250.0,0.00025,5.632342245492346,0.06654962183418589,13769.865244934386,-2.976162512134492,-0.7694498201071709,0.17238234449541417,0.9999173767812379,1.965548174882448,0.0012834224598932131,949.7446760792769,0.6266824585041388,0.5154923960546497
102,ds102_time102_116.h5,0.0005857693829873046,0,8250.0,0.0005,5.790899502634999,0.055861991752176765,13952.509654152036,-2.996429046022931,-0.7701490061728407,0.17110533489842447,0.9999427147415336,1.9137809426545935,0.0012834224598932131,947.5954917451666,0.6247296991737014,0.5146031193287838
102,ds102_time102_117.h5,0.0005857693829873046,1,8250.0,0.00075,5.636938165307103,0.061200503704505804,14206.61000082184,-2.956203290346765,-0.7692269481246409,0.16944622666031547,0.9999504517846574,1.913788050339046,0.0012834224598932131,948.3552170404358,0.6279615731511683,0.5138248303866294
102,ds102_time102_118.h5,0.0005857693829873046,1,8250.0,0.001,2.3553064269363206,-0.033427282294668625,259628.85905147862,-0.619114876547573,-0.6900387121713923,0.48427408132027217,0.9971143985164825,5.738739319654444,0.0013903743315509809,1082.7042558894095,0.7551185623613412,0.3198738617157778
102,ds102_time102_119.h5,0.0005857693829873046,1,8250.0,0.00125,2.2836839031107585,-0.0450761793031782,263267.12252737756,-0.5776227467417193,-0.69218527485223,0.4827839698284612,0.9973496200031322,5.6408822297828065,0.0013903743315509809,1074.0434739906357,0.7552410301608682,0.32037998822218944
102,ds102_time102_120.h5,0.0006812123355909895,0,8500.0,0.00025,7.982594068245929,0.05254137789662705,11781.720100599996,-2.907240281090743,-0.7694392980669813,0.16183763722830788,0.9999042012191984,1.938049471492829,0.0012299465240643292,973.2943851157775,0.7550261220978697,0.5228556109020802
102,ds102_time102_121.h5,0.0006812123355909895,0,8500.0,0.0005,7.918103625944642,0.06311936170852261,11682.21907532206,-2.913222945344051,-0.7689725158207217,0.16132352594644506,0.9998945302132579,1.8893380732320564,0.0012299465240643292,971.9661883862724,0.7560802715469763,0.5224767501489957
102,ds102_time102_122.h5,0.0006812123355909895,1,8500.0,0.00075,8.12029651296151,0.04461057205026253,11765.228563019915,-2.930823013192348,-0.76945743044121,0.16223364184865036,0.9999142431506257,1.9977601241551504,0.0012299465240643292,969.6597265956121,0.7519003974229773,0.5206745126132032
102,ds102_time102_123.h5,0.0006812123355909895,1,8500.0,0.001,2.241696562704259,0.0020565795281433097,173471.31054980343,-0.4244311786712832,-0.6951710430775571,0.4212370831088009,0.9982743499138077,5.29401465750817,0.006577540106952717,1038.2452378157966,0.7615075996124298,0.32867089782179504
102,ds102_time102_124.h5,0.0006812123355909895,1,8500.0,0.00125,2.276605723233052,-0.006132070601717832,182903.5826470853,-0.481788343754923,-0.6961137147865343,0.42522022932640297,0.9980318768444723,5.305776321856422,0.006577540106952717,1043.1172729025839,0.76166381009063,0.3280504925983714
102,ds102_time102_125.h5,0.0008114265141095617,0,8750.0,0.00025,8.468873532200545,0.06636858549566149,24261.34263175451,-2.8423624119875384,-0.7704026791075376,0.04380791881939393,0.9996401504866617,1.9214865097964542,0.0012321428571429038,999.6762635768007,0.953746258359446,0.5429212219711608
102,ds102_time102_126.h5,0.0008114265141095617,0,8750.0,0.0005,8.333714515320333,0.06776728933210596,24531.760755045674,-2.814833372916499,-0.7692587928314343,0.04490768368041714,0.9996963335918567,1.9546692697506003,0.0012321428571429038,1000.4414400033253,0.9533886498130352,0.5300080199237677
102,ds102_time102_127.h5,0.0008114265141095617,0,8750.0,0.00075,8.340746667469059,0.04813105434504483,24577.47025200846,-2.8147036705111304,-0.769381401338972,0.04532551140461002,0.9995226099046817,2.00019235909819,0.0012321428571429038,1001.5586217310412,0.9534244218807495,0.5328514725226708
102,ds102_time102_128.h5,0.0008114265141095617,1,8750.0,0.001,2.3388605242612805,-0.018763023978145554,140924.655931028,-0.6782694987580138,-0.7074397537141507,0.26545853955801363,0.998521588714881,4.621362749873151,0.014142857142857679,986.2807433415544,0.7695854485353045,0.35126967340110204
102,ds102_time102_129.h5,0.0008114265141095617,1,8750.0,0.00125,2.3532628461572447,0.013041203351788822,143483.63983112283,-0.6345493295731344,-0.7067231691534227,0.26102205250205407,0.9981728497174943,4.658116797088555,0.014142857142857679,987.5218651243226,0.7698086478239526,0.35157578823346963
102,ds102_time102_130.h5,0.0009870430970489376,0,9000.0,0.00025,9.947826920159923,0.05497373516236559,13953.69120253301,-2.7861052054040583,-0.7692824809113784,0.15584918734111705,0.9999974039670849,2.0254766749371953,0.000483870967741995,1018.132943012872,0.8960464582374861,0.5086842343491035
102,ds102_time102_131.h5,0.0009870430970489376,0,9000.0,0.0005,9.970193359049448,0.06011497682650058,13744.810386524463,-2.806488787715723,-0.7694906531416021,0.15381982232564845,0.9999974178805103,1.903561225948911,0.0011827956989248767,1018.65177803815,0.8945613090494766,0.5175229151661729
102,ds102_time102_132.h5,0.0009870430970489376,0,9000.0,0.00075,10.092395448560364,0.05839053831292462,13648.531835384447,-2.825475360445308,-0.7698431707807066,0.15484712651656027,0.999995118026704,1.927704855537666,0.000483870967741995,1017.9800911822954,0.8994827287501576,0.5204861146937462
102,ds102_time102_133.h5,0.0009870430970489376,1,9000.0,0.001,2.8620514152154284,-0.04659295225349158,63373.23683281262,-1.0022490847174599,-0.746735162365146,0.25326329280196336,0.9990343975252083,3.226721912970161,0.0038172043010757384,943.1983493716219,0.7645988044777748,0.430711894084095
102,ds102_time102_134.h5,0.0009870430970489376,1,9000.0,0.00125,2.8131947247697426,-0.007617320263135996,64100.47989537038,-0.950818421472389,-0.7452646476239261,0.2490586741127847,0.999468099402847,3.272749842797331,0.0038172043010757384,947.9825493733493,0.765079601927396,0.43212632095865094
102,ds102_time102_135.h5,0.0009466921880427128,0,9250.0,0.00025,8.426392167481092,0.050954861473872404,18525.969383402866,-2.781112020738643,-0.7695266111556913,0.1538374942541471,0.9995150760074609,1.9061826044937717,0.0011351351351353567,1040.1055114548951,0.976972832807522,0.5425298893901364
102,ds102_time102_136.h5,0.0009466921880427128,0,9250.0,0.0005,8.523880561465921,0.05586311857644266,18883.565304648764,-2.78830338873054,-0.7692965661458854,0.15204811315659236,0.9991710475878508,1.9026340434926194,0.0011351351351353567,1041.0521906101421,0.977366989400632,0.5466308983285586
102,ds102_time102_137.h5,0.0009466921880427128,0,9250.0,0.00075,8.449163753407312,0.05249087183660617,19018.7085959546,-2.796310475477696,-0.7690520613930251,0.15347813583912953,0.9995300972177888,1.9431102406465461,0.0004864864864865815,1041.187914996033,0.9769609029931948,0.5445549268539122
102,ds102_time102_138.h5,0.0009466921880427128,1,9250.0,0.001,3.349315052071857,-0.07427300641891343,134098.68296462728,-0.910082198808398,-0.7060048095150842,0.3515423123835245,0.9955263869730426,4.2188968471856265,0.003729729729730458,957.2664802740713,0.552484628743474,0.4277232225699122
102,ds102_time102_139.h5,0.0009466921880427128,1,9250.0,0.00125,3.221493183059058,-0.06741356954789768,133433.7098187135,-0.8875936093542887,-0.7077139667891555,0.3494568404176676,0.9965701647883131,4.141938788048222,0.003729729729730458,951.9636628089953,0.5509407253230642,0.42795908697124685
102,ds102_time102_140.h5,0.0008578025659833442,0,9500.0,0.00025,6.9879767424790105,0.06267199342824026,18710.347621021767,-2.7601377396016535,-0.7694523652526111,0.15765442751102798,0.9996329276694267,1.9773253299317712,0.0011052631578945538,1069.799386167408,0.8338261266432151,0.539098080739917
102,ds102_time102_141.h5,0.0008578025659833442,0,9500.0,0.0005,6.97307564098318,0.058426709254647546,18491.453328553936,-2.7607158824576556,-0.7694421219780407,0.15359753550973074,0.9997834329947648,1.9549616896702222,0.0004736842105262373,1071.7662194119039,0.8296761474604052,0.5414544979664461
102,ds102_time102_142.h5,0.0008578025659833442,0,9500.0,0.00075,6.760540878933649,0.06591039622690253,19157.095217785813,-2.724630368084063,-0.7698656697676829,0.15559548511816315,0.9996196436844198,1.9410053582232065,0.0004736842105262373,1072.6060162095632,0.8306864696066828,0.5381099623327902
102,ds102_time102_143.h5,0.0008578025659833442,1,9500.0,0.001,2.968264125342058,0.002439355362186646,189883.12708920025,-0.6301436971098718,-0.6836974113328314,0.42933204802695385,0.9965879946469949,5.82855318694174,0.003684210526315179,1003.6135299574615,0.5606767468513975,0.4342104212883377
102,ds102_time102_144.h5,0.0008578025659833442,1,9500.0,0.00125,2.9977452310953776,0.004329371192413278,191386.24591113714,-0.6309051883556065,-0.6839312815657332,0.4296765383081374,0.9965506211216385,5.602214333590547,0.003684210526315179,1000.2004713972292,0.560765762174269,0.4341921417192381
102,ds102_time102_145.h5,0.0007902807757185149,0,9750.0,0.00025,4.522516731455336,0.06920738048969577,15852.380347573191,-2.6509153969663015,-0.7695722588683666,0.14962059509963435,0.9995607638817793,2.137044477310946,0.0011140583554375694,1094.4265503994193,0.7390203665003077,0.5278612118654082
102,ds102_time102_146.h5,0.0007902807757185149,0,9750.0,0.0005,4.515781749274609,0.04839206845485,15963.873883278025,-2.6674961251175353,-0.7691124474172537,0.15197156324896996,0.9997778171915808,1.9949600922149295,0.0011140583554375694,1095.6037238763695,0.740127360244547,0.5281575034790911
102,ds102_time102_147.h5,0.0007902807757185149,0,9750.0,0.00075,4.542881835278595,0.07301777396825093,16254.709014233184,-2.6643825509682517,-0.7696215285822745,0.15081188543760277,0.9998586201616354,1.9361140979927671,0.000212201591511918,1098.248587513151,0.7387350602237819,0.5238821316920508
102,ds102_time102_148.h5,0.0007902807757185149,1,9750.0,0.001,2.836186065976041,-0.005267630776377263,253229.0498116731,-0.4808259172847392,-0.6822671875924982,0.5387438386458976,0.9962032832439068,5.390250945687326,0.010291777188328022,1027.254722346944,0.5335559220605111,0.40705918261687885
102,ds102_time102_149.h5,0.0007902807757185149,1,9750.0,0.00125,2.8221490438743633,-0.03606995495632259,261540.46149676054,-0.477680820003732,-0.6806897916710745,0.5390817691177228,0.9961164812630179,5.6163698322194895,0.010291777188328022,1024.918216771596,0.534284048426071,0.4070541233926142
102,ds102_time102_150.h5,0.0007381673738884626,0,10000.0,0.00025,3.014974999657241,0.05826992231939698,33891.44358078875,-2.6212054027498044,-0.7691432918430441,0.11985483859305321,0.9997160807339129,2.0493167976475033,0.0004285714285714448,1115.7689435441098,0.7023513361289905,0.5242746822555794
102,ds102_time102_151.h5,0.0007381673738884626,0,10000.0,0.0005,2.952155348523144,0.065450710819422,33376.28758646185,-2.5524524853882693,-0.7696762061395983,0.11955135369245111,0.9998015131245976,2.0260516423303154,0.0004285714285714448,1116.8921074468467,0.7018275845086785,0.5245364301978483
102,ds102_time102_152.h5,0.0007381673738884626,1,10000.0,0.00075,3.078550762498365,0.07663591582892026,34124.28105314586,-2.622605293258785,-0.7689833265186526,0.11842719114724058,0.9998060899907671,2.062187756494851,0.001071428571428612,1117.1646346018215,0.7032863462729094,0.5246164576300109
102,ds102_time102_153.h5,0.0007381673738884626,1,10000.0,0.001,2.8818852678900555,-0.01237369581584824,348788.5458074071,-0.41255284440762385,-0.6854824437298163,0.4106950734788661,0.995269171366966,6.072416503827573,0.004178571428571587,1036.0284406986548,0.5400861904219592,0.40652842573246245
102,ds102_time102_154.h5,0.0007381673738884626,1,10000.0,0.00125,2.7904637228683273,-0.026138812067068695,353979.7838356605,-0.3996844202327365,-0.6866836249670722,0.4056281529615801,0.9956755731641072,5.7834365457162615,0.004178571428571587,1033.9202092466137,0.5391468701906303,0.4058482370098405
102,ds102_time102_155.h5,0.0006975142610794725,0,10250.0,0.00025,2.462922770924838,0.03368711381524947,19713.607451625485,-2.5393888465299717,-0.7696916867434715,0.1555031272085479,0.9998514613206559,2.0142657798768338,0.00043360433604333615,1136.7560940951644,0.6972974270516976,0.519653303926397
102,ds102_time102_156.h5,0.0006975142610794725,0,10250.0,0.0005,2.388588388355812,0.049131101244674014,19533.238689086502,-2.5460805842640193,-0.7687375058144852,0.15610945062253234,0.9998102360992102,1.996586641896829,0.00043360433604333615,1141.7613014306853,0.6984615775834695,0.5204775283413277
102,ds102_time102_157.h5,0.0006975142610794725,1,10250.0,0.00075,2.4406159500214564,0.06009480064699102,19038.13849934501,-2.51497580803897,-0.7687472672169161,0.1535050077553415,0.9997732571267082,2.101623697039384,0.00043360433604333615,1138.3554719093563,0.6978094816207496,0.5244528547809986
102,ds102_time102_158.h5,0.0006975142610794725,1,10250.0,0.001,2.7534174803112426,0.018595931080455985,375349.5984360423,-0.29604993692871046,-0.6877520844557807,0.615322817425448,0.9967232874709622,6.3841232552591505,0.008292682926828804,1061.2208889823992,0.5534240560107243,0.4093623448609405
102,ds102_time102_159.h5,0.0006975142610794725,1,10250.0,0.00125,2.7659481698901014,-0.014348201045559783,374736.87981929537,-0.34350393871131646,-0.6842817735080218,0.6192104970174386,0.9955703129260445,6.642443467407192,0.014200542005419259,1068.0528481444485,0.5556450714140865,0.40944692449793113
102,ds102_time102_160.h5,0.000665593754188101,0,10500.0,0.00025,2.2964660637353225,0.04072612235508921,18675.204416561413,-2.5513868381556835,-0.7695792950574029,0.15339185745214026,0.9998365838905583,2.147236136474596,0.0004232804232804366,1162.1457481819778,0.6778524910287261,0.5190414296689
102,ds102_time102_161.h5,0.000665593754188101,0,10500.0,0.0005,2.246210715387426,0.06506120018990225,18662.486462367833,-2.5721272712264427,-0.7686449005795621,0.15529702548842497,0.9998582543274644,2.0796872569165257,0.0004232804232804366,1162.4000264989336,0.6779581292432196,0.5208252844596251
102,ds102_time102_162.h5,0.0006404835627914303,0,10750.0,0.00025,2.262261365030455,0.03275082034713139,27083.65060545608,-2.509742584910026,-0.7661489047689465,0.17421301601229275,0.9998788893864975,2.1199559151706486,0.002361359570661897,1185.3804194095349,0.6960153360226126,0.5476799153244383
102,ds102_time102_163.h5,0.0006404835627914303,0,10750.0,0.0005,2.2307761051447295,0.028697549351569984,27919.210093949518,-2.558953739764296,-0.7651677015941472,0.17508931456788557,0.9997541101771684,2.164563217483569,0.0018246869409660111,1182.103751668065,0.6964535683868918,0.5484250528625254
102,ds102_time102_164.h5,0.0006207929535671813,0,11000.0,0.00025,2.039186916438756,0.01785841816071221,28439.711821330755,-2.4555569884824844,-0.7623250657451583,0.18437357086971104,0.9995629198171232,2.26736457011007,0.001783216783216468,1209.9892466666095,0.6915303384536614,0.5341980029830882
102,ds102_time102_165.h5,0.0006207929535671813,0,11000.0,0.0005,2.103455885434363,0.039882769556021325,29218.698698913875,-2.389000563988686,-0.7611987590735586,0.18515488907319247,0.9995091158973447,2.3465388801933753,0.001783216783216468,1212.550115050981,0.6915596297057675,0.5364801279114263
102,ds102_time102_166.h5,0.0006054911611434049,0,11250.0,0.00025,2.1412353869347363,0.05586074274780706,29980.936121055554,-1.9571082482755924,-0.748743012534541,0.23838974730181223,0.9979989721214036,3.1316069378334106,0.0017066666666667452,1220.406269653672,0.7251275597201774,0.5374829901420082
102,ds102_time102_167.h5,0.0006054911611434049,0,11250.0,0.0005,2.130445303563012,0.07176470114057798,30134.00047826324,-1.920112038568789,-0.7480842102725007,0.2322492875707386,0.9983938562217252,3.0852823237550733,0.0017066666666667452,1220.6693364847092,0.725096415229685,0.5378512369442955
102,ds102_time102_168.h5,0.0005938040312460627,0,11500.0,0.00025,2.1252554492803726,0.07387632738050276,60982.22937954161,-1.666022316296448,-0.7427392542736714,0.18682520926894486,0.999112340172956,3.4816861535775234,0.0022282608695653183,1225.689496152439,0.7604698991584115,0.5693354434325849
102,ds102_time102_169.h5,0.0005938040312460627,0,11500.0,0.0005,2.081147108028441,0.04835061133253693,60063.85138449139,-1.6964390832709664,-0.7418857707994075,0.1862573508518051,0.9994369796210166,3.3321782836493714,0.0022282608695653183,1219.0257144351745,0.7601282030562031,0.5670888150207353
102,ds102_time102_170.h5,0.0005851424430883333,0,11750.0,0.00025,2.199028099213587,0.06338317291647533,60977.45692291014,-1.7007613428150148,-0.738974168827856,0.18563452381499865,0.9999139124089044,3.5058344285166574,0.0021808510638296197,1243.4192081746237,0.7486578121558767,0.617117083425045
102,ds102_time102_171.h5,0.0005851424430883333,0,11750.0,0.0005,2.2362681739878787,0.058817199650405216,62023.84779095564,-1.6553059108965877,-0.7402545955058557,0.1865705020488567,0.9999151469710459,3.359248829096678,0.0021808510638296197,1246.1038879071057,0.7479425457940417,0.6152574129495882
102,ds102_time102_172.h5,0.0005790434767443449,0,12000.0,0.00025,2.4798151542585547,0.05623511332247122,44181.75479914501,-1.5245934237613468,-0.7306616889474983,0.37119573998855937,0.9999482905464654,3.8217351214485817,0.0016304347826087695,1245.6787139953115,0.7596970882613141,0.6024115462497441
102,ds102_time102_173.h5,0.0005790434767443449,0,12000.0,0.0005,2.5152611180024826,0.0687417883316277,44586.515801209316,-1.5027494109019486,-0.7297504150965562,0.36441648353305933,0.9999523534567876,3.8543789760356653,0.0016304347826087695,1242.2316369792725,0.7602464026577798,0.5997929778137742
102,ds102_time102_174.h5,0.0005751500569498888,0,12250.0,0.00025,2.687323351428093,0.05090846227432966,41203.39666281722,-1.507268040223593,-0.7340721921769644,0.3657583472193162,0.9999668202983181,3.692444113967974,0.001597160603371839,1273.4316989582744,0.7358745313328953,0.5700093641968262
102,ds102_time102_175.h5,0.0005751500569498888,0,12250.0,0.0005,2.666439999579343,0.10497026939833098,42165.80708317192,-1.5393517197905378,-0.731442600368842,0.3543573648166397,0.9999826216066406,3.7646407444864325,0.001597160603371839,1270.3257382736579,0.7376514328170577,0.5664918521922039
102,ds102_time102_176.h5,0.0005731765115385827,0,12500.0,0.00025,2.8757587151128123,0.07063022058428414,40485.13145246061,-1.5448361427524466,-0.7338547611384155,0.36120374279581824,0.9999864309346086,3.595892803799834,0.0015652173913043024,1296.5415809805756,0.7173332569366939,0.5409765453929045
102,ds102_time102_177.h5,0.0005731765115385827,0,12500.0,0.0005,2.8717610486981147,0.051949023098196045,42038.44945096165,-1.5649543938909096,-0.7338965857689546,0.3478706244445995,0.9999880550853082,3.773573356335982,0.0015652173913043024,1296.9244656283147,0.7179741114889354,0.5405967918223186
102,ds102_time102_178.h5,0.0005728959363312123,0,12750.0,0.00025,3.052164655950799,0.057210912407821723,59310.80816829349,-1.369880529567363,-0.7272967230418084,0.42172647181509276,0.9999731838317095,3.865291737173634,0.004331550802139594,1290.2404642622719,0.7241793682697624,0.48849831095482893
102,ds102_time102_179.h5,0.0005728959363312123,0,12750.0,0.0005,3.027453115207304,0.05955040400651446,57704.59978168728,-1.417595536907985,-0.7302961037232302,0.43019016218408274,0.9999862056375292,3.988072473388711,0.004331550802139594,1289.2162464746389,0.7233707489468765,0.487699153446201
102,ds102_time102_180.h5,0.0005741261138731244,0,13000.0,0.00025,3.1229679343896657,0.038662327823350884,59025.772043021134,-1.495323393349896,-0.7312169262734365,0.4236607731147443,0.9999934639998941,3.794160354296522,0.0042482517482515594,1312.48556898153,0.7087441587517117,0.4788149807451145
102,ds102_time102_181.h5,0.0005741261138731244,0,13000.0,0.0005,3.1369326137209517,0.07298835720037178,55264.29516659703,-1.5005702693162246,-0.7316424675207899,0.42586912717059144,0.9999871010497335,3.935807794708103,0.0042482517482515594,1318.3340750522982,0.7096739445453708,0.47854295963827165
102,ds102_time102_182.h5,0.0005767172021965259,0,13250.0,0.00025,3.0899798507073766,0.04188149309620859,57805.212104191756,-1.337436082349388,-0.7272355935226149,0.4859586089821932,0.9971383568080132,3.8110282172637127,0.003719676549865255,1314.6212806632404,0.7198581533311144,0.45282357976871224
102,ds102_time102_183.h5,0.0005767172021965259,0,13250.0,0.0005,3.3022201942846587,0.059258964562092675,56282.54589524868,-1.3922482621349432,-0.7264541769167713,0.48994070405476314,0.9961931150785066,3.9097495905505513,0.003719676549865255,1316.78758625129,0.7203750377852712,0.45180108416281445
102,ds102_time102_184.h5,0.0005805470074633462,0,13500.0,0.00025,3.1801189407587005,0.0758735753691886,51271.300566780556,-1.3202317267370058,-0.7300320204824986,0.47291104140608226,0.9999990222307915,3.7224760005654534,0.0036507936507937655,1339.0152123773523,0.7080155243584081,0.4434010677445071
102,ds102_time102_185.h5,0.0005805470074633462,0,13500.0,0.0005,3.0928070886495322,0.060545916616966844,52956.81087009767,-1.357106943242357,-0.7298722552680085,0.46946317138392013,0.9999985882536647,3.870793763891951,0.0036507936507937655,1340.054122497471,0.7064476584211832,0.4447044749915536
102,ds102_time102_186.h5,0.0005855191917112603,0,13750.0,0.00025,3.2354626238244,0.05402193017798629,104306.09115839592,-1.3428675055030321,-0.7281794773688951,0.5219255748518812,0.9968381166145043,3.771556908313145,0.0035999999999998954,1333.6227500805674,0.7189117288217951,0.42384163259895546
102,ds102_time102_187.h5,0.0005855191917112603,0,13750.0,0.0005,3.18268985820085,0.015240794992194218,100380.94689540063,-1.310021347639477,-0.7275448740346326,0.5228890308924444,0.9969080708102442,3.8107185187535095,0.0035999999999998954,1325.8660673565655,0.7185358762084094,0.4258020002856557
102,ds102_time102_188.h5,0.0005915514880638216,0,14000.0,0.00025,3.119412607946665,0.011122140346757181,103338.08575921676,-1.3478467940363876,-0.7311380245577521,0.5006996974973892,0.9971015087799387,3.7098285187530373,0.006107142857143089,1361.43697671773,0.7136610991278244,0.4213228392436205
102,ds102_time102_189.h5,0.0005915514880638216,0,14000.0,0.0005,3.094662381314023,0.029046292862622725,103234.31909700876,-1.3198140709582769,-0.7304516623265441,0.4972499083423882,0.9959813701453911,3.6065810211788722,0.006107142857143089,1364.7884939778878,0.7147635424572147,0.4205101060699162
102,ds102_time102_190.h5,0.0005985772843188245,0,14250.0,0.00025,3.143583244236793,0.049911449267342034,104654.14900239813,-1.309262930588532,-0.7309765954554991,0.5095392659061792,0.9957515948121707,4.023359105586835,0.008105263157894463,1408.324534002172,0.7142017945900797,0.4198235003936674
102,ds102_time102_191.h5,0.0005985772843188245,0,14250.0,0.0005,3.3286338148074877,0.05507005291768374,106210.05014851794,-1.3538909388223657,-0.7306235878333682,0.5165651073584919,0.9961236452741777,3.93105539986827,0.008105263157894463,1407.6443189175911,0.7118849296741094,0.42083031309420904
102,ds102_time102_192.h5,0.0006065425229910065,0,14500.0,0.00025,3.1879571112787874,0.04042016529900316,121389.8448404609,-1.0601261016110175,-0.7138689623414345,0.6917588706221068,0.9949150786779879,5.392060222750612,0.012087114337568552,1461.8932921139894,0.7585290532051382,0.42855734205258045
102,ds102_time102_193.h5,0.0006065425229910065,0,14500.0,0.0005,3.11096379745489,0.04651510068927389,117424.76435594927,-1.0711155978399467,-0.712033848180818,0.7008417996767272,0.9886424381020625,5.268901206472312,0.012141560798548591,1463.028940156611,0.7592077808985536,0.4261486542053827
102,ds102_time102_194.h5,0.0006154029459893082,0,14750.0,0.00025,2.9487020589248574,-0.027784657369002153,152721.4790617543,-0.9472335553726993,-0.6966499393417,0.7057587042225975,0.9968419169682222,5.618355426745705,0.0027832292595895702,1516.2025262947536,0.7478350061066008,0.4291315193075115
102,ds102_time102_195.h5,0.0006154029459893082,0,14750.0,0.0005,3.0865547564216596,-0.013755697792372956,149365.72763926527,-0.9700761762996527,-0.6984793947053598,0.7323804074277187,0.9922491226439747,5.430013926629412,0.0027832292595895702,1509.7547316210694,0.7476994947372909,0.429371120843432
102,ds102_time102_196.h5,0.0006251230252290775,0,15000.0,0.00025,3.0060972811573134,-0.08624209828040208,217583.57899688464,-0.9910632361998022,-0.7036001819737396,0.6525323730555693,0.9894734643667736,5.328014594688031,0.0016315789473683657,1551.9342959043772,0.7333970156126731,0.4304565385455664
102,ds102_time102_197.h5,0.0006251230252290775,0,15000.0,0.0005,3.0595833317483794,-0.0860197384137551,207597.28418428317,-0.9859791014589913,-0.7049591229364205,0.6655547128406085,0.9920608817372587,5.216576958261489,0.0016315789473683657,1557.2462081881845,0.7332142299395327,0.42812526350960955
102,ds102_time102_198.h5,0.0006185078186179521,0,15250.0,0.00025,2.9050933732550193,-0.0945266342524379,302250.49097576056,-0.8344317343238024,-0.6937680035637944,0.8506742181965351,0.9917386708135564,6.309757609808168,0.013497267759563643,1529.156311207155,0.7653073599842142,0.40311246948679796
102,ds102_time102_199.h5,0.0006185078186179521,0,15250.0,0.0005,2.8821945528032753,-0.08608348240681818,297756.37144922494,-0.8223839949855986,-0.6929430270737357,0.8379649363909805,0.9916829409629279,6.581433441305717,0.013497267759563643,1520.4547850614617,0.7651795229184633,0.40354042677683505
102,ds102_time102_200.h5,0.00059138159147414,0,15500.0,0.00025,2.8382592138184166,-0.11884279145738086,309925.9094097551,-0.7336815294853377,-0.6956493724549552,0.8576267433841941,0.9903822573688252,5.948337654349985,0.005537634408602474,1569.044556629813,0.7518395196946507,0.4051571869246061
102,ds102_time102_201.h5,0.00059138159147414,0,15500.0,0.0005,2.8826585270604186,-0.10170535316859985,319953.2716278259,-0.7715796716301211,-0.6935055065109942,0.8486184354668319,0.9910029829184961,6.477825266022139,0.005537634408602474,1583.8925412428966,0.7524190180496424,0.40476432155445385
102,ds102_time102_202.h5,0.0005681114062377804,0,15750.0,0.00025,2.8221189392602364,-0.12562833349121094,333301.3693653635,-0.611144670208615,-0.6964292889445678,0.8580477582195101,0.9926055665992904,5.9033693961540505,0.005079365079365239,1619.7834594339358,0.7369338675312324,0.40038786416552014
102,ds102_time102_203.h5,0.0005681114062377804,0,15750.0,0.0005,2.7400075414014307,-0.12404539507217116,342878.1130476762,-0.7247119587497021,-0.6954426906518538,0.8330246557606,0.9931772003400502,5.938005696441566,0.005079365079365239,1603.9357574443327,0.7367424487056327,0.4018528086751783
102,ds102_time102_204.h5,0.0005480755708500876,0,16000.0,0.00025,2.6763292424137184,-0.1403065760454214,317988.1247592839,-0.6063668858805765,-0.7038929925810731,0.8420215894448535,0.9900223071090826,5.691952075959397,0.001562500000000036,1620.1828500609236,0.7217405231002167,0.39648460853408274
102,ds102_time102_205.h5,0.0005480755708500876,0,16000.0,0.0005,2.694377020849961,-0.13563759076358872,321396.24555639096,-0.6240022771575781,-0.701446131877824,0.8558070870564012,0.9900019491304973,5.848272111372526,0.001562500000000036,1614.0450536076214,0.7225771546586498,0.3981945113787663
102,ds102_time102_206.h5,0.0005307703910773078,0,16250.0,0.00025,2.498664121626615,-0.1557525697824853,374665.1249207136,-0.4464192611509731,-0.7025331107400874,0.9103866439151286,0.9867438950103142,5.730047354960355,0.0011945701357466143,1629.703558662816,0.7641298025922938,0.39176965980392586
102,ds102_time102_207.h5,0.0005307703910773078,0,16250.0,0.0005,2.511772743285994,-0.1476393938724203,376174.11919227825,-0.48030379481091867,-0.7053099800871997,0.9164701180322512,0.9878930546898316,5.423660417504949,0.0011945701357466143,1628.6652873771584,0.7632727084203423,0.39075591061471626
102,ds102_time102_208.h5,0.000515790496143322,0,16500.0,0.00025,2.483743676215697,-0.1716332291613767,342163.5843231921,-0.46327600858192886,-0.7126775479737446,0.8698310290592216,0.9872356183380461,5.262505161128971,0.0011764705882352927,1630.0452879920026,0.7484365610842002,0.38779546420656824
102,ds102_time102_209.h5,0.000515790496143322,0,16500.0,0.0005,2.4995618283787016,-0.19191135289257344,351971.7181270954,-0.4240283247167728,-0.7140971173097791,0.8990252865066548,0.9867890225503378,5.3606589261435085,0.0011764705882352927,1641.929682800815,0.748204460319324,0.3861815280802133
102,ds102_time102_210.h5,0.0005028081731944382,0,16750.0,0.00025,2.477268283148951,-0.1884657199703983,326911.68043678167,-0.5311812993431845,-0.7175166597602206,0.838429386232145,0.9881534741456736,4.96973900883021,0.0011589113257244321,1635.3920794407961,0.7339607669258003,0.38246878095769143
102,ds102_time102_211.h5,0.0005028081731944382,0,16750.0,0.0005,2.503597851630879,-0.1476748019505203,328955.2850071938,-0.5598947245906237,-0.7157516841869408,0.8521729708598587,0.9906910625238698,4.940884719477595,0.0011589113257244321,1632.760505888534,0.7346100134656318,0.38350215242456825
102,ds102_time102_212.h5,0.0004915533299655084,0,17000.0,0.00025,2.4099717243221606,-0.18555835093632145,284831.35021489114,-0.7910715010747319,-0.7211414667859297,0.8595497227409692,0.9876497661520439,4.869870262675534,0.001141868512110622,1635.599419499883,0.720072600701083,0.38296192876903073
102,ds102_time102_213.h5,0.0004915533299655084,1,17000.0,0.0005,2.419585163888148,-0.1648333455469051,288333.6142208455,-0.7474966809115138,-0.7182441265464601,0.865358453520883,0.9892427276289013,4.988569416825953,0.001141868512110622,1654.310173872905,0.7206707620682836,0.3831992217253257
102,ds102_time102_214.h5,0.00048180550089331,0,17250.0,0.00025,2.468468208340678,-0.1926466072628733,461501.5943475437,-0.8512377574785178,-0.7218980143739125,0.68036771344789,0.9900540985565445,5.1253501375404005,0.0011413043478261387,1643.4494633584195,0.764871341106904,0.370849328448267
102,ds102_time102_215.h5,0.00048180550089331,1,17250.0,0.0005,2.478891781088873,-0.1614637546995179,464344.5742980939,-0.850249883290697,-0.7184406563562058,0.6627889297769132,0.9894186698103459,5.285163300185799,0.0011413043478261387,1644.9473972702594,0.7654645351178067,0.3728073430260692
102,ds102_time102_216.h5,0.0004733770257358412,0,17500.0,0.00025,2.467733696223954,-0.14876885710853904,479921.83940094046,-0.961172597961071,-0.7154945440761386,0.676669290695854,0.989117040762442,5.412432041876639,0.0011250000000000426,1670.1075281681747,0.7508584794324595,0.371097422037478
102,ds102_time102_217.h5,0.0004733770257358412,1,17500.0,0.0005,2.550929737043943,-0.14151544923465287,483499.75125216745,-0.9868958440629949,-0.7145204858740134,0.685235694865077,0.9899327230671496,5.260216307084231,0.0011250000000000426,1669.1629182690117,0.7514556026773274,0.370273965243383
102,ds102_time102_218.h5,0.00046610990217891125,0,17750.0,0.00025,2.524312574448469,-0.13566504334666518,481095.7688188732,-1.0080727135577052,-0.706961438582912,0.7182943033541177,0.989732977900556,5.826002485263735,0.0014788732394366564,1685.9501050173255,0.7378942439593114,0.3729442452274721
102,ds102_time102_219.h5,0.00046610990217891125,1,17750.0,0.0005,2.573815630920958,-0.15958345547385056,506211.892922516,-1.0873437206407166,-0.7080993779746434,0.7003375810086995,0.990332234170438,5.749990532911868,0.0014788732394366564,1685.3755444510641,0.7371016597415223,0.3727775614405486
102,ds102_time102_220.h5,0.00045987420359456567,0,18000.0,0.00025,2.587368214112245,-0.14489232002546926,509492.59259470674,-0.9813303023212526,-0.7035742681786954,0.7322257983696896,0.9881323928879618,5.804618238168813,0.001458333333333367,1696.790854635458,0.7251687367598695,0.375404909702338
102,ds102_time102_221.h5,0.00045987420359456567,1,18000.0,0.0005,2.5687080072681368,-0.1498432475858814,514599.82020493544,-0.9544110854076123,-0.7032134896611523,0.7369935112336135,0.9874819184401664,6.473556811128491,0.001458333333333367,1709.1803099927208,0.7255401349437066,0.37475090825788404
102,ds102_time102_222.h5,0.0004545583398597319,0,18250.0,0.00025,2.520943419570512,-0.12624030238944228,565500.9716560838,-0.9452333340611492,-0.7016555179400883,1.0833730577494491,0.9869358157651801,6.3845784778392884,0.0014246575342465805,1722.9781209797573,0.7762701209147332,0.3718782288718037
102,ds102_time102_223.h5,0.0004545583398597319,1,18250.0,0.0005,2.562829106534419,-0.17781768162219436,562200.7269654452,-0.9578092341212256,-0.7008450207619065,1.0987732404371957,0.9885017716561298,6.0513671641158275,0.0014246575342465805,1705.4063134085084,0.776053282615565,0.3730230492666188
102,ds102_time102_224.h5,0.00045006501780386237,0,18500.0,0.00025,2.506672246293398,-0.14491879930107843,548236.7579339512,-0.9088046304686498,-0.7029844914686502,1.0777451301627494,0.9908926073306186,6.038338106322111,0.001405405405405409,1710.5659537285285,0.7623836102103124,0.37710559203549027
102,ds102_time102_225.h5,0.00045006501780386237,1,18500.0,0.0005,2.4818288224179064,-0.1390670174333719,545903.1550559418,-0.8814131159491304,-0.701060897523055,1.0708812804269765,0.9904505915527156,6.3160712079963135,0.001405405405405409,1714.9797270026559,0.7628768966318409,0.376947006270756
102,ds102_time102_226.h5,0.0004463144912859659,0,18750.0,0.00025,2.5594575601242116,-0.12186405007857837,530424.0873203289,-0.7838989762072249,-0.7013965297057349,1.0707527785778936,0.9909138812513183,6.31243149376083,0.005386666666666914,1719.6184422346923,0.7494151991856365,0.37930202234949534
102,ds102_time102_227.h5,0.0004463144912859659,1,18750.0,0.0005,2.5365629755368166,-0.15412900613024916,547766.3939710776,-0.832085699695837,-0.6998385071412787,1.0891223058910116,0.9885653764590444,6.220261004139836,0.005386666666666914,1736.581820497541,0.7496523404076088,0.37898503672005185
102,ds102_time102_228.h5,0.00044323356431264123,0,19000.0,0.00025,2.6035150663545945,-0.0882095776918197,507617.65486444684,-0.7125259439133638,-0.6844609022576458,1.0623060826445352,0.989839633605581,7.255169264823865,0.0011052631578946995,1620.8930578991642,0.7331799305627497,0.37205898076684746
102,ds102_time102_229.h5,0.00044323356431264123,1,19000.0,0.0005,2.650921754065748,-0.09705130674665119,500698.93821867474,-0.8129748441013279,-0.6840903094729661,1.0604888302735704,0.9885061551280894,6.949198553456955,0.0013684210526315325,1618.6148695573204,0.7330103015642794,0.3727433745261128
102,ds102_time102_230.h5,0.0004407624451935644,0,19250.0,0.00025,2.5614073631641867,-0.07623239021749728,489902.64642074425,-0.6226369489788833,-0.6927708564314128,1.1511810547957833,0.9885092085879734,6.720405968784659,0.0067532467532469,1716.1665974911725,0.7277406560603189,0.38286348423994265
102,ds102_time102_231.h5,0.0004407624451935644,1,19250.0,0.0005,2.560889467733195,-0.04667593685867666,492946.8576541026,-0.6094258148031687,-0.6880596955762285,1.1312639701222398,0.9888567520766907,6.363644565064753,0.0025454545454546007,1717.940029279741,0.7284262100790054,0.38309118579847523
102,ds102_time102_232.h5,0.0004388481116668994,0,19500.0,0.00025,2.505899791867253,-0.13762969033630057,701704.379523451,-0.5802293912749734,-0.6955036265158522,1.1725446848665726,0.9887875550149833,6.59535489413052,0.0067032967032964255,1729.3170367920156,0.7831577808260145,0.38408670855839433
102,ds102_time102_233.h5,0.0004388481116668994,1,19500.0,0.0005,2.562240224323056,-0.16343171289389236,699688.2644773414,-0.6171074017022665,-0.6968684861171612,1.2202913188411584,0.9906333227588793,6.255197027791911,0.0067032967032964255,1730.688749606276,0.7837081302832319,0.383236375952223
102,ds102_time102_234.h5,0.0004374435510166058,0,19750.0,0.00025,2.513446116917148,-0.1331258223276337,685652.5189721795,-0.5284211529612323,-0.6933996180151842,1.2203158981219857,0.9900413106302176,6.043552999693587,0.002495479204340123,1757.5017869520257,0.7716717514285494,0.3897660614608773
102,ds102_time102_235.h5,0.0004374435510166058,1,19750.0,0.0005,2.532405069010218,-0.15273553580538257,675643.7049354324,-0.5200091111410415,-0.6984322761490792,1.2423965318284176,0.9874899573487663,6.312457101536332,0.002495479204340123,1768.6059590910136,0.7710878603257162,0.38812543614489226
102,ds102_time102_236.h5,0.0004365070747838573,0,20000.0,0.00025,2.5291909637226966,-0.11344883495133484,630910.1064533509,-0.46853758735260165,-0.6987334682661716,1.2360958560861663,0.9895319355886306,6.416609037668524,0.0024642857142858077,1771.9420555935974,0.7594973234354815,0.38902477815146363
102,ds102_time102_237.h5,0.0004365070747838573,1,20000.0,0.0005,2.4885152677235696,-0.13258184147503294,658374.3515840785,-0.48163977198515856,-0.6940242929942388,1.2669714789920696,0.9909327191010983,6.1824474934432265,0.0024642857142858077,1775.1040644945424,0.7596172273122551,0.3907961776887346
103,ds103_time103_1.h5,0.0014729720492096473,0,2000.0,0.001,2.800560040583442,0.3165509728357456,41608.35932323192,0.16273014062581928,-0.466298663852145,0.3605791404263898,0.9953276541193954,2.3443596374873934,0.0004787234042553656,233.00289555463047,0.7889930886201282,0.20043929249937126
103,ds103_time103_2.h5,0.0014729720492096473,1,2000.0,0.002,2.2727495925011976,0.21096173337832846,959925.6585194835,-0.2718954574207424,-0.3885380051557006,0.3193679222257931,0.9991231295407104,3.779421115571784,0.007898936170213533,364.1349841659065,0.7427341323600993,0.26329663784408713
103,ds103_time103_3.h5,0.0014729720492096473,1,2000.0,0.003,2.4490880097517786,0.12588393746860738,11875057.114443304,-0.05448541661667338,-0.3070677712681378,0.45031770283066674,0.9980230467460882,6.234837411911758,0.02194148936170426,599.8094580804332,0.7496945639846634,0.23457799965407922
103,ds103_time103_4.h5,0.00486265734176468,0,2500.0,0.001,2.065423515357332,0.2886105775916601,40864.21496197046,0.27224259846906373,-0.48002085625489077,0.3951745048188781,0.9952683449326738,2.3681537414536846,0.0003999999999999837,272.07047716634764,0.7332362994084202,0.1857541094314595
103,ds103_time103_5.h5,0.00486265734176468,0,2500.0,0.002,2.08147339013756,0.31836797384744797,170540.45867403736,0.08907217337705177,-0.464778047520273,0.2819186107914555,0.9928774696056332,2.4391789660700405,0.00047999999999998044,254.1014847510315,0.7291003019924499,0.19306485074972776
103,ds103_time103_6.h5,0.00486265734176468,0,2500.0,0.003,2.337062061881573,0.3089804308317582,359200.86101569986,0.01775712828845819,-0.4536274110327737,0.3013531782666209,0.9849115047339787,2.4248311845852752,0.00047999999999998044,244.77238432837993,0.7274244754525483,0.2068926631179374
103,ds103_time103_7.h5,0.00486265734176468,0,2500.0,0.004,2.594579157091293,0.31841220221068,546845.6132436487,0.02682616057281578,-0.4445778061848557,0.38570917246819936,0.9706110093436181,2.3698222178077124,0.0005599999999999772,241.57909527087003,0.7236122401504119,0.23476996240227876
103,ds103_time103_8.h5,0.00486265734176468,1,2500.0,0.005,2.677009984952124,0.3123367689283184,873182.7707412535,-0.006503328261042135,-0.43289430217317815,0.3513993036636995,0.9952296955943742,2.35154294482435,0.005439999999999778,245.28421337867925,0.8094398313900497,0.2980716368680963
103,ds103_time103_9.h5,0.00486265734176468,1,2500.0,0.006,2.2362222538735703,0.2806942836030515,2460045.4822215056,-0.19769770128354522,-0.39486403804129916,0.3019492149868834,0.9996580981213312,3.0974165748740714,0.005519999999999775,346.69210155764,0.8544949332480445,0.32121854680794776
103,ds103_time103_10.h5,0.00122736072758267,0,3000.0,0.001,2.946385290188144,0.2785125223304178,50491.40533839018,0.2832666536208148,-0.4718201093167425,0.40100526102926254,0.997628314306492,2.349595005483175,0.0003225806451612903,308.0721955756899,0.8553498440218662,0.27096601233684386
103,ds103_time103_11.h5,0.00122736072758267,1,3000.0,0.002,2.1541832879407616,0.18142363733209077,770796.5116384726,-0.06185690165363348,-0.3939959310957911,0.4646461441239363,0.9991158621781667,3.9077880224827695,0.019596774193548386,458.9864804547015,0.7759493502269683,0.25747995230274756
103,ds103_time103_12.h5,0.00122736072758267,1,3000.0,0.003,2.290195825627576,0.12113450911863377,8482687.348140594,0.1385825855779722,-0.34199836801186223,0.6008964335173224,0.9985081893469983,6.158329145860375,0.009758064516129032,657.2122415680724,0.7841627424193783,0.23768555947738773
103,ds103_time103_13.h5,0.0037118327626069485,0,3500.0,0.001,2.337795889128182,0.2346065232831287,40986.24065447754,0.5249640131023039,-0.48387841550439326,0.34586352179671,0.9917535801006802,2.337798953061364,0.000317460317460317,353.98389731951886,0.7206163264243918,0.1974963353542141
103,ds103_time103_14.h5,0.0037118327626069485,0,3500.0,0.002,2.684942297039032,0.2937153857781113,107685.28118473588,0.18864990329199616,-0.4708525058832417,0.24518178688587206,0.9897274231908719,2.4386408229226393,0.000317460317460317,326.2373670156375,0.6896954933933482,0.20539463084029977
103,ds103_time103_15.h5,0.0037118327626069485,0,3500.0,0.003,3.0061463617421618,0.31676922990164025,238970.1435880704,0.08731928766973263,-0.45918962094465815,0.15661977367790766,0.9879761822155506,2.3621024800274353,0.0003968253968253963,319.49544117734155,0.6603518547124207,0.21677831477309195
103,ds103_time103_16.h5,0.0037118327626069485,1,3500.0,0.004,2.314873142965349,0.29104629207649513,612776.6054122372,-0.16065472108025977,-0.4327170717877061,0.3175759931701093,0.9991342528980947,2.7135598605752436,0.003888888888888884,347.04826996039,0.8108407099273569,0.34196412920925234
103,ds103_time103_17.h5,0.0037118327626069485,1,3500.0,0.005,2.3843269710691666,0.23352736355196302,2677940.2835510382,-0.3403780866413839,-0.3791523271775049,0.38554892560261617,0.9996212036815016,3.8406651945790573,0.0038095238095238048,460.99198734888597,0.8197703877733258,0.3439524119465804
103,ds103_time103_18.h5,0.0026254736930035327,0,4000.0,0.001,3.1654270356557976,0.21092073026581448,56272.38043800948,0.5755016670548354,-0.4750197520302177,0.22485847712565776,0.9961626333159641,2.4015457656134997,0.0002393617021276828,391.4007772394205,0.7626169099727648,0.2012623769013109
103,ds103_time103_19.h5,0.0026254736930035327,0,4000.0,0.002,3.232676370993657,0.27566277516759263,103904.55833497642,0.27974146358883395,-0.46300456118933114,0.17246979756648986,0.996523076301176,2.3341408392660696,0.0002393617021276828,371.0978355526598,0.7542286513382042,0.2158562868549727
103,ds103_time103_20.h5,0.0026254736930035327,1,4000.0,0.003,2.7935760027765624,0.26673922333547595,338882.6267657662,-0.0923572611779754,-0.44021560664550624,0.26109240514483295,0.99704223891909,2.6461368863015147,0.004069148936170608,378.36731431807266,0.7324125735895719,0.37771454073652344
103,ds103_time103_21.h5,0.0026254736930035327,1,4000.0,0.004,2.1989665146000066,0.12136345732787857,5235570.773843914,-0.28152884772854264,-0.34096416700435833,0.5925293670485358,0.9986683743900481,4.595070885181284,0.007898936170213533,573.1896261320529,0.7336774029805809,0.27068119297280036
103,ds103_time103_22.h5,0.0012660557382003584,0,4500.0,0.001,3.2580779685477723,0.1178483609018095,35033.36907431349,0.7702573035614116,-0.4912757640612253,0.15987902956772784,0.9996157696229098,2.2957606574936826,0.00023809523809520392,446.40981795656836,0.6521968852451558,0.28360858082182083
103,ds103_time103_23.h5,0.0012660557382003584,1,4500.0,0.002,2.202530856744613,0.0474007501398257,1618377.1546857744,-0.285190394077503,-0.37885833719575734,0.6603316757763564,0.9987939952772924,4.709056040258394,0.013650793650791693,630.5363361545568,0.7442783003720111,0.2459395812872831
103,ds103_time103_24.h5,0.0012660557382003584,1,4500.0,0.003,2.1816631081727174,-0.05271545647114051,8042738.997115601,0.08891156664688582,-0.35810145167670515,0.7794333321722721,0.9979839796824016,5.911052630232641,0.013650793650791693,740.807254097935,0.7492126495041702,0.23512150559587516
103,ds103_time103_25.h5,0.0012467600519764047,0,5000.0,0.001,2.854826230525962,0.10441794780714209,47921.22084417033,0.8859809652040881,-0.47827272165511603,0.11529483116658365,0.9997620354784177,2.346533075930306,0.00023684210526320193,491.2053294787911,0.5821844161910363,0.2773186073212409
103,ds103_time103_26.h5,0.0012467600519764047,1,5000.0,0.002,2.1929326882503752,0.09368098758920884,387595.3818406083,-0.22245894601846256,-0.42172585946740865,0.42274993100839386,0.9993672402843584,3.448789693048378,0.01176315789473903,541.8085061782748,0.7477418743161458,0.26945591701268223
103,ds103_time103_27.h5,0.0012467600519764047,1,5000.0,0.003,2.1716851217426543,0.024329659574677587,5090698.689706721,0.2628984087651979,-0.36332776941996997,0.7223663225953303,0.999208411209685,5.227032814377515,0.005842105263158981,713.7318330758976,0.7623637648604248,0.22800226606847396
103,ds103_time103_28.h5,0.0017359116151273064,0,5500.0,0.001,2.410224422426045,0.014448807779424033,60175.3955387945,1.0435556858281856,-0.46367793603555973,0.08914541821345395,0.9998634032676105,2.3253470691409293,0.00016042780748662389,530.4454416789654,0.5640749571159993,0.26496433652323625
103,ds103_time103_29.h5,0.0017359116151273064,1,5500.0,0.002,2.501050446173853,0.19205214656529979,193971.64730632544,0.12787735594271565,-0.4382820168713455,0.1304643283224321,0.9983898962256688,2.5853054428693563,0.00016042780748662389,496.3246487551879,0.7242331887943434,0.30930418819076316
103,ds103_time103_30.h5,0.0017359116151273064,1,5500.0,0.003,2.1731112892992526,0.0753785667481699,1985569.9607309024,-0.5901687392913684,-0.35668191594427356,0.4577777717736874,0.9991305938002673,4.340440503722095,0.005695187165775148,620.7232421967435,0.7782467235138006,0.2201373665088555
103,ds103_time103_31.h5,0.0029457126545122288,0,6000.0,0.001,2.228028284685834,0.012608133023509271,76335.26051752208,1.0115142404759807,-0.4618373165510422,0.07414582016238805,0.9997873780039453,2.3704834277296025,0.00016129032258063725,565.1447083874383,0.5818574238272899,0.26248529602607823
103,ds103_time103_32.h5,0.0029457126545122288,0,6000.0,0.002,2.641171487052644,0.2151131382813487,165958.61727744972,0.36914395520695004,-0.44417481508262097,0.06122759680330478,0.9997048398070499,2.4045969618486533,0.00016129032258063725,514.0507766198878,0.583047796512324,0.26519986162097836
103,ds103_time103_33.h5,0.0029457126545122288,1,6000.0,0.003,2.676277147674702,0.2508282247506848,212092.51391216455,0.2841445022938159,-0.43710057986526835,0.054450161199701946,0.9997612318218112,2.350187201592828,0.00016129032258063725,504.64554258583365,0.588187273196198,0.265966167851913
103,ds103_time103_34.h5,0.0029457126545122288,1,6000.0,0.004,2.459281361146356,0.17518774844737006,859087.3091839084,-0.32305899168595703,-0.3931768632540259,0.22026556960408672,0.9991860679625654,3.0965099970703287,0.00016129032258063725,540.4051118988713,0.766892691625875,0.3000690303975356
103,ds103_time103_35.h5,0.0029457126545122288,1,6000.0,0.005,2.2806002533520187,0.11260973635019833,3658664.301157913,-0.3510130905962857,-0.3328891212117124,0.4075735818862655,0.9995636206830455,4.097689378194521,0.0,633.7049920640552,0.8044447620194937,0.2521216341272164
103,ds103_time103_36.h5,0.005340597669805986,0,6500.0,0.001,2.226612268038963,-0.014546692058285293,77915.90007037521,0.8601955624382164,-0.47760129662790113,0.06652457116870647,0.999889796570542,2.336051463481912,0.00015915119363396624,593.3010524519281,0.6117130637699348,0.27253821045484544
103,ds103_time103_37.h5,0.005340597669805986,0,6500.0,0.002,2.387704944214779,0.17937303541885585,133237.5406133585,0.5575760186109703,-0.4681783590671805,0.06118784720127057,0.9998245160804141,2.377040896694048,0.00015915119363396624,563.3183780892298,0.61209460745348,0.27344462739916914
103,ds103_time103_38.h5,0.005340597669805986,0,6500.0,0.003,2.431869559048618,0.2393122172155684,203826.8964491277,0.2667554411951136,-0.4536886293287119,0.053939467070918165,0.9997559675547864,2.3314616843526363,0.00015915119363396624,529.116445296061,0.6126756244020232,0.2740187143562341
103,ds103_time103_39.h5,0.005340597669805986,0,6500.0,0.004,2.5961204630834414,0.2974114510178165,307177.79324350326,0.10506856837279037,-0.4408534483758978,0.046326739929075794,0.999778310959894,2.366206586266363,0.00023872679045094936,522.3364313688733,0.6136992979292463,0.27468228758727137
103,ds103_time103_40.h5,0.005340597669805986,0,6500.0,0.005,2.6650158906403485,0.2988641681691617,404388.6906447958,0.06541556383298104,-0.4360463007879682,0.047591480475617724,0.9997328681026795,2.298568542929241,0.00023872679045094936,522.188147306694,0.6138456570015667,0.27382682082042786
103,ds103_time103_41.h5,0.005340597669805986,1,6500.0,0.006,2.7720670720389,0.24640171199881755,1141082.186059088,-0.1507909896484252,-0.4119018942386014,0.12103145865887628,0.999408958344318,2.684468136087281,0.007161803713528481,547.564935528123,0.671854739899849,0.28531104612309993
103,ds103_time103_42.h5,0.005340597669805986,1,6500.0,0.007,2.4573204985173045,0.19616174348233573,3447032.572663141,-0.31136217436634256,-0.3632889859668459,0.2852893269595327,0.9997654037163618,3.652946029951885,0.007161803713528481,626.575305626504,0.7679394141019981,0.30061485150280454
103,ds103_time103_43.h5,0.00913760235676533,0,7000.0,0.001,2.0982750888446544,0.018960670539190483,82436.31817229485,0.7394653675365648,-0.49657637273779126,0.0692251382805378,0.9998151491553233,2.309954140821156,0.00015873015873013596,618.9474156969645,0.6615630948440299,0.2828072222755657
103,ds103_time103_44.h5,0.00913760235676533,0,7000.0,0.002,2.140931952109629,0.14494924652513075,134692.93675113883,0.49917858075087623,-0.4879647239999249,0.06767534361193164,0.9998290939100596,2.290487161658468,0.00015873015873013596,585.2811066715743,0.6615053303002442,0.28378580817176086
103,ds103_time103_45.h5,0.00913760235676533,0,7000.0,0.003,2.0956029643076928,0.25317609598339175,203111.37470459833,0.24156261769448825,-0.4720902973087632,0.060436807935478454,0.9998250906600142,2.3587004808321863,0.00015873015873013596,554.9251341742356,0.6613818227166259,0.28517020454357933
103,ds103_time103_46.h5,0.00913760235676533,0,7000.0,0.004,2.1604880976351555,0.2720871172596304,213741.84115644163,0.15873569742269725,-0.4655041503002533,0.05720380329050281,0.9998665322226509,2.276592499793604,0.00023809523809520392,543.7791680810727,0.6611359806614323,0.2852903448859413
103,ds103_time103_47.h5,0.00913760235676533,0,7000.0,0.005,2.072946456904851,0.2620315998644003,340370.4320249213,0.10719933094809568,-0.4548894207887118,0.05346717004970849,0.9998643517716646,2.21620184961002,0.00023809523809520392,536.3788889004901,0.6607807707306853,0.2852696484412167
103,ds103_time103_48.h5,0.00913760235676533,0,7000.0,0.006,2.059541675071676,0.2682680851171384,438906.8473550112,0.06168779677774269,-0.4499519617462247,0.05390350075615229,0.999892246455517,2.16257042366962,0.00023809523809520392,537.7995939169983,0.6607754691399838,0.285761744316757
103,ds103_time103_49.h5,0.00913760235676533,0,7000.0,0.007,2.1002607154435244,0.2835357100167839,607928.2243967415,0.0166163364064522,-0.44124541098672,0.05221632735481475,0.9996827012876305,2.1579229423773443,0.00023809523809520392,544.3446752115401,0.661142725808448,0.2863774251496623
103,ds103_time103_50.h5,0.00913760235676533,0,7000.0,0.008,2.149884629453574,0.28261629074815175,860790.8603236072,0.044281889752254826,-0.43473356823249343,0.056244475158100424,0.9998011596868566,2.1427792887960804,0.00023809523809520392,557.306497473744,0.6615431204936902,0.286715096814391
103,ds103_time103_51.h5,0.00913760235676533,0,7000.0,0.009,2.227416468953302,0.26458442303605256,1138912.6749805687,-0.09313748964323952,-0.42846369520510075,0.07776717210333833,0.9996057411149271,2.211964090484842,0.0019047619047616313,576.7978974673935,0.6665873078801772,0.28698861223926375
103,ds103_time103_52.h5,0.00913760235676533,1,7000.0,0.009999999999999998,2.596240147270732,0.2632631596456312,2622970.603613498,-0.1929892240415934,-0.40213905423217006,0.1834377263185721,0.9996817541444508,2.653003294363513,0.0019047619047616313,649.4907747310071,0.7075361435699946,0.29453960835300524
103,ds103_time103_53.h5,0.014106855697582374,0,7500.0,0.001,1.943276944986462,0.091921634481261,37663.303733700704,2.1818319991225565,-0.47231561065604705,0.09472331490796193,0.9996234967151288,2.310396695746151,7.999999999999674e-05,780.8482970975186,0.7278344747180658,0.2594056396771208
103,ds103_time103_54.h5,0.014106855697582374,0,7500.0,0.002,1.9168871225292128,0.06564150371589705,180619.59129556676,0.6342857265379372,-0.4490649501847012,0.08870291021921102,0.9994200732831983,2.406395890972615,0.00015999999999999348,618.460474404972,0.7277159869341588,0.25929792598066975
103,ds103_time103_55.h5,0.014106855697582374,0,7500.0,0.003,1.960167717231512,0.17541118165776393,213741.29888104065,0.4030355059099916,-0.4391277132064989,0.08212450004784214,0.9994221555409201,2.379306986508188,0.00015999999999999348,595.1195611223476,0.7277266943308254,0.2581764351037059
103,ds103_time103_56.h5,0.014106855697582374,0,7500.0,0.004,1.9474931780942897,0.24569290951073475,249323.211249392,0.22833896642332963,-0.42531910537594364,0.07849358578814421,0.9987922594218746,2.298169282313056,0.00015999999999999348,572.5446400235281,0.7277937010478782,0.2574688908011928
103,ds103_time103_57.h5,0.014106855697582374,0,7500.0,0.005,1.962454244956916,0.2856024800094994,297100.64213275246,0.1565461983708983,-0.4196001810348492,0.07843721129862288,0.9990750734503667,2.2412065232030236,0.00015999999999999348,569.9045092707263,0.7279968702824794,0.2575734301290498
103,ds103_time103_58.h5,0.014106855697582374,0,7500.0,0.006,1.9650070148486718,0.2635174175436743,453573.9412354897,0.09208794100631026,-0.4088121966190791,0.07492370368024141,0.9987234938794868,2.2308371445297235,0.00015999999999999348,566.1883017780332,0.7279433888006105,0.25596635004068014
103,ds103_time103_59.h5,0.014106855697582374,0,7500.0,0.007,1.94275525966061,0.29285575333407166,520799.25031571544,0.03378506596814307,-0.4045345787765058,0.07815525463638431,0.9983691854215365,2.198081876639833,0.00015999999999999348,567.5981264082338,0.7280146776626195,0.2561007915313587
103,ds103_time103_60.h5,0.014106855697582374,0,7500.0,0.008,1.9667323526026017,0.28821438400365307,710480.4255360686,0.04349812860205366,-0.3963294263291481,0.07467427730499879,0.9977899845345769,2.090481605962732,0.00015999999999999348,578.192076297078,0.7280043624009719,0.2553688611483816
103,ds103_time103_61.h5,0.014106855697582374,0,7500.0,0.009,1.9416453159750777,0.2876383987182294,804190.9968121957,-0.04423086153888202,-0.39323566523365644,0.07611166440985712,0.9976320489799081,1.9839513670453361,0.00015999999999999348,580.6013632436742,0.727931099709872,0.25554481033536985
103,ds103_time103_62.h5,0.014106855697582374,0,7500.0,0.009999999999999998,1.9796358010586106,0.28507458507065997,824712.5152629669,-0.03823219012308641,-0.38985169190618796,0.07994593324007086,0.9975686495745295,1.965152009544233,0.00015999999999999348,586.284374257148,0.7278873501889499,0.2559822653629113
103,ds103_time103_63.h5,0.014106855697582374,0,7500.0,0.011,1.9866561254876418,0.27228556513498514,826001.2501369899,-0.060797935282898515,-0.3829865710299704,0.07819082797625444,0.9973304991625563,1.8825873601165186,0.00015999999999999348,608.8210913784997,0.7278171828837529,0.2555939042354173
103,ds103_time103_64.h5,0.014106855697582374,0,7500.0,0.012,1.9949213118372748,0.2886751670550436,825671.269371981,-0.073232751296789,-0.3798889386733655,0.08025731131845873,0.9966236878070783,1.720920119633557,0.00015999999999999348,620.7103424246627,0.7277406701403808,0.25504782278849
103,ds103_time103_65.h5,0.014106855697582374,0,7500.0,0.013,2.0007561667599214,0.2972613879277316,845315.116249338,-0.06197208039348699,-0.3736982278962508,0.0885207236554615,0.9954901998342559,1.5244543513546014,0.00015999999999999348,699.7964951439424,0.7275216541375338,0.2557739778782808
103,ds103_time103_66.h5,0.014106855697582374,0,7500.0,0.013999999999999999,1.9969230702503615,0.28939477050187323,918867.3078018907,-0.07699931902939994,-0.37102250358081146,0.10068750194200292,0.9940272221837616,1.4889840970873487,0.00015999999999999348,756.4528160961565,0.7273538291559647,0.2552283790602368
103,ds103_time103_67.h5,0.014106855697582374,1,7500.0,0.015,2.198179367479679,0.2649539366063353,1176258.6083732767,-0.047667883405618054,-0.3637088394253923,0.18492370596606536,0.9949252199008876,1.4914457375987604,0.0,995.9868089072287,0.7346172060247714,0.25775791931583525
103,ds103_time103_68.h5,0.005321338763032498,0,8000.0,0.001,2.162990742643791,0.09348983718936399,38871.411632967014,1.8500109759489605,-0.49354588887282463,0.12432233255392505,0.9999863510636737,2.3489534674426977,0.00016304347826087695,799.07598806177,0.8145909982532706,0.2699549581121472
103,ds103_time103_69.h5,0.005321338763032498,0,8000.0,0.002,2.1598048755377093,0.1405125625706023,200154.1969763242,0.41067689051261724,-0.4665159851955584,0.12005104774911302,0.9999765699054053,2.4255781253883373,0.00016304347826087695,654.2070812129208,0.8144361047968678,0.2675429538864098
103,ds103_time103_70.h5,0.005321338763032498,0,8000.0,0.003,2.1719202632180856,0.21869669022840932,265958.7728460488,0.2827817937466469,-0.457802651330815,0.11831741880437761,0.9999597157572199,2.5242536017801362,0.00016304347826087695,635.8067012464089,0.814480624796518,0.2670134683518531
103,ds103_time103_71.h5,0.005321338763032498,0,8000.0,0.004,2.259430157144372,0.27047181954045163,341018.6175700169,0.15957669636845348,-0.45117727398708735,0.11281536392337246,0.9999428193733767,2.5433758903762524,0.00016304347826087695,626.2932109022387,0.8141548008383104,0.26788826526497855
103,ds103_time103_72.h5,0.005321338763032498,0,8000.0,0.005,2.4286735011725513,0.2872231335099551,654705.9756293114,0.028035573342249976,-0.43499719108483303,0.1189145373851202,0.9999453280819675,2.8526717733681743,0.00016304347826087695,632.9097260021223,0.8127576469656892,0.2663425555022005
103,ds103_time103_73.h5,0.005321338763032498,1,8000.0,0.006,2.480571373017766,0.23970553382711834,1001585.5100907082,-0.07324622740630116,-0.42249376784781123,0.1551547201165341,0.9998877095303241,3.0492245904208253,0.003913043478261047,640.7181785556313,0.8068665004651407,0.2759903934077663
103,ds103_time103_74.h5,0.005321338763032498,1,8000.0,0.007,2.5426324665485325,0.17632917151383487,2593496.771995662,-0.3167174711194349,-0.3914772795096708,0.295869327510862,0.9999045549180532,3.1004964831925412,0.003913043478261047,678.2269700624734,0.785498417660421,0.29878116699184043
103,ds103_time103_75.h5,0.003154848369242181,0,8500.0,0.001,2.669314071592148,0.08512746837803231,60496.20434388528,2.0314926151078954,-0.46914882088371085,0.15601487695028626,0.9999964980438728,2.3176352694302085,8.021390374331194e-05,865.2931989473177,0.8669277409417453,0.255652860807395
103,ds103_time103_76.h5,0.003154848369242181,0,8500.0,0.002,2.3695208467208313,0.1145291578097476,262392.50368838036,0.49011852982375625,-0.43978225994012987,0.14980332417029424,0.9999917098481939,2.624046587845076,0.00016042780748662389,702.9849764853911,0.8635567721131097,0.2546017222637191
103,ds103_time103_77.h5,0.003154848369242181,0,8500.0,0.003,2.500714254250781,0.2209060922392494,348083.87952271616,0.24400617209587502,-0.42883512238741406,0.15366945568041332,0.9999926690430221,2.6492078900345986,0.00016042780748662389,681.774298214007,0.8585080580235009,0.2597378905904865
103,ds103_time103_78.h5,0.003154848369242181,1,8500.0,0.004,2.672763216676496,0.09995984140328806,1129463.9799360826,-0.35407522730250013,-0.39272025397457994,0.27802749738754023,0.9976269963098809,3.049772128282766,0.0019251336898394866,707.6543853130916,0.7943441632197787,0.2958731377298689
103,ds103_time103_79.h5,0.003154848369242181,1,8500.0,0.005,2.6729822370427874,-0.040957706313771824,6149329.382804273,-0.5279774306408608,-0.32833575720671454,0.571803152647958,0.9981104262317391,4.41531162238117,0.0019251336898394866,812.6022378796628,0.7584053253957423,0.25711199339569824
103,ds103_time103_80.h5,0.0022662204522670426,0,9000.0,0.001,2.704417894570267,0.11478760531437815,39913.74586407286,1.436745037303188,-0.5176412939994206,0.1918427892448779,0.9999980392166776,2.318925639351338,0.0006349206349205438,868.4612703188627,0.924750295627415,0.2798710638869942
103,ds103_time103_81.h5,0.0022662204522670426,0,9000.0,0.002,2.5030461360740643,-0.007368192552248631,137125.72737478628,0.5298602355126627,-0.5009660000823564,0.19196877689282732,0.9999989581749354,2.3972959773585845,0.00015873015873013596,762.2385406766291,0.9197289119054181,0.28093173093994045
103,ds103_time103_82.h5,0.0022662204522670426,1,9000.0,0.003,2.6620285664128205,-0.2456164964692369,5877746.172841067,-0.8022089227080663,-0.37604808133745204,0.7419517584552898,0.9978333037873194,5.052097808379005,0.0018253968253965636,900.2175755426138,0.7449564484906639,0.25974142432486325
103,ds103_time103_83.h5,0.0022662204522670426,1,9000.0,0.004,2.5451244686175443,-0.25261006900934424,19187391.504473243,-0.41480560552811513,-0.34872384250524235,1.0337829992724363,0.9949736484459505,6.316162107111077,0.0018253968253965636,999.6460682542111,0.7417056135278304,0.25637809538126793
103,ds103_time103_84.h5,0.001813142078071514,0,9500.0,0.001,3.076620089790323,0.08399244100383196,53847.591788625126,1.599849592657665,-0.4937258739789571,0.2420375148976283,0.9999984454708792,2.3465838201657756,7.894736842105343e-05,922.5270160462193,0.993068056596024,0.2652664541299733
103,ds103_time103_85.h5,0.001813142078071514,1,9500.0,0.002,2.5875488756665574,-0.03430088733845671,259065.3451805315,0.6150634154623587,-0.4756623164446289,0.2457698960903123,0.9999964385274629,2.466133711061157,7.894736842105343e-05,805.4827239910309,0.9725913723023474,0.27888368560535637
103,ds103_time103_86.h5,0.001813142078071514,1,9500.0,0.003,2.734298592896549,-0.24697107949071873,2674349.2520234315,-0.8975916973572732,-0.38041836533771,0.6512666016494035,0.9976410397257842,4.696751596914611,0.006157894736842168,911.9479018837186,0.7471593181869796,0.25184038754957094
103,ds103_time103_87.h5,0.0015542224672644915,0,10000.0,0.001,3.543527746318374,0.07545559496841858,64013.08199474839,1.7804908449678964,-0.46643023938916367,0.3414797526548876,0.9999993234097191,2.3103077986008103,7.894736842105343e-05,981.6487354526313,0.9324002682134499,0.2494367710127465
103,ds103_time103_88.h5,0.0015542224672644915,1,10000.0,0.002,2.787548393404765,-0.19089761968214325,356200.0676478582,0.4223337737473309,-0.440012035851822,0.353521727437872,0.9999989493864921,2.511961528530886,7.894736842105343e-05,845.8160720971675,0.8757497451804332,0.30329076105743985
103,ds103_time103_89.h5,0.0015542224672644915,1,10000.0,0.003,2.698780208136192,-0.22995828427415055,4623982.621552613,-0.7174136455232334,-0.33091861509715215,0.8385709926029421,0.9971788942966336,5.407204410884277,0.011921052631579068,997.6914288722332,0.7452909329745755,0.23201834017819428
103,ds103_time103_90.h5,0.001396960044729048,0,10500.0,0.001,3.1339515842000947,0.08247451930225957,60959.016590828,1.1972537269999688,-0.5235490817136951,0.45985783790687146,0.9999990225948933,2.228980459516215,0.0005555555555555487,969.7847853095633,0.860419407075886,0.282087342560949
103,ds103_time103_91.h5,0.001396960044729048,1,10500.0,0.002,2.8138137887471126,-0.27181595618108356,1265155.0366222772,-0.8765484102953762,-0.4342188726967628,0.7848814162961671,0.9977189022931466,4.276826511450948,0.004126984126984076,979.4540587942693,0.7565228080365167,0.25661663735552354
103,ds103_time103_92.h5,0.001396960044729048,1,10500.0,0.003,2.4905336659688673,-0.34287484184192407,9643395.716666538,-0.41779137448737136,-0.37749594844679085,1.1638318649373858,0.9944519818595241,6.379601105592671,0.004126984126984076,1087.0156407216018,0.7490742265163619,0.24843030465622912
103,ds103_time103_93.h5,0.0012991744510970804,0,11000.0,0.001,3.57907724057247,0.05576827753269287,69531.89287373258,1.388830089166393,-0.4950958348593732,0.6702099931416692,0.9999996051068429,2.3963995792728925,8.021390374331541e-05,1030.7481213273202,0.7845253594134194,0.26825790949972894
103,ds103_time103_94.h5,0.0012991744510970804,1,11000.0,0.002,2.5490129369476273,-0.2752285464847448,1639044.0409611072,-0.6025502542713205,-0.39891143520172156,0.9535430776523555,0.9970726809187335,4.513881722754937,0.004010695187165771,1021.1940898941808,0.7678186812033352,0.23998684681811197
103,ds103_time103_95.h5,0.0012991744510970804,1,11000.0,0.003,2.3687168341096947,-0.46198859955325555,9873034.006536609,-0.18722028892182163,-0.36219434391899624,1.2078848612679276,0.9971494139191112,5.925070166524437,0.004010695187165771,1092.2076973105281,0.7648022257774301,0.2326727228523095
103,ds103_time103_96.h5,0.001239244016761887,0,11500.0,0.001,4.011475122576903,0.040375320807321424,67221.211705552,1.5562666647373762,-0.462745464464289,0.8980390246682377,0.999999820948491,2.353447074668696,8.1521739130435e-05,1086.889892218653,0.7053674830360648,0.25313725248255037
103,ds103_time103_97.h5,0.001239244016761887,1,11500.0,0.002,2.6228189360897685,-0.30067206960619464,1877198.6086112566,-0.5311693020274294,-0.3623492538788515,1.9392395609627802,0.992558763053792,4.675936137167362,0.0,1063.380525977194,0.7894395508557669,0.2269967274531238
103,ds103_time103_98.h5,0.001239244016761887,1,11500.0,0.003,2.475524222042703,-0.44128997213063426,5156478.13274482,-0.3634864099708827,-0.33084687288947645,2.8062831987457355,0.997544435085553,5.695438995916317,0.0,1122.4793726146736,0.7865154176752955,0.20219258906480958
103,ds103_time103_99.h5,0.001205076880252254,0,12000.0,0.001,4.330439005432156,0.06539774156946399,64814.09190644222,1.6143741909992304,-0.462798338055183,0.9001970741361108,0.9999996152051146,2.3710313286711755,7.812499999999833e-05,1139.9435488883853,0.7097580501858597,0.2552019177948588
103,ds103_time103_100.h5,0.001205076880252254,1,12000.0,0.002,2.6149848882123305,-0.31708954923116517,1825198.4620564855,-0.46214344801667034,-0.3612804309143838,1.9506723664777486,0.9959665247540406,4.830515973943528,0.0038281249999999184,1086.205597168855,0.7496670271057841,0.22625295408208246
103,ds103_time103_101.h5,0.001205076880252254,1,12000.0,0.003,2.5453756728918666,-0.25613957860037617,8943317.493909448,-0.45189743115669334,-0.323142109248207,2.3494499300543716,0.9959755649955803,6.222600062915586,0.0038281249999999184,1138.2194983413772,0.7437133769576298,0.2129440585493347
104,ds104_time104_1.h5,0.0014729720492096473,0,2000.0,0.001,2.7951423033335296,0.3147124890927465,14408.410765064193,0.0722224094996158,-0.4561346131217744,0.2700057221085719,0.9914591697934996,2.393558653578639,0.0004787234042553656,217.0487778458433,0.775746323408741,0.2147335878599826
104,ds104_time104_2.h5,0.0014729720492096473,1,2000.0,0.002,2.2622155317707353,0.23912387955657333,237128.73004253767,-0.16664644814013962,-0.38059213504839146,0.27169722343764957,0.9989623217974368,3.854199681555954,0.015797872340427066,345.3065921142305,0.7405406913484825,0.2516708588009657
104,ds104_time104_3.h5,0.0014729720492096473,1,2000.0,0.003,2.3749811601444972,0.1635700001115319,2994546.291251286,0.11084150859075308,-0.3015260215627144,0.3767239169081723,0.9977225679278235,5.827407534882914,0.015718085106384505,590.9144492574393,0.7455722721143513,0.23203000206533808
104,ds104_time104_4.h5,0.00486265734176468,0,2500.0,0.001,2.0888086193227027,0.32190446510132076,14821.626416694948,0.09053845081236805,-0.4676552737556849,0.27466529954127095,0.9940608140651457,2.3888434787729937,0.00047999999999998044,250.73988878006512,0.7297254417746133,0.19058186536629415
104,ds104_time104_5.h5,0.00486265734176468,0,2500.0,0.002,2.051267326334409,0.3409659267284977,47089.7746600432,0.04257062296655522,-0.4496408203685148,0.29395096275666394,0.9830899219186549,2.3324767280610534,0.0005599999999999772,238.49425068281656,0.722638001060567,0.21633609276467378
104,ds104_time104_6.h5,0.00486265734176468,0,2500.0,0.003,3.030030842721478,0.32171430762466713,92031.17777467161,0.01810959781739088,-0.4333766622373258,0.46190587668941135,0.7535868839870425,2.1980384986364845,0.0005599999999999772,232.99264005881045,0.6526125285371817,0.27775455680476924
104,ds104_time104_7.h5,0.00486265734176468,0,2500.0,0.004,2.9853074446483356,0.3379729447123493,152458.54946774113,0.006956256419077471,-0.4223846859791552,0.5308693043994969,0.9025055469730023,2.211664239307483,0.0005599999999999772,239.60290540393112,0.7160267822058912,0.27208336476643424
104,ds104_time104_8.h5,0.00486265734176468,1,2500.0,0.005,2.4816831902767196,0.29733484968119617,284114.28615310387,-0.05582125756122371,-0.4082337328031112,0.27464127260063803,0.9985352656623313,2.2465799192563365,0.012639999999999485,278.4180894087432,0.8090994774745165,0.32161110386230357
104,ds104_time104_9.h5,0.00486265734176468,1,2500.0,0.006,2.1872444368329482,0.2888538645593651,829395.2311014221,-0.09761001768350479,-0.3705764805672528,0.22239443413754403,0.9996412107817509,2.91445667284076,0.005519999999999775,443.3527060522946,0.8323188508942494,0.2916047679679982
104,ds104_time104_10.h5,0.00122736072758267,0,3000.0,0.001,2.8689311405798126,0.30626101101052294,10028.52627344093,0.21084585113175672,-0.46346070322667066,0.3113296176219385,0.9963029337404643,2.297065654694146,0.0003225806451612903,290.46760084943867,0.8377042032622511,0.26972075514063537
104,ds104_time104_11.h5,0.00122736072758267,1,3000.0,0.002,2.154648324835576,0.20289931979664644,213965.35340236765,-0.06226280451527049,-0.38213964502836256,0.41932984702251835,0.9991382168599132,3.7597600600076566,0.015483870967741935,445.68649941102353,0.7734212272029292,0.25118167998457896
104,ds104_time104_12.h5,0.00122736072758267,1,3000.0,0.003,2.255469024004687,0.13496634090113346,2467249.132885321,0.2158982163100725,-0.32415039325353134,0.5227705449049104,0.9985079277168402,5.903811356366318,0.019516129032258064,643.0853105241038,0.7801043468990797,0.23241751523758272
104,ds104_time104_13.h5,0.0037118327626069485,0,3500.0,0.001,2.4787297989232173,0.289400687646291,9318.425218024528,0.24751048729308706,-0.47504694469769354,0.261721974999377,0.9912325167729172,2.285666215439877,0.000317460317460317,329.94713787536375,0.6975896017788401,0.20088831049881833
104,ds104_time104_14.h5,0.0037118327626069485,0,3500.0,0.002,2.8962943370052847,0.3214228724699497,37612.08442932095,0.053005161701481035,-0.4526419283458349,0.11418719094857603,0.9890269344624995,2.2814111847892202,0.0003968253968253963,309.68272412530087,0.6214229683020536,0.2247386164413817
104,ds104_time104_15.h5,0.0037118327626069485,0,3500.0,0.003,3.101824335890585,0.3068379240198439,71558.70149719468,0.041569260470777865,-0.4388669723768991,0.0969169400044762,0.9816047533828277,2.2173300300127177,0.0003968253968253963,305.4237060582341,0.580686775932562,0.25560400938040995
104,ds104_time104_16.h5,0.0037118327626069485,1,3500.0,0.004,2.1871167006562406,0.28541495929379135,186101.7888817336,-0.11397061664299242,-0.4131652169575249,0.2751874634460187,0.9990215302780713,2.568318445496461,0.0038095238095238048,354.9116087234898,0.8067049162798792,0.3550178088754724
104,ds104_time104_17.h5,0.0037118327626069485,1,3500.0,0.005,2.1361314085900265,0.23958471319603358,674178.2830724085,-0.1883844177257963,-0.36381092400407955,0.2888675871208995,0.9994830255787792,3.337661757956563,0.0038095238095238048,494.7542609829367,0.8065953747803429,0.23859221658910768
104,ds104_time104_18.h5,0.0026254736930035327,0,4000.0,0.001,2.887266167645228,0.29323520022491745,11815.461887665777,0.2667189282958832,-0.46338241825796406,0.17904226647469348,0.9958912386921415,2.386636463811064,0.0002393617021276828,366.93881078036384,0.747767571302504,0.2055841737253712
104,ds104_time104_19.h5,0.0026254736930035327,0,4000.0,0.002,3.2691512481486513,0.30597805496402175,29373.62227090112,0.11718437592083726,-0.4460612024662927,0.09083011480833465,0.9934392186461697,2.2945510888552296,0.00031914893617024376,347.9894531487888,0.7272449986604888,0.2309451225243145
104,ds104_time104_20.h5,0.0026254736930035327,1,4000.0,0.003,2.482184021859165,0.30264248970887897,84105.98790118258,-0.09738700669080326,-0.420782040286112,0.19206479198656204,0.996766925283527,2.4792497276848615,0.004069148936170608,360.3761087794815,0.722126122349067,0.3827199741758258
104,ds104_time104_21.h5,0.0026254736930035327,1,4000.0,0.004,2.189537420641413,0.20576512383397083,869278.626853551,-0.016112538792890832,-0.33922798988536107,0.43790013312370274,0.9985038859577321,4.019158794116167,0.007898936170213533,557.3307492250098,0.7290095460551528,0.24741319630360306
104,ds104_time104_22.h5,0.0012660557382003584,0,4500.0,0.001,2.9322173591590373,0.2501898751886016,10566.322383830275,0.32478229637527606,-0.47991884823534964,0.12933909613917954,0.9992095764016473,2.385783849674558,0.00023809523809520392,410.97233443454877,0.6387975838082525,0.2862007543142662
104,ds104_time104_23.h5,0.0012660557382003584,1,4500.0,0.002,2.171844547580376,0.13241748554779442,280833.1042233772,-0.3125554821496904,-0.38194403981809405,0.5532858765671684,0.9985587868494931,4.3603783309053,0.013650793650791693,569.4728493175883,0.7410987728907203,0.2515354815506959
104,ds104_time104_24.h5,0.0012660557382003584,1,4500.0,0.003,2.169309375037496,-0.011878615201782461,2641465.7391332705,0.34292290753223553,-0.343182155789453,0.7041613810991707,0.9975936785291942,5.56722656901761,0.013650793650791693,735.4219462869852,0.7474814470844474,0.23394142449278862
104,ds104_time104_25.h5,0.0012467600519764047,0,5000.0,0.001,2.923169457808468,0.27710014291899165,13702.819750169996,0.3342148178754353,-0.46509471319236817,0.09423337007957468,0.9995796463514736,2.42018567231447,0.00023684210526320193,446.43976743229257,0.5746303783524177,0.2779268317527126
104,ds104_time104_26.h5,0.0012467600519764047,1,5000.0,0.002,2.151363914020964,0.12083531135933945,219595.86265891563,-0.18478644058662486,-0.3839070022822385,0.47860357924255403,0.9990444585526892,3.708714599461986,0.01176315789473903,567.8160599347231,0.7505064550538392,0.2416355005676372
104,ds104_time104_27.h5,0.0012467600519764047,1,5000.0,0.003,2.0885678426225787,0.07003968914385239,920797.7520295852,0.19090545911343415,-0.35296227957123466,0.5979323292693203,0.9990133527538516,4.574327912822621,0.01176315789473903,664.9084910661427,0.7569989518580397,0.22419421229453276
104,ds104_time104_28.h5,0.0017359116151273064,0,5500.0,0.001,2.4782462705391755,0.17147379073837765,11997.965913085522,0.6177400168198934,-0.45481885375878056,0.08122377165647393,0.9998443902399521,2.344681800022826,0.00016042780748662389,498.4079428635717,0.55495019844002,0.26535564289544117
104,ds104_time104_29.h5,0.0017359116151273064,1,5500.0,0.002,2.4045575589083383,0.24308019985717233,44919.034783940384,-0.07085693491911094,-0.4192985456245335,0.12203397090613426,0.9988639274541847,2.5908644106322165,0.005695187165775148,469.95849080368544,0.7349017484568358,0.31164604198701806
104,ds104_time104_30.h5,0.0017359116151273064,1,5500.0,0.003,2.1597951557429313,0.16969499055684678,411460.79537143407,-0.4416943815654964,-0.34416064943403013,0.38242920607311365,0.9990291157431171,3.9696712287473104,0.005695187165775148,590.4522397176653,0.7741973908965651,0.22010925339162807
104,ds104_time104_31.h5,0.0029457126545122288,0,6000.0,0.001,2.2920988279094034,0.18346161744495104,14645.587949131768,0.632327334295922,-0.4526834248493767,0.06891686061344608,0.9998138424124137,2.3170529079262057,0.00016129032258063725,528.2847041525004,0.5787175694928673,0.26236002256399443
104,ds104_time104_32.h5,0.0029457126545122288,0,6000.0,0.002,2.5446970184483626,0.2727603837649213,29434.914442290094,0.2426811972514564,-0.43116871946326224,0.04719269745778859,0.999841364107775,2.335112220062456,0.00024193548387095584,490.13939623787246,0.574194414174151,0.26408103636370883
104,ds104_time104_33.h5,0.0029457126545122288,1,6000.0,0.003,2.692579856183842,0.31516808487713877,51551.06008730691,0.06921856806859313,-0.41532745530719356,0.03800790824954416,0.9997560051818628,2.382731396961531,0.00024193548387095584,480.5318102732096,0.581683881253085,0.2645012201835562
104,ds104_time104_34.h5,0.0029457126545122288,1,6000.0,0.004,2.3549491387459907,0.22702270146054793,204096.0655926005,-0.2535272508096344,-0.3722907798449483,0.20108739064031808,0.9996962933950159,2.9655089281867486,0.002177419354838603,543.92498669763,0.7726915588308989,0.30263601745163954
104,ds104_time104_35.h5,0.0029457126545122288,1,6000.0,0.005,2.134350856443798,0.1590597014865045,900232.6886070434,-0.21801829831355735,-0.30891818454004843,0.3424954555800834,0.9994413279687131,3.7914822396242536,0.0,650.5896890736957,0.8029637909215841,0.21536285123064494
104,ds104_time104_36.h5,0.005340597669805986,0,6500.0,0.001,2.2085949923393993,0.14436196059540074,16490.580681924457,0.5302909952712223,-0.46893826681465084,0.06165647255384634,0.9998574809396169,2.2882269894120024,0.00015915119363396624,560.6827496088112,0.6104793893839605,0.27207391431748473
104,ds104_time104_37.h5,0.005340597669805986,0,6500.0,0.002,2.322611625827588,0.26366862249334333,28246.516025767847,0.2071779627210843,-0.4471928128449696,0.04584953181257417,0.999825013001051,2.3205497185314394,0.00023872679045094936,519.0599022696015,0.6094843569330858,0.2736658182937801
104,ds104_time104_38.h5,0.005340597669805986,0,6500.0,0.003,2.467324727334571,0.3160035496229894,47509.483268184864,0.07262752312455117,-0.43174604538485134,0.041808367531698316,0.9998340028950269,2.2399789049096426,0.00023872679045094936,513.4190767428772,0.6097224102350195,0.2732087960351132
104,ds104_time104_39.h5,0.005340597669805986,0,6500.0,0.004,2.5269157974596044,0.3023389481063703,81405.10425265934,-0.01381714366960816,-0.41850710766737154,0.04221877372021989,0.9996696017879242,2.1722021111210417,0.00023872679045094936,513.718184001287,0.6096750798994797,0.27397157317976834
104,ds104_time104_40.h5,0.005340597669805986,0,6500.0,0.005,2.5664250736443703,0.28916028879138356,116862.41930759314,-0.049528770167333556,-0.40976200311155975,0.04773189246767069,0.9997517275887325,2.097480258106403,0.00023872679045094936,532.9684968032452,0.6138128332268086,0.27306267736785306
104,ds104_time104_41.h5,0.005340597669805986,1,6500.0,0.006,2.556676822617923,0.26756855471876073,200318.67650781627,-0.1123408429553466,-0.39234899885199526,0.12286860574790219,0.9993756130203226,2.3260404009831834,0.007161803713528481,578.8075105360467,0.7105295857769449,0.2969677657186584
104,ds104_time104_42.h5,0.005340597669805986,1,6500.0,0.007,2.2175126380603745,0.2282505197212239,486270.6218054797,-0.19794800921428127,-0.35654961102791194,0.19811263385587036,0.9998318859062205,2.7567341701973027,0.007161803713528481,661.8493121636254,0.7991302746245251,0.29161365538438433
104,ds104_time104_43.h5,0.00913760235676533,0,7000.0,0.001,2.0801356179402255,0.14665678216902722,16312.980952986545,0.5117677153398198,-0.4880655447011679,0.06444749296536673,0.9998862704731974,2.2958049762914468,0.00015873015873013596,585.6260138251497,0.6611701677812083,0.2828874761166693
104,ds104_time104_44.h5,0.00913760235676533,0,7000.0,0.002,2.114477281935486,0.25294727174096465,24088.349074328347,0.23557518805118396,-0.47292541201108046,0.05857000522135241,0.9999247255821347,2.2504040861574546,0.00015873015873013596,553.1846012871489,0.6609943241154246,0.28349056130891775
104,ds104_time104_45.h5,0.00913760235676533,0,7000.0,0.003,2.1496927231234197,0.3184159589508886,38152.61202769022,0.14719419426594815,-0.455373450899237,0.05294184680161607,0.9997852899990407,2.1710912600525702,0.00023809523809520392,537.8960993570973,0.6607849190049937,0.28493117119269046
104,ds104_time104_46.h5,0.00913760235676533,0,7000.0,0.004,2.106370472388048,0.28795235012512155,64809.83627870013,0.01576474768859283,-0.4416110575749555,0.0517928367861645,0.9998712335073443,2.092369110277407,0.00023809523809520392,536.4771077584542,0.6607549571081941,0.2850445294089799
104,ds104_time104_47.h5,0.00913760235676533,0,7000.0,0.005,2.0860858025766205,0.30323185713181,92070.39403468561,-0.022034692092107046,-0.4325212004704595,0.05167927852385246,0.9997028535887904,2.013837644007939,0.00023809523809520392,551.3628788524204,0.6607181873791117,0.2848013171681019
104,ds104_time104_48.h5,0.00913760235676533,0,7000.0,0.006,2.0977031918534976,0.3044936114149396,107889.98547582056,-0.04561211332430285,-0.4272341806735122,0.05478730593083885,0.9996998614393212,1.856282873904403,0.00023809523809520392,572.9325541570953,0.6607805863026046,0.2851705709088012
104,ds104_time104_49.h5,0.00913760235676533,0,7000.0,0.007,2.0699662689558376,0.28753677628540963,112259.14888648724,-0.01666462789127655,-0.4206514941316755,0.06382923016278011,0.9997558883621981,1.6565239617582317,0.00023809523809520392,616.8842585781648,0.6616800946103152,0.28549643109239503
104,ds104_time104_50.h5,0.00913760235676533,0,7000.0,0.008,2.159965442691067,0.2759016250121726,126857.01105118256,-0.04174247299881891,-0.4146707514445139,0.08513464723565638,0.9992865763083988,1.4708096585167676,0.00015873015873013596,790.1667559503162,0.6647049373234186,0.2854805761661863
104,ds104_time104_51.h5,0.00913760235676533,0,7000.0,0.009,2.5418672696582534,0.2657054753944876,141540.30882599624,-0.013098093373024746,-0.4092100764072316,0.14535990946152275,0.9981189369898241,1.4597010101437229,0.0,1027.2858290396953,0.7295015295291069,0.3011535252826967
104,ds104_time104_52.h5,0.00913760235676533,1,7000.0,0.009999999999999998,1.8752501529324697,0.29038271092254153,214032.55760350765,0.04562194398206505,-0.3920711952235302,0.15906506227204495,0.9998334098429226,1.6168174942709335,0.0,848.1442430634834,0.874264599075013,0.23124982573325067
104,ds104_time104_53.h5,0.014106855697582374,0,7500.0,0.001,1.9270637501200831,0.080374680943198,23312.507505073485,0.6929768464467322,-0.44796806095743236,0.08858225203200745,0.9995476363249433,2.310572525246292,0.00015999999999999348,624.3656617650612,0.7278305494369958,0.25932380457724047
104,ds104_time104_54.h5,0.014106855697582374,0,7500.0,0.002,1.9815279163814783,0.24419561224711583,27544.607546589206,0.2884931110754879,-0.43040859987159125,0.07944368756479585,0.9994350056480463,2.3068251120319068,0.00015999999999999348,586.4326767066492,0.7279494481249721,0.25862647006205375
104,ds104_time104_55.h5,0.014106855697582374,0,7500.0,0.003,1.961826271560991,0.2814862973267802,43515.29637570861,0.12152288486797373,-0.4122183198854172,0.07282755874939546,0.999483888332635,2.2446540161822575,0.00015999999999999348,565.8537861299245,0.7279459050760876,0.25760244211561983
104,ds104_time104_56.h5,0.014106855697582374,0,7500.0,0.004,1.9262612854236263,0.2740747591230239,59271.67045294547,0.061151326644214896,-0.4025001002240006,0.07249886185304613,0.9991612288997891,2.26138403405323,0.00015999999999999348,564.9142889199723,0.7280258313715765,0.2579017285164205
104,ds104_time104_57.h5,0.014106855697582374,0,7500.0,0.005,1.9384993870713976,0.2709292851995295,90606.28067622392,0.005451788624775539,-0.391188032297798,0.07237682968768744,0.9988665346670399,2.0394794803714666,0.00015999999999999348,577.4252909701509,0.7280594025381939,0.2576171492691188
104,ds104_time104_58.h5,0.014106855697582374,0,7500.0,0.006,1.9510165666611257,0.2769330498241145,99668.31205207147,-0.049372425267561346,-0.3848273425914497,0.07593132355150561,0.9985667298682467,1.8634213072136092,0.00015999999999999348,595.4076248562703,0.727924060010486,0.25717443881223434
104,ds104_time104_59.h5,0.014106855697582374,0,7500.0,0.007,1.9652409189291833,0.2994214315854886,87833.66878350548,-0.04857676098721141,-0.3762080168633256,0.08089769052330834,0.9983182115383386,1.5946978032393897,0.00015999999999999348,641.3251254752331,0.727697116810485,0.25708595914057647
104,ds104_time104_60.h5,0.014106855697582374,0,7500.0,0.008,1.9876891788253779,0.27734765585446985,98360.89317867761,-0.0884387199321874,-0.37093743376851396,0.09094635000932726,0.9982759284081404,1.4351068416730381,0.00015999999999999348,741.7048122718036,0.7276661741516045,0.25747985051117334
104,ds104_time104_61.h5,0.014106855697582374,0,7500.0,0.009,1.9904118984975585,0.22282710293094332,97387.49355865922,-0.08071621832556289,-0.3650792939665904,0.18041826557256363,0.9963536633047284,1.2699727059905481,0.0,1407.2492000373109,0.7280284169571304,0.25693106238285845
104,ds104_time104_62.h5,0.014106855697582374,0,7500.0,0.009999999999999998,3.5142185710385125,0.1402007081848023,89490.64818147622,-0.015476480633433539,-0.36365285076364895,1.6209678669571566,0.08729901007723195,1.225598636040045,0.0,3134.3572990760713,0.8228880235328204,0.12280175693027093
104,ds104_time104_63.h5,0.014106855697582374,0,7500.0,0.011,1.9870136048417189,0.27422272560455124,154508.6645974652,0.042072383740418,-0.3660085218685098,0.15151383448651465,0.9944529980551889,1.3192869870988142,0.0,1266.8912433557273,0.7273219283725292,0.2534846475055967
104,ds104_time104_64.h5,0.014106855697582374,0,7500.0,0.012,2.0028862226609125,0.2839914118770751,196722.0777238333,-0.06059921127504931,-0.36775023822497105,0.1146939108839575,0.9958124999046868,1.3578139142714893,0.0,991.0146641713347,0.7272871589549372,0.25403497195662145
104,ds104_time104_65.h5,0.014106855697582374,0,7500.0,0.013,1.963025624903509,0.2796181607075209,242778.32093301168,0.04196671511727667,-0.3688741636550525,0.0986852730426695,0.9951656511350533,1.4652270618037306,0.0,818.1381254083273,0.7274445851350677,0.25384727377527955
104,ds104_time104_66.h5,0.014106855697582374,0,7500.0,0.013999999999999999,1.9465246941152285,0.3082603224428577,309209.6480944638,0.02893080100851927,-0.36846987815136795,0.09011861966791325,0.9944958674447967,1.478974466629277,0.00015999999999999348,798.2346251708857,0.727368850022608,0.25387741521053747
104,ds104_time104_67.h5,0.014106855697582374,1,7500.0,0.015,2.046331534624296,0.2937840904393657,413490.3980077564,-0.009963343651994385,-0.36614428690964734,0.12061703758927765,0.9918133790245672,1.5950504543728177,0.0,825.1265413297582,0.7292479270310445,0.25560933791637863
104,ds104_time104_68.h5,0.005321338763032498,0,8000.0,0.001,2.0813342414131224,-0.09217270543898115,14914.516301973927,0.8373679678337467,-0.4785874939987379,0.12248999763204456,0.9999776477160915,2.298733195699351,0.00016304347826087695,689.5353428475262,0.8145070581468439,0.27001288042115307
104,ds104_time104_69.h5,0.005321338763032498,0,8000.0,0.002,2.147413982503546,0.24260899787250856,30816.206524494315,0.20758158099332952,-0.44997898823331234,0.11552397592335562,0.9999588663512882,2.4780658765310517,0.00016304347826087695,617.6357795349596,0.8142898972761126,0.26806643989179124
104,ds104_time104_70.h5,0.005321338763032498,0,8000.0,0.003,2.2262450419427777,0.29459887262360107,49552.5400355118,0.07360140049215103,-0.4361320723193182,0.11483254554216334,0.9999593575413616,2.3690568542566863,0.00016304347826087695,610.9153814258907,0.8139334689312422,0.2669052282676184
104,ds104_time104_71.h5,0.005321338763032498,0,8000.0,0.004,2.3190577151108682,0.27404081773444555,85106.30478439695,0.033028177697466535,-0.4255101686379328,0.11985313958478501,0.9999394172748268,2.483972993744048,0.00016304347826087695,623.792473760607,0.8139361342170938,0.26719735765741953
104,ds104_time104_72.h5,0.005321338763032498,0,8000.0,0.005,2.5106611391979268,0.2878301857921428,153373.5517569327,0.034320350522852476,-0.4117122244660612,0.12211261552839317,0.9999148682198007,2.4146309333880933,0.00016304347826087695,655.0137288956461,0.8120356537486227,0.268145379723063
104,ds104_time104_73.h5,0.005321338763032498,1,8000.0,0.006,2.659097115258152,0.25394177512468785,212569.6254773111,-0.08710011105911696,-0.39816100527633386,0.15548709283085455,0.999876704098627,2.466546779728425,0.003913043478261047,684.6204582628147,0.7953010336691315,0.2940385862066148
104,ds104_time104_74.h5,0.005321338763032498,1,8000.0,0.007,2.479544903081324,0.22748386517652652,413386.9587037207,-0.009428272696427245,-0.3677105410602823,0.2254343255730787,0.9993623309992563,2.4565732184196785,0.003913043478261047,697.923765366804,0.753678073996418,0.2941429128069356
104,ds104_time104_75.h5,0.003154848369242181,0,8500.0,0.001,2.3130078325242764,-0.09591920464168391,17459.364659707044,0.8955734945898159,-0.4530745872070105,0.15437566503544944,0.99999470146079,2.384120871452921,8.021390374331194e-05,737.07742162924,0.8668726483688685,0.25594206777614553
104,ds104_time104_76.h5,0.003154848369242181,0,8500.0,0.002,2.3549072534954054,0.2151335917353545,36416.9114281136,0.3006514848106362,-0.43085840066428055,0.14624907589987496,0.9999963192125841,2.5166687326874024,0.00016042780748662389,668.1591098225126,0.8648479786467204,0.25523171201363276
104,ds104_time104_77.h5,0.003154848369242181,0,8500.0,0.003,2.4549629315950527,0.27443335892888965,69987.65218935143,0.08025561984492027,-0.4048532061777629,0.14459303454350134,0.9999911860524757,2.66517296890218,0.00016042780748662389,660.2128490560679,0.8568521338594585,0.2606357399582301
104,ds104_time104_78.h5,0.003154848369242181,1,8500.0,0.004,2.6160426952071933,0.16888655873537117,280962.01167950965,-0.2586167557383438,-0.3592105742728117,0.37181790398688586,0.9982328673037625,3.1698634163265624,0.0019251336898394866,709.192214619973,0.7663157820125835,0.2813759790874321
104,ds104_time104_79.h5,0.003154848369242181,1,8500.0,0.005,2.395998067522035,0.03215353772472107,1348629.3793959464,-0.02383470759797365,-0.305286369498463,0.5265731686584413,0.9980983376538198,3.961514660042321,0.0019251336898394866,781.2155285137377,0.7433178473470624,0.24466085952245042
104,ds104_time104_80.h5,0.0022662204522670426,0,9000.0,0.001,2.448995340727153,-0.007706114152117083,15211.23599323439,0.6571526146574751,-0.5035461092215208,0.18791136504974673,0.9999965672905328,2.263558665171271,0.00015873015873013596,754.5431401946406,0.9249653031804764,0.28140820070300776
104,ds104_time104_81.h5,0.0022662204522670426,0,9000.0,0.002,2.415636664087825,0.19986015092040277,32959.18990197615,0.27093178272569096,-0.48093420191104175,0.19237597743582852,0.9999979752964878,2.3613568992695932,0.00015873015873013596,699.9232073092203,0.9152774018321125,0.28546202268509724
104,ds104_time104_82.h5,0.0022662204522670426,1,9000.0,0.003,2.6382394941277894,0.03149903068618709,434784.8212713647,-0.4942010734263986,-0.4079131083945226,0.46623230004674904,0.9980182860327594,3.768737066861306,0.0018253968253965636,787.3045099333434,0.7508068362899252,0.27677871764262524
104,ds104_time104_83.h5,0.0022662204522670426,1,9000.0,0.004,2.4190624777155825,-0.096107287150907,2424798.77680594,-0.15221912211730046,-0.3486956184215053,0.8092923467995168,0.9966435659265255,5.093890029510253,0.0018253968253965636,886.1543579074078,0.737005605495526,0.2540264351965936
104,ds104_time104_84.h5,0.001813142078071514,0,9500.0,0.001,2.5096375683860734,-0.11061602379011459,30287.209773589846,0.7358960539441822,-0.47670467382785836,0.24692491542208983,0.9999994799960091,2.34226637750865,7.894736842105343e-05,796.1187831557529,0.9915971571290338,0.26561288875283784
104,ds104_time104_85.h5,0.001813142078071514,1,9500.0,0.002,2.5534143438130283,0.14390242927645436,44651.30379489131,0.04398046930210483,-0.4473192401962051,0.28265921921453,0.99999901130474,2.565043529287422,0.0017368421052631755,736.5428378105391,0.8577969593934754,0.3203478055527528
104,ds104_time104_86.h5,0.001813142078071514,1,9500.0,0.003,2.42221772209503,-0.11634196497746507,1339837.6502147883,-0.36741141837907126,-0.34089088226631614,0.7888422715358991,0.996847338468676,4.751080105605319,0.006157894736842168,904.6563551685226,0.7379934003166718,0.24360325286481177
104,ds104_time104_87.h5,0.0015542224672644915,0,10000.0,0.001,2.5866552758744947,-0.12200645557570677,24375.72871114834,0.8159795227707388,-0.4471350238266348,0.3432389049100019,0.9999988693755943,2.3455740712070776,7.894736842105343e-05,843.581291407252,0.934320645920299,0.24953882684350068
104,ds104_time104_88.h5,0.0015542224672644915,1,10000.0,0.002,2.7547724699142613,-0.05405158148804423,219334.8345031003,-0.48808288647089243,-0.38328657280755585,0.49588929588945996,0.9978581429565464,3.344765479167381,7.894736842105343e-05,827.0173034442863,0.7643718102743401,0.25253699367906557
104,ds104_time104_89.h5,0.0015542224672644915,1,10000.0,0.003,2.4423670793263046,-0.12887443141298527,1877627.1579277054,-0.2692932544379075,-0.30367360295088053,0.8837440559781138,0.9948761199592648,5.3306372459955815,0.0,960.7122929119981,0.7403373076678428,0.22879701872906108
104,ds104_time104_90.h5,0.001396960044729048,0,10500.0,0.001,2.460703354546911,-0.03928448543665786,17815.97887741903,0.4980907173594877,-0.504968434775135,0.46899594133781297,0.9999992807753052,2.3791490485509854,0.0005555555555555487,848.1442782949225,0.8650238885555263,0.2862731297968056
104,ds104_time104_91.h5,0.001396960044729048,1,10500.0,0.002,2.4496849295991803,-0.1924585208545544,857308.4396891047,-0.5123536303482668,-0.3862365993928436,0.8766611411073053,0.996513563476489,4.692172611020866,0.004126984126984076,963.0143104667126,0.7482398482750466,0.248923176253436
104,ds104_time104_92.h5,0.001396960044729048,1,10500.0,0.003,2.3708733659711503,-0.19449427271472675,2095103.4525275421,-0.32448200358847845,-0.36741000218507497,1.0665149078684841,0.9954823029503496,5.876954506081005,0.004126984126984076,1016.2698473090026,0.7467914723143856,0.24647027694006046
104,ds104_time104_93.h5,0.0012991744510970804,0,11000.0,0.001,2.651033845072202,-0.09608778058689649,25810.243430867762,0.6175900113322835,-0.47614034079490786,0.6747680551749137,0.9999991911715754,2.421236806077901,8.021390374331541e-05,889.4628493226014,0.792800383025462,0.2773748794993447
104,ds104_time104_94.h5,0.0012991744510970804,1,11000.0,0.002,2.6022250367654123,-0.14043510638326584,198355.3659981888,-0.46635756019616187,-0.4142669371880705,0.8088743177774838,0.9952688531368289,3.68394908700344,0.004010695187165771,916.8779134555801,0.7786455205513532,0.2506387027472506
104,ds104_time104_95.h5,0.0012991744510970804,1,11000.0,0.003,2.291884356888257,-0.3666855914628264,2123542.9349241587,-0.12640786141141558,-0.3477064318352441,1.0815180375118434,0.9967659204094387,5.144304271221866,0.004010695187165771,1010.9428933446985,0.7622598754033895,0.23189348662824538
104,ds104_time104_96.h5,0.001239244016761887,0,11500.0,0.001,2.6868032580820027,-0.1955514157165812,33770.082032596874,0.7190658491335282,-0.4408050464066052,1.9401744220789037,0.9999989011287871,2.3753319033975058,8.1521739130435e-05,931.7977306221177,0.7199051009681338,0.268211089907236
104,ds104_time104_97.h5,0.001239244016761887,1,11500.0,0.002,2.749521033116811,-0.16685918702032532,282340.03806024935,-0.471387447584505,-0.37847426010005325,3.140261099049627,0.9978981756748052,3.6879044671571615,8.1521739130435e-05,954.3847558177155,0.7996209786148725,0.23510087194246457
104,ds104_time104_98.h5,0.001239244016761887,1,11500.0,0.003,2.322134200783444,-0.29567254998973524,2109386.24985278,-0.2467138862959929,-0.3150801136451598,2.38276695864502,0.9965488213067984,5.443000185325456,0.0,1016.9253965085837,0.7803944370724609,0.209644014542574
104,ds104_time104_99.h5,0.001205076880252254,0,12000.0,0.001,2.7967748427536687,-0.2032131734013667,34695.43840153062,0.7098240733096969,-0.44098959987699554,1.9573697442440299,0.9999992152215507,2.3897550473213074,7.812499999999833e-05,968.3375614718441,0.7304707176053009,0.2751266050990519
104,ds104_time104_100.h5,0.001205076880252254,1,12000.0,0.002,2.7454635479475242,-0.21792610935575296,283594.59986669995,-0.5274450213171905,-0.37605634429480905,3.0358703318381575,0.99695966457304,3.7179535253734968,0.0038281249999999184,990.7600273005867,0.758098866243084,0.2342877253818013
104,ds104_time104_101.h5,0.001205076880252254,1,12000.0,0.003,2.3327252261281295,-0.1815756365243515,1940625.267073037,-0.3547788294776436,-0.2995944924767456,2.1212150806473704,0.9973300633781995,5.663014505414658,0.0038281249999999184,1031.7455119455703,0.7395611512745948,0.21289694948830837
105,ds105_time105_1.h5,0.0005155402172233766,0,2000.0,0.00025,3.4553340842522586,0.2092132911605521,10104.66314903547,0.7758623362107705,-0.4754031212584781,0.46174448357132963,0.9962848938300665,2.359432732068382,0.0004787234042553656,258.2685960815638,0.7958073751939543,0.19360524240352792
105,ds105_time105_2.h5,0.0005155402172233766,0,2000.0,0.0005,2.9001061369829007,0.3052155810697268,47273.67682584016,0.15268313991323468,-0.46463889285151044,0.35343356396580294,0.9871167820530422,2.444498283352512,0.007978723404256094,239.88509591281738,0.7589891039437173,0.27818059057330186
105,ds105_time105_3.h5,0.0005155402172233766,1,2000.0,0.00075,2.337969912890644,0.15882742037271025,630673.5810045789,-0.2998926837580002,-0.38126582586650354,0.35835995321739483,0.9991253005631713,4.338522309780078,0.007898936170213533,414.8269126705745,0.7450437743550751,0.26020100356683507
105,ds105_time105_4.h5,0.0017019300696176384,0,2500.0,0.00025,2.1371989896997623,0.1850941890897918,14210.344120056556,0.7932827326701019,-0.48739944517731226,0.47507524805055723,0.9963047785062267,2.343178739166172,0.0003999999999999837,296.5552807200924,0.7343933415539519,0.1847416648494558
105,ds105_time105_5.h5,0.0017019300696176384,0,2500.0,0.0005,2.074835222745127,0.2901496355157157,42658.1062810738,0.25776699445723583,-0.48039536587899107,0.431272636188349,0.9924751662947435,2.420633097199155,0.0003999999999999837,277.82051534003,0.73363402157074,0.18604602711017137
105,ds105_time105_6.h5,0.0017019300696176384,0,2500.0,0.00075,2.119681435524148,0.31366469401026786,85878.96090297578,0.11528834611707212,-0.4737442572193667,0.35202590831998565,0.9909341114102709,2.4405250605001974,0.0003999999999999837,269.7008518471593,0.7320613409246112,0.1885925788087898
105,ds105_time105_7.h5,0.0017019300696176384,0,2500.0,0.001,2.402307618333773,0.3060943419427775,158019.24181092757,0.062032803851166704,-0.467365201626143,0.2852980489530565,0.9895510247414911,2.7413216797265907,0.00047999999999998044,262.4169104795599,0.7324335227869802,0.19287796057264428
105,ds105_time105_8.h5,0.0017019300696176384,0,2500.0,0.00125,2.500370426537126,0.31698398370762637,204698.88202829842,0.014109360076486182,-0.4636048307771285,0.30243575022939184,0.9876143577126211,2.5841974138934254,0.00047999999999998044,262.51081190215814,0.7327210563293206,0.19626697439732985
105,ds105_time105_9.h5,0.0017019300696176384,0,2500.0,0.0015,2.7125101199119452,0.3244356695330696,308107.79037213733,0.02545488105801282,-0.458826163308778,0.2896389362352551,0.9831451848184057,2.5555070315327284,0.00047999999999998044,260.067450912564,0.7334211376749883,0.20445495499616256
105,ds105_time105_10.h5,0.0017019300696176384,1,2500.0,0.00175,2.9229675229150547,0.3344167382744914,463279.84359827335,0.00723647039723797,-0.45285425733435797,0.3084878108630487,0.9653806686857285,2.764338755497409,0.00047999999999998044,263.54940545830704,0.7365584065511006,0.21839872338631583
105,ds105_time105_11.h5,0.0017019300696176384,1,2500.0,0.002,2.8168581620952753,0.2944044661706564,808175.403615,-0.1446628224055402,-0.4293984277951249,0.341756513330201,0.9995047844800878,2.929316283610162,0.005519999999999775,313.9633383754947,0.8236526992329184,0.3061489317200657
105,ds105_time105_12.h5,0.0017019300696176384,1,2500.0,0.0022500000000000003,2.7083313675464864,0.25823322547312777,2171237.0439230073,-0.16441547630298428,-0.39373875478350356,0.35126140374263676,0.9994640058354515,3.7447566635747314,0.005519999999999775,404.8402187475561,0.8536837916817802,0.36732964688618236
105,ds105_time105_13.h5,0.0004295762546539345,0,3000.0,0.00025,4.365421325785933,0.14649450549095522,18980.801385044542,0.9121324738377081,-0.47985668601839276,0.4649381336276922,0.9969301762305586,2.3024473279333266,0.0003225806451612903,334.07319531171197,0.8904721950070572,0.2653188669404503
105,ds105_time105_14.h5,0.0004295762546539345,1,3000.0,0.0005,2.252072119989582,0.20671142709565915,47761.99580889664,0.16057012876501545,-0.46580325447121135,0.42553581795859896,0.9979613610145786,2.592818211984091,0.009758064516129032,340.36103919848097,0.7735913043040106,0.37248069260592853
105,ds105_time105_15.h5,0.0004295762546539345,1,3000.0,0.00075,2.2015623708862937,0.11102974914286445,807299.7278845143,0.05609154273829591,-0.37670724696671054,0.5262576447023893,0.9990620799865074,4.903390909297237,0.009758064516129032,541.6142927903887,0.7807022227959556,0.24500738135978326
105,ds105_time105_16.h5,0.001299141466912432,0,3500.0,0.00025,7.954679493682516,0.19483817790802715,8320.13510355407,2.2889770435508874,-0.4964358260248091,0.4040935198311836,0.9946541403782673,2.2559923032339797,0.000317460317460317,424.51054746661725,0.7351712677438267,0.19442125307422317
105,ds105_time105_17.h5,0.001299141466912432,0,3500.0,0.0005,2.4866873665344693,0.24441426188613868,43390.963583004705,0.4707754086105761,-0.48419709092914265,0.3456824818333285,0.9927751895280196,2.383190770913827,0.000317460317460317,356.9164465421687,0.723827799135431,0.19906586503705934
105,ds105_time105_18.h5,0.001299141466912432,0,3500.0,0.00075,2.6103395948214363,0.26515813859886384,66552.83202321714,0.29909588567443496,-0.47916107693527804,0.33077979745690006,0.9895451806786296,2.3883219639124245,0.000317460317460317,347.02915487577627,0.7175779306762847,0.2010618419086753
105,ds105_time105_19.h5,0.001299141466912432,0,3500.0,0.001,2.8320854376709286,0.2834937981006631,96913.71539988341,0.19754406947189898,-0.47401111592449463,0.2994842897718938,0.9890677705734087,2.486497348944542,0.000317460317460317,339.4394527445314,0.7109816320753033,0.2048917330613012
105,ds105_time105_20.h5,0.001299141466912432,0,3500.0,0.00125,3.0696443744489574,0.30918163986627234,183637.92382440815,0.0697114163027639,-0.46622009061350983,0.23111760652486624,0.991647300754269,2.615654054169041,0.000317460317460317,334.58928086896105,0.7034051182292862,0.21166181850507892
105,ds105_time105_21.h5,0.001299141466912432,1,3500.0,0.0015,2.4695478289475377,0.26373694689249094,298080.4084061701,-0.14069317628891254,-0.44888632468644885,0.36012745691476483,0.9992656821120379,2.7456149827591694,0.003888888888888884,360.1305545702674,0.8138744987107013,0.3053606386373376
105,ds105_time105_22.h5,0.001299141466912432,1,3500.0,0.00175,2.387861661336074,0.21780621918975362,642161.1603659982,-0.28679969546416567,-0.4206138674892115,0.4174447635874702,0.999621644355267,3.2746551218607043,0.016746031746031724,417.4385399795476,0.826567183257813,0.37474570630452486
105,ds105_time105_23.h5,0.0009189157925512365,0,4000.0,0.00025,8.382146404466331,0.1705331583451356,9299.95165118144,2.4233194588678915,-0.48800046277702247,0.2632072172655573,0.9947879992588575,2.3190324272162783,0.0002393617021276828,475.5528725101565,0.769163791435011,0.19696349049454337
105,ds105_time105_24.h5,0.0009189157925512365,0,4000.0,0.0005,3.420364643740636,0.11293075693439603,30653.92637185893,0.942526297483164,-0.47913953824979116,0.24829144008020793,0.9960317120094258,2.349976760981378,0.0002393617021276828,412.58532783382833,0.7679346240474844,0.20055238099999007
105,ds105_time105_25.h5,0.0009189157925512365,0,4000.0,0.00075,3.429491052666304,0.26014011313415875,83577.08793647817,0.23633443977530272,-0.4671770677056619,0.21704980560451753,0.9952836150292332,2.4564890746411248,0.0002393617021276828,386.2525275679488,0.7658774624603603,0.23910967778238562
105,ds105_time105_26.h5,0.0009189157925512365,1,4000.0,0.001,2.832804368587355,0.21041232863145853,225244.12090948178,-0.21753867082160294,-0.44557536673450965,0.37177485630970214,0.9979514794242038,2.7421867200440397,0.003989361702128047,418.45497437821814,0.7362429649820644,0.3878573945252181
105,ds105_time105_27.h5,0.0009189157925512365,1,4000.0,0.00125,2.2827098156381656,0.036479772389272025,1342977.2603303336,-0.702787639196141,-0.3826185942768383,0.5926115130766834,0.9991733486998701,4.038678634978307,0.003989361702128047,522.2726541100502,0.7344588491362739,0.3168238123430122
105,ds105_time105_28.h5,0.00044311950837012547,0,4500.0,0.00025,8.74711316050024,0.15341841432411873,13331.984039126353,2.0978926275428873,-0.500056408183135,0.16897689184488712,0.999557360183679,2.327868076351582,0.00023809523809520392,510.53083900188847,0.6554353981606665,0.2828994924765887
105,ds105_time105_29.h5,0.00044311950837012547,1,4500.0,0.0005,2.313277606504944,0.02822940010165964,48386.20386329518,0.3591379345252181,-0.48303942577215286,0.2660181574869553,0.9974556836997346,2.471053673731961,0.00015873015873013596,468.6145333553103,0.731607963815584,0.3555887200083511
105,ds105_time105_30.h5,0.00044311950837012547,1,4500.0,0.00075,2.1546198551743023,0.01882984723612635,640073.8875079122,-0.2590577123982,-0.38924810440793106,0.6830734262030806,0.9986181447596268,4.8003888415347555,0.013650793650791693,645.9314579404952,0.7444656000496109,0.24824045229572242
105,ds105_time105_31.h5,0.0004363660181917417,0,5000.0,0.00025,6.291229501047955,0.15486724660722784,11309.543470402916,2.1917849573693116,-0.48879754081079624,0.11796755109084454,0.999748979313275,2.3391416032647627,0.00023684210526320193,568.807894217936,0.5813505611274236,0.27619903061802253
105,ds105_time105_32.h5,0.0004363660181917417,1,5000.0,0.0005,2.355774040454615,0.019131822850048774,74340.24357873082,0.29571693680510175,-0.46180129246684326,0.27317156691716693,0.9965784005731783,2.7147412479605872,0.005842105263158981,530.5895676940875,0.7384507410914108,0.31805652336138757
105,ds105_time105_33.h5,0.0004363660181917417,1,5000.0,0.00075,2.1622229381430045,0.029861775068275698,441900.7050353362,-0.06253732574386643,-0.4023930554284957,0.5955436944106801,0.999370143624657,4.035414360110741,0.005842105263158981,630.9169470777543,0.754710555266232,0.24107974204473542
105,ds105_time105_34.h5,0.0006075690652945574,0,5500.0,0.00025,3.8585127002897703,0.12255831515361826,23239.161537527387,2.4232410173691017,-0.4742944009763139,0.09645702994194977,0.9997987603559654,2.3754309578012207,0.00016042780748662389,617.5320850640899,0.5675037345152822,0.2656647864270368
105,ds105_time105_35.h5,0.0006075690652945574,0,5500.0,0.0005,2.730547451926597,0.04875298460394428,62070.372094290826,0.9236269406270078,-0.4626498053149756,0.09493307256428002,0.9997389555547521,2.4439962190820337,0.00016042780748662389,537.1213005618654,0.5922830378734423,0.2695103794441356
105,ds105_time105_36.h5,0.0006075690652945574,1,5500.0,0.00075,2.2330845918727062,0.05127448073170826,276095.7946086807,-0.29465579259956765,-0.41046633800656007,0.3363785505861338,0.9993345265760591,3.4604481877502002,0.005614973262031836,579.9046596080816,0.7743904343547073,0.27408065632792183
105,ds105_time105_37.h5,0.0006075690652945574,1,5500.0,0.001,2.27214899601808,0.06575381376078093,282504.3839830969,-0.31182832805058563,-0.40972530869662094,0.335482822471844,0.9991427541036579,3.449928344350909,0.005614973262031836,582.2634539267937,0.773440124159563,0.27470273127771216
105,ds105_time105_38.h5,0.0010309994290792802,0,6000.0,0.00025,2.297025430475086,0.12112810622177372,23085.225113017597,2.2097620221864607,-0.47278690085571995,0.07838051790385049,0.999845739447842,2.3654897993336523,0.00016129032258063725,652.7653069791396,0.5835869530552731,0.26302075085969107
105,ds105_time105_39.h5,0.0010309994290792802,0,6000.0,0.0005,2.4292600854227615,0.015290999288253282,75878.5017688784,0.9817492009416671,-0.46085283314842895,0.0746484391524835,0.999677770404389,2.5352367774612095,0.00016129032258063725,570.7491983695922,0.5863134451499189,0.2646576160897485
105,ds105_time105_40.h5,0.0010309994290792802,0,6000.0,0.00075,2.441225033547942,0.004528456438572359,74825.17298677709,0.9941363680084688,-0.4611646617604283,0.07514141675170545,0.999700803619019,2.4579629086139034,0.00016129032258063725,567.4204189961223,0.5863459891336258,0.26417046493197216
105,ds105_time105_41.h5,0.0010309994290792802,0,6000.0,0.001,2.80961270487173,0.1540310594653287,134279.8702349309,0.5003367108646791,-0.4523522800791176,0.07160445055206155,0.9997970869188181,2.469932745665297,0.00016129032258063725,542.4199284362932,0.5953328349967585,0.2665918272186653
105,ds105_time105_42.h5,0.0010309994290792802,1,6000.0,0.00125,2.4366772687684763,0.15028526139819887,341924.37305819517,-0.1865452219339441,-0.4176186611589523,0.2084394861510643,0.9996123085206959,3.085792462662788,0.00016129032258063725,559.8072545185798,0.7528021323093996,0.3021615616284055
105,ds105_time105_43.h5,0.0010309994290792802,1,6000.0,0.0015,2.256961055662189,0.09193839978322882,1146655.5006689648,-0.4073271230860014,-0.36203158959095744,0.38503936029526453,0.999727615229662,3.8988414614233053,8.064516129031862e-05,618.2367150705419,0.7988666128066174,0.2732252215286473
105,ds105_time105_44.h5,0.0018692091844320954,0,6500.0,0.00025,2.0939695583182463,0.0985244937054619,24139.546327508615,2.055731896913379,-0.49107276620276036,0.0718347033924214,0.9998486857991472,2.305746286726497,0.00015915119363396624,686.2560914531736,0.6127512571970732,0.27164297488766564
105,ds105_time105_45.h5,0.0018692091844320954,0,6500.0,0.0005,2.1520551644925074,0.14469486695762956,23486.565813140423,1.9993041441361399,-0.48987437823825125,0.06888110186975106,0.9997531589538616,2.3483398311572112,0.00015915119363396624,687.2669895222402,0.6122710937283012,0.27190217050445914
105,ds105_time105_46.h5,0.0018692091844320954,0,6500.0,0.00075,2.344233823839862,0.012167386524733148,79968.8649841543,0.8587061475873415,-0.47810486067682273,0.06711066367826872,0.9998214596712387,2.3221716114047415,0.00015915119363396624,599.252492761133,0.613548617650272,0.273045815446483
105,ds105_time105_47.h5,0.0018692091844320954,0,6500.0,0.001,2.443041639896438,0.14928240949245764,138099.6883634024,0.5218762824631722,-0.4697352028696189,0.06354052299698537,0.9998300063308858,2.3209960658964905,0.00015915119363396624,563.7423746546642,0.6144539085131431,0.2727290992913046
105,ds105_time105_48.h5,0.0018692091844320954,0,6500.0,0.00125,2.573404663579453,0.20806727327785324,177593.71964352942,0.3001602634601733,-0.46144417420848466,0.06124891616509012,0.9996704502177696,2.5238195237979446,0.00015915119363396624,545.4391449980126,0.6160623287768785,0.2732058512868877
105,ds105_time105_49.h5,0.0018692091844320954,0,6500.0,0.0015,2.6086082006163753,0.22631465735495926,177182.8972185693,0.31561228656814844,-0.460312237440317,0.058017978751080404,0.9997157787688165,2.402919689222007,0.00015915119363396624,546.5910669378512,0.6150572527614693,0.2743787263497156
105,ds105_time105_50.h5,0.0018692091844320954,0,6500.0,0.00175,2.6664938080231035,0.26535626952047386,250463.96744136524,0.1572325466612615,-0.45221620513101146,0.058126438294104486,0.9996135282508423,2.6043272909471162,0.00015915119363396624,548.5354978989069,0.6189756485133743,0.27481196956609766
105,ds105_time105_51.h5,0.0018692091844320954,1,6500.0,0.002,2.747386923972821,0.2599318067068175,450826.7979776903,0.03763177391946716,-0.4388942159619965,0.09064075722491931,0.9995710815094384,3.0660437172344612,0.002068965517241561,560.5535152931002,0.6419688717114597,0.2788906949354939
105,ds105_time105_52.h5,0.0018692091844320954,1,6500.0,0.0022500000000000003,2.777903027222933,0.2122371005732353,1357996.4191930194,-0.2170208197272394,-0.40127156191011953,0.24372926248490617,0.9997457028551592,3.733464110806809,0.007161803713528481,619.1044838741075,0.7260737695850261,0.29305973349107844
105,ds105_time105_53.h5,0.0031981608248678665,0,7000.0,0.00025,2.075000486613434,0.12079648968414247,26254.76766537664,1.8899936500552985,-0.5106774359056432,0.06931211418171664,0.999902041346389,2.298635873606887,0.00015873015873013596,718.1108825114821,0.6616961291545547,0.2832869380051432
105,ds105_time105_54.h5,0.0031981608248678665,0,7000.0,0.0005,2.0688883132774123,0.13194418148301912,25066.669311726146,1.791084090707992,-0.510160342310901,0.06982378224119494,0.9998614244393921,2.353950484152974,0.00015873015873013596,719.8114823644148,0.6616417854799409,0.28255143182777687
105,ds105_time105_55.h5,0.0031981608248678665,0,7000.0,0.00075,2.136044928878768,0.002060606189726366,77222.60926725739,0.7822958755546293,-0.497390772360796,0.07000797879141263,0.9997587917817128,2.2625401050901846,0.00015873015873013596,617.4951047021019,0.6615262150815863,0.28385287953035715
105,ds105_time105_56.h5,0.0031981608248678665,0,7000.0,0.001,2.150628287447706,0.14485507953008736,131303.3612597916,0.4503077693561048,-0.48720724977357144,0.06669105126817781,0.9997960621120235,2.233057259216546,0.00015873015873013596,584.0401224691952,0.6615371636139284,0.28487691980064656
105,ds105_time105_57.h5,0.0031981608248678665,0,7000.0,0.00125,2.169182535708029,0.1510035100485494,132853.62385891218,0.4774552599984862,-0.48778305537417466,0.06869115177761508,0.9998536773548645,2.2312575260089638,0.00015873015873013596,587.9261199454963,0.6618258911784061,0.2842999956618982
105,ds105_time105_58.h5,0.0031981608248678665,0,7000.0,0.0015,2.1231788567603,0.1952012688424718,166336.62410238726,0.32351410320713925,-0.4782453737749877,0.06345786226122117,0.9998255548507375,2.2715135513230376,0.00015873015873013596,563.2235311536398,0.6614279722414351,0.2858555125403922
105,ds105_time105_59.h5,0.0031981608248678665,0,7000.0,0.00175,2.06703569950924,0.27055083265787316,199353.3528751378,0.2197608578811313,-0.47180877047691494,0.06287131267228883,0.9997857731325607,2.274739342074598,0.00015873015873013596,551.4581560506907,0.661141292768082,0.28588969073515297
105,ds105_time105_60.h5,0.0031981608248678665,0,7000.0,0.002,2.096942786380558,0.2261654806484259,208494.29900295267,0.18871160438973372,-0.47278014320863126,0.06519566839722007,0.9997781225114095,2.3049383896560682,0.00015873015873013596,552.4996527143368,0.6615115379498295,0.2853833986682761
105,ds105_time105_61.h5,0.0031981608248678665,0,7000.0,0.0022500000000000003,2.1102212834491034,0.2664903393764271,237267.44015264057,0.1801842694165743,-0.46449399127161445,0.06256125437476659,0.9997974453743657,2.269136943734472,0.00023809523809520392,547.5291321109216,0.6614358177120062,0.28628077493488663
105,ds105_time105_62.h5,0.0031981608248678665,0,7000.0,0.0025000000000000005,2.1502931038114146,0.3030289681820475,329955.63434114255,0.10357121669888868,-0.45818226375785626,0.06287961245076293,0.9995376886222689,2.319431416038389,0.00023809523809520392,546.4847371799566,0.6619556379160357,0.2872248090208694
105,ds105_time105_63.h5,0.0031981608248678665,0,7000.0,0.00275,2.1375743701366705,0.2905057634806725,326658.7968308885,0.07550772699466096,-0.4588303750160732,0.06326248126321453,0.9996884646641612,2.344145984016885,0.00023809523809520392,547.7806224658925,0.6619353399940381,0.2860602414116351
105,ds105_time105_64.h5,0.0031981608248678665,0,7000.0,0.003,2.2530764923026303,0.28945953005740255,498028.1154928645,0.023292096426784092,-0.4511349121648962,0.06698597313091756,0.9995992321615271,2.492732456589973,0.0019047619047616313,560.5215191951237,0.6632091009400504,0.28757072830104324
105,ds105_time105_65.h5,0.0031981608248678665,1,7000.0,0.0032500000000000003,2.377548808606629,0.2466853494020762,1060681.344195169,-0.07993106275353859,-0.43797383812385143,0.1155593185217862,0.9996313387616003,2.845501500316474,0.0019047619047616313,592.6286662881421,0.6711066375725004,0.28848515002051434
105,ds105_time105_66.h5,0.0031981608248678665,1,7000.0,0.0035000000000000005,2.3656068683849414,0.26337029686130164,1068050.5214630887,-0.030791081713456927,-0.43782997714829786,0.11436492847223954,0.9996066823652608,2.9793215529582846,0.0019047619047616313,595.0246492589915,0.6707742867296315,0.2881563039607235
105,ds105_time105_67.h5,0.004937399494153831,0,7500.0,0.00025,1.933214504503848,0.07946074418650362,35523.83223377443,2.195285515234627,-0.471991738950551,0.09499719997698473,0.9995461618878293,2.3132825177683225,7.999999999999674e-05,777.0565494639451,0.7277730866557846,0.2593776704157975
105,ds105_time105_68.h5,0.004937399494153831,0,7500.0,0.0005,1.9363404988401658,0.08151019142518234,36123.77820472245,2.185984881012416,-0.4727282934844616,0.09369417865633455,0.9996443230839691,2.3658059614847224,7.999999999999674e-05,776.743305310473,0.7278726872492376,0.25917162916430536
105,ds105_time105_69.h5,0.004937399494153831,0,7500.0,0.00075,1.9570711698466459,-0.08105589589765061,110516.09838808155,0.9999245688756528,-0.45866017827309413,0.09162884946658711,0.9996428401095373,2.364070196087243,7.999999999999674e-05,659.4807299812887,0.7276347704752885,0.2579201097271889
105,ds105_time105_70.h5,0.004937399494153831,0,7500.0,0.001,1.964007760883994,0.05614727483821169,182712.2536219593,0.6047163207825801,-0.44985032543008774,0.0909449239539564,0.999379094204763,2.332604364370436,0.00015999999999999348,620.5874946466807,0.7276450568840843,0.2576983646160688
105,ds105_time105_71.h5,0.004937399494153831,0,7500.0,0.00125,1.9420920389554428,0.08045955121341009,186457.5542956399,0.6133198099768196,-0.449683211347475,0.08879241228358717,0.9993869108966171,2.3462982591106076,0.00015999999999999348,623.3686114751416,0.7276769611894829,0.2579498793070529
105,ds105_time105_72.h5,0.004937399494153831,0,7500.0,0.0015,1.9548383058128416,0.2136717079273669,212410.21633785754,0.39752667521794893,-0.4413767865436325,0.08630443558927064,0.9992486257837137,2.3242757217200167,0.00015999999999999348,596.5893344463527,0.7276043150836689,0.2569344763282657
105,ds105_time105_73.h5,0.004937399494153831,0,7500.0,0.00175,1.9561098218052064,0.1668658100939422,216045.9249537081,0.4313039387943277,-0.4413581467755684,0.08580737066947706,0.9989808890785528,2.2980261075833663,0.00015999999999999348,598.0153200872592,0.7276939374131886,0.25716668919027885
105,ds105_time105_74.h5,0.004937399494153831,0,7500.0,0.002,1.9696630337204895,0.23296984503508633,225273.80158073312,0.3196104265275328,-0.434020150074122,0.08332973949715379,0.9987832035330503,2.339762335195075,0.00015999999999999348,580.9711686970937,0.7277865117252943,0.25636132783588694
105,ds105_time105_75.h5,0.004937399494153831,0,7500.0,0.0022500000000000003,1.9876756507866005,0.24082446101802324,285596.3176715505,0.19660556447543712,-0.42778516474146644,0.08184631226112803,0.9985722123670839,2.3682258009140704,0.00015999999999999348,573.475082905667,0.7277373714216497,0.2556948821838848
105,ds105_time105_76.h5,0.004937399494153831,0,7500.0,0.0025000000000000005,1.9470507811053457,0.2391099411644082,288068.0522258808,0.239744294342573,-0.4277242160259765,0.08294464373663875,0.998590679850319,2.2895349479154685,0.00015999999999999348,575.2849221587877,0.7279357145062283,0.25555415424582945
105,ds105_time105_77.h5,0.004937399494153831,0,7500.0,0.00275,1.9699045890705786,0.24481815813561902,331769.31243797555,0.13108296278126283,-0.42211386553600383,0.08073454495807837,0.9984788044883416,2.289219560935979,0.00015999999999999348,567.9464354225998,0.7279449123301808,0.2549964660165638
105,ds105_time105_78.h5,0.004937399494153831,0,7500.0,0.003,1.9803906388954107,0.2829807505651023,390561.65388239163,0.13251194170294753,-0.4165966728742753,0.07956156393327214,0.9980810027192809,2.318213070306275,0.00015999999999999348,568.2738423133072,0.7278906271938695,0.2542291781886062
105,ds105_time105_79.h5,0.004937399494153831,0,7500.0,0.0032500000000000003,1.9457685900072892,0.2438261657891838,415337.9851432957,0.13645160583020058,-0.4177065171048895,0.08259648584217649,0.9981013049409448,2.2328504716672697,0.00015999999999999348,564.9827430701806,0.7278275374395884,0.2546231529174656
105,ds105_time105_80.h5,0.004937399494153831,0,7500.0,0.0035000000000000005,1.959627934144869,0.254051314842201,532082.0305189567,0.08013808606456278,-0.41154306586031586,0.07925176921421724,0.9978653942162322,2.25026652962715,0.00015999999999999348,566.1014066712358,0.7279396024224485,0.2536927190485132
105,ds105_time105_81.h5,0.004937399494153831,0,7500.0,0.00375,1.9569178299387913,0.26616325616932923,454628.61408102803,0.09549708543292797,-0.4116541870137721,0.08194134767738825,0.9974869456330486,2.2280381073378237,0.00015999999999999348,563.2483815869722,0.7278638605596072,0.25410766656226597
105,ds105_time105_82.h5,0.004937399494153831,0,7500.0,0.004,1.936248412429514,0.27824483482022977,611739.7433782229,0.09850146046197525,-0.4071671052979549,0.08112901301633836,0.997703432171638,2.216414688738744,0.00015999999999999348,572.2281095924398,0.7278978323059249,0.2538286056205218
105,ds105_time105_83.h5,0.004937399494153831,0,7500.0,0.00425,1.989945798177825,0.2774064022054601,800671.91209255,0.08198706495318034,-0.40197415218349514,0.08066365683492797,0.9965351946439598,2.2129503542322,0.00015999999999999348,582.8611985194208,0.7280179031176063,0.25294034870303395
105,ds105_time105_84.h5,0.004937399494153831,0,7500.0,0.0045000000000000005,1.9556356219404427,0.2856816983612256,831274.1530781939,0.006228151528053185,-0.40181252508629456,0.08270949336645642,0.9966930192148161,2.298474825930639,0.00015999999999999348,583.2870143888791,0.7278946502465912,0.25331195481883645
105,ds105_time105_85.h5,0.004937399494153831,0,7500.0,0.00475,1.9799966341250304,0.26942251118570026,1025161.8015455091,-0.011986658615652297,-0.39648055093032536,0.08515647866320838,0.9963281223728565,2.688109722477237,0.00015999999999999348,593.2515423422707,0.7279317341323261,0.25269699099122783
105,ds105_time105_86.h5,0.004937399494153831,1,7500.0,0.005,1.9495007850770476,0.27546383998049817,1423283.713361551,0.026461607260977984,-0.39129890271299766,0.08739440900128806,0.994596381247755,2.594494346940928,0.00015999999999999348,612.6812629772099,0.727760796801173,0.25302307363866616
105,ds105_time105_87.h5,0.004937399494153831,1,7500.0,0.00525,1.9720331134149578,0.2814988002498142,1421724.0935985683,0.02091814465609812,-0.3904753954314073,0.08935100316718515,0.9949844012775456,2.709550967078474,0.008159999999999668,616.1490870416244,0.7278888228800386,0.25309863558448437
105,ds105_time105_88.h5,0.004937399494153831,1,7500.0,0.0055,1.9975138300395094,0.25333365223916005,1890802.2615706343,-0.021248316163080077,-0.3827671999380847,0.10810075048501235,0.9927027114473447,2.675982239836151,0.008159999999999668,639.8007724178527,0.7281782423165701,0.25323483821644616
105,ds105_time105_89.h5,0.004937399494153831,1,7500.0,0.00575,2.0288840150663803,0.2870650431354058,1907074.1803923398,0.009280175772197254,-0.3832516725798715,0.11433096252204854,0.9928871278437602,2.842733591795544,0.008159999999999668,647.0038553373457,0.7284493099857091,0.25307515924522894
105,ds105_time105_90.h5,0.0018624685670613746,0,8000.0,0.00025,2.188492205574582,0.08608048727957995,39251.19224427927,1.8380950050900722,-0.4933853195029312,0.12143784069263017,0.9999777104260748,2.2834971835063893,0.00016304347826087695,804.3839773275304,0.814797436206788,0.2686713348027135
105,ds105_time105_91.h5,0.0018624685670613746,0,8000.0,0.0005,2.1861963111563436,0.08803435417010763,38578.70640398339,1.7866591237469056,-0.4926243526772588,0.12603973374567076,0.9999862289961404,2.4164139760609147,0.00016304347826087695,798.2969113949995,0.814520295187865,0.26876402148514256
105,ds105_time105_92.h5,0.0018624685670613746,0,8000.0,0.00075,2.244268665403179,-0.028702554567012317,130595.1071102045,0.742068353376173,-0.4774042022749997,0.12222783476549315,0.9999690846313106,2.4168164678422337,0.00016304347826087695,699.6633358739089,0.8144384761364755,0.26641477395733293
105,ds105_time105_93.h5,0.0018624685670613746,0,8000.0,0.001,2.1954797900104985,-0.027915242406895358,129704.0240987812,0.780460992308158,-0.4781246432191587,0.12300530077848026,0.999989480705092,2.3678550803053406,0.00016304347826087695,695.3844618456384,0.8144211058039403,0.2672352702420204
105,ds105_time105_94.h5,0.0018624685670613746,0,8000.0,0.00125,2.250837257459754,0.1599816899267037,232476.5522467104,0.34681864354064756,-0.46550242671010333,0.12207131293871658,0.999974926770196,2.5940879593260004,0.00016304347826087695,664.0147042647867,0.8143026627321475,0.2649905868522817
105,ds105_time105_95.h5,0.0018624685670613746,0,8000.0,0.0015,2.2885441503235597,0.14492325859509392,228002.56891041432,0.3686011047063142,-0.46698006128815345,0.12300484294252868,0.9999534096365533,2.535035613225416,0.00016304347826087695,659.9340605415354,0.8142815452244082,0.2660746000233757
105,ds105_time105_96.h5,0.0018624685670613746,0,8000.0,0.00175,2.329887684403886,0.2408788250273588,300405.13696619304,0.1348847792540219,-0.45633612879195634,0.12398950751157727,0.999891217477619,2.7925772130213278,0.00016304347826087695,648.2682893812014,0.8139550237365349,0.26492064347024247
105,ds105_time105_97.h5,0.0018624685670613746,1,8000.0,0.002,2.528623277487852,0.20941216685094433,680267.3818909873,-0.1797557164778963,-0.4362644655932762,0.16459747099632255,0.9999318963679351,3.1873208437743124,0.002038043478260962,656.6608540999543,0.807195158684342,0.27392051511825144
105,ds105_time105_98.h5,0.0018624685670613746,1,8000.0,0.0022500000000000003,2.466726911679941,0.20043732281660853,711324.8528341006,-0.15413568356649726,-0.4368957773637252,0.16537101936743978,0.9999049375112599,3.4973871031668975,0.002038043478260962,659.2531735135283,0.8068813875846739,0.2744053690015042
105,ds105_time105_99.h5,0.0011041969292347636,0,8500.0,0.00025,2.5892365801765904,0.06481770966247646,62361.318782040864,1.9611343212465107,-0.4702955055060165,0.15646220228213653,0.9999964889856198,2.384995618520336,8.021390374331194e-05,865.7951054815578,0.8664181042872352,0.2556762204636075
105,ds105_time105_100.h5,0.0011041969292347636,0,8500.0,0.0005,2.6397704751401725,0.06271747241772263,62264.07613524716,1.9536656541535327,-0.468551365416845,0.15457489999363672,0.9999959243988868,2.3328301905914564,8.021390374331194e-05,864.222428340814,0.8663413586025553,0.254594638148531
105,ds105_time105_101.h5,0.0011041969292347636,0,8500.0,0.00075,2.530656576688299,-0.08155785031578477,160100.19447980018,0.8058911614017163,-0.4518140444377958,0.15677507480841518,0.9999941582127225,2.6843058985614374,8.021390374331194e-05,747.1892316161207,0.8631159561591943,0.25626754732325696
105,ds105_time105_102.h5,0.0011041969292347636,0,8500.0,0.001,2.4604928530478447,-0.0344016656667705,162038.00895536813,0.7190591138966871,-0.45155691549666893,0.15491352295000452,0.9999944664537234,2.4929604014286197,8.021390374331194e-05,750.7176383988876,0.8633833325962542,0.2561233190250489
105,ds105_time105_103.h5,0.0011041969292347636,1,8500.0,0.00125,2.730180918862196,-0.02053021975292646,616033.8922937473,-0.36659533115739895,-0.4145464117601064,0.25588534125943235,0.9999901272285822,3.231918009982578,0.0019251336898394866,742.3040587397874,0.804638001294998,0.2974307155856738
105,ds105_time105_104.h5,0.0011041969292347636,1,8500.0,0.0015,2.752698205879193,-0.05093753829202008,627444.2298895617,-0.394661897784569,-0.41485755641704053,0.2580534707576297,0.9999857165522523,3.006991332858502,0.0019251336898394866,743.3029347716624,0.8043626754461852,0.2973329628651544
105,ds105_time105_105.h5,0.0007931771582934651,0,9000.0,0.00025,2.739986248248821,0.07990561437808141,41421.665529917525,1.3749329038757276,-0.5177023208236016,0.19188246718642227,0.9999987656374192,2.3448520778532282,0.0006349206349205438,872.4405132151358,0.9218477145387789,0.2807186865044458
105,ds105_time105_106.h5,0.0007931771582934651,0,9000.0,0.0005,2.746852145618109,0.09806171305188816,40434.42896228396,1.3849043281900781,-0.5176939917057318,0.19439947517807166,0.9999979130670235,2.369178166343463,0.0010317460317458838,868.6266011296384,0.9225147705916035,0.2802485305300518
105,ds105_time105_107.h5,0.0007931771582934651,0,9000.0,0.00075,2.8639328341533647,-0.21794281246842306,560451.8053966555,-0.9964854387371737,-0.4547587279233798,0.39306588118597796,0.9984736107558417,3.3390244903926787,0.0018253968253965636,836.2370209963013,0.768861222344108,0.29367534664324574
105,ds105_time105_108.h5,0.0007931771582934651,1,9000.0,0.001,2.9820929382157426,-0.23047262661108125,578707.0249722444,-1.0220701945791033,-0.45310068514229596,0.3894120107167467,0.9981877020221255,3.4350251791607826,0.0018253968253965636,840.426018408798,0.7688690231991094,0.29447529105329867
105,ds105_time105_109.h5,0.0006345997273250301,0,9500.0,0.00025,3.129228769513155,0.07481400252306147,56823.80875233894,1.5412863932000898,-0.4939811061925606,0.23988779059661627,0.9999981198077813,2.3691457388537818,7.894736842105343e-05,929.3281684157799,0.9859774286500104,0.2687853159846202
105,ds105_time105_110.h5,0.0006345997273250301,0,9500.0,0.0005,3.0621179323245276,0.06901296499874965,56058.057139207274,1.530211222958036,-0.4931271893157429,0.2449938306989766,0.9999982899779836,2.415285801069334,7.894736842105343e-05,929.6742436551827,0.9857341001960841,0.2685222860346331
105,ds105_time105_111.h5,0.0006345997273250301,1,9500.0,0.00075,2.758017566785562,-0.36364065176666993,2209753.547048175,-1.0096234023916273,-0.3654445922773703,0.7923727469156036,0.9975651559059499,5.283461110169005,0.006157894736842168,1000.2913238946468,0.7439627924254174,0.2471961220569233
105,ds105_time105_112.h5,0.0006345997273250301,1,9500.0,0.001,2.8360109440926933,-0.31997103700637597,2168257.0693953857,-1.0160276809716893,-0.3667600571666655,0.8227111842618721,0.9972934367157839,5.365900014057411,0.006157894736842168,1006.0532707791922,0.7438112670724967,0.24611238283804943
105,ds105_time105_113.h5,0.000543977863542572,0,10000.0,0.00025,3.6510569722931008,0.05475071352785643,69778.40379900005,1.773097033092994,-0.4670473297115285,0.34059522703255085,0.999999305873738,2.3648181213105506,7.894736842105343e-05,986.4859518113776,0.9497589452345504,0.2632583605348499
105,ds105_time105_114.h5,0.000543977863542572,0,10000.0,0.0005,3.654115163227526,0.05065588489364292,69569.64119373863,1.7590918811745206,-0.4668484840419844,0.3391006064826004,0.9999993530258457,2.331019027761127,7.894736842105343e-05,985.7720324866359,0.9497701877901338,0.2626776041076165
105,ds105_time105_115.h5,0.000543977863542572,1,10000.0,0.00075,3.640490108600013,0.0470999090881008,69795.52332556751,1.7420951555653286,-0.46693120313617076,0.3444676108131144,0.9999996558179105,2.3270496873962565,7.894736842105343e-05,985.7652878968082,0.9501958198444068,0.26241599331955606
105,ds105_time105_116.h5,0.000543977863542572,1,10000.0,0.001,2.5918493411942554,-0.336524207468037,2976733.6272268696,-0.6415500189856641,-0.3313577010775892,0.9732911156573028,0.9972191838201061,6.001183716915541,0.0,1073.9057927107083,0.7453386054007222,0.23033328293160435
105,ds105_time105_117.h5,0.000543977863542572,1,10000.0,0.00125,2.635342888862647,-0.31901896323179435,2989275.9604809373,-0.6482422133027298,-0.3315670064943521,0.9912568608785219,0.9975318141204733,6.414075847866678,0.0,1075.441495888909,0.745601357315039,0.2305185931021204
105,ds105_time105_118.h5,0.0004889360156551669,0,10500.0,0.00025,3.0926280333431433,-0.018343560846757923,121572.47176941045,-0.03845542636283148,-0.50266568022386,0.5448965806660079,0.9986069046414315,2.7434184863817763,7.936507936507839e-05,996.9525472216757,0.8065225324561462,0.2895093036966582
105,ds105_time105_119.h5,0.0004889360156551669,1,10500.0,0.0005,3.036835795480373,-0.01792986273111108,121886.07451650308,0.06589924320405284,-0.503163807831408,0.5420551242160405,0.9992931477450422,2.895002802132579,7.936507936507839e-05,1004.648241640554,0.8060548775693653,0.2890217910233189
105,ds105_time105_120.h5,0.0004547110578839782,0,11000.0,0.00025,2.9422915303811674,-0.09217511221636365,196831.06505402824,-0.03838344577526412,-0.4604654080968477,0.7775454212488662,0.9965298827019825,3.214075175857131,0.004010695187165771,1070.2660582054093,0.7939913722458308,0.2570224208539019
105,ds105_time105_121.h5,0.0004547110578839782,1,11000.0,0.0005,2.9243721039967534,-0.09801287669866321,195979.18509483925,-0.01872997943806456,-0.4607840792546094,0.7803008755814033,0.9974204573350809,3.2972112154524766,0.004010695187165771,1074.737247135569,0.7944918577443918,0.25722766361682936
105,ds105_time105_122.h5,0.00043373540586666057,0,11500.0,0.00025,3.015659958405302,-0.1065024585745431,241561.50505507807,0.06709894875530337,-0.4257947275574477,1.0509082764017208,0.9990806562572229,3.387165715709432,0.0,1133.916637001359,0.8136520462176997,0.24323708114747591
105,ds105_time105_123.h5,0.00043373540586666057,1,11500.0,0.0005,3.050232210294415,-0.10071689911416803,250097.04020440616,0.09161187926035476,-0.42571545695535706,1.0352798230557887,0.996883489769567,3.4731247997055026,0.0,1129.7882459930354,0.8132589942268871,0.24382823981159565
105,ds105_time105_124.h5,0.00042177690808828887,0,12000.0,0.00025,3.001702571211734,-0.11455242981469804,261780.20466219442,0.10361575931304716,-0.421676097454604,1.0538044531756332,0.9963887632193541,3.4921163416518435,0.0,1188.0580554058904,0.7706575698548624,0.23761003149128102
105,ds105_time105_125.h5,0.00042177690808828887,1,12000.0,0.0005,3.118673643671824,-0.1265277922588488,269163.2401191972,-0.02736788309780964,-0.4208484631798392,1.0460479227445791,0.9977895556205738,3.516285420903588,0.0,1193.1971769375748,0.7704606136873597,0.2383724812272285
106,ds106_time106_1.h5,0.0014729720492096473,0,2000.0,0.001,2.7952780251287104,0.3050071467537121,11188.377974161329,0.1420376672171293,-0.4977568275626978,0.36704432242897683,0.9933162129694065,2.299229687994989,0.0004787234042553656,229.9453474983543,0.7921792724144056,0.20132189464481698
106,ds106_time106_2.h5,0.0014729720492096473,1,2000.0,0.002,2.312233517562208,0.21229495738723103,238428.89011408688,-0.2605537773293644,-0.4265340650263044,0.3247251053898051,0.9989200158653053,3.8531517264723925,0.007898936170213533,357.42362787010603,0.7435336195317046,0.263714265908559
106,ds106_time106_3.h5,0.0014729720492096473,1,2000.0,0.003,2.4632110207733846,0.13987997828593723,3027803.474710877,-0.06792135761490511,-0.3366880682478687,0.44002299659287103,0.998047713481952,6.511949718898476,0.015718085106384505,599.1159029642852,0.7503010055034485,0.22851757679129994
106,ds106_time106_4.h5,0.00486265734176468,0,2500.0,0.001,2.1111831041673526,0.2960866902393431,9697.674038787243,0.24460973539902964,-0.5101436240244788,0.42894025774881706,0.9945404773675548,2.3552440363961815,0.0003999999999999837,270.25561945421504,0.7345584052790739,0.18633401972023944
106,ds106_time106_5.h5,0.00486265734176468,0,2500.0,0.002,2.2293799813667308,0.3000758018423788,45421.09514950347,0.09727090392686703,-0.4960532640784467,0.2767504654943575,0.9887493294047958,2.3552480439962102,0.00047999999999998044,253.62115765862654,0.729906568015176,0.19562854261445023
106,ds106_time106_6.h5,0.00486265734176468,0,2500.0,0.003,2.5758674229415663,0.3214723671077059,92394.36373234715,0.035973960529237445,-0.4860727992001468,0.3069574033164883,0.9776545673463566,2.3162677908321685,0.0005599999999999772,247.17220042909526,0.7280745418920797,0.2130136907400468
106,ds106_time106_7.h5,0.00486265734176468,0,2500.0,0.004,2.7566140757321964,0.3230790929469495,145525.4303753807,0.019292264795639752,-0.4786612814609177,0.36265812139395104,0.958104214913769,2.318081884823077,0.0005599999999999772,244.53713830130272,0.7238031365155594,0.24277206028057213
106,ds106_time106_8.h5,0.00486265734176468,1,2500.0,0.005,2.5762688132234755,0.31576928936714965,234886.61088514415,-0.04895000995969532,-0.4673692887187187,0.3527223614622779,0.9960043794885824,2.388181125335269,0.005439999999999778,248.0883298796021,0.8236283043322832,0.3076816560993797
106,ds106_time106_9.h5,0.00486265734176468,1,2500.0,0.006,2.2133234331665106,0.2857413879899289,699895.2734659296,-0.18516996429726304,-0.4313169940548034,0.3005181177594234,0.9995225546158266,3.1458521168571862,0.005519999999999775,352.0339625376485,0.8578009293262098,0.3219597734052791
106,ds106_time106_10.h5,0.00122736072758267,0,3000.0,0.001,3.124598945257947,0.2793590299505071,12742.015464058048,0.2887735146304495,-0.502556292237616,0.41067316875821736,0.9975549293272071,2.3748141442607866,0.0003225806451612903,306.29998798922526,0.8424775927872448,0.26984860422875195
106,ds106_time106_11.h5,0.00122736072758267,1,3000.0,0.002,2.1657903844969413,0.16549064558074367,188771.20923185718,-0.08897633937605275,-0.42759253319082235,0.4570381525628407,0.9990303799169794,4.1041084136559975,0.019596774193548386,452.8991480905565,0.7770120617671337,0.25706985567603474
106,ds106_time106_12.h5,0.00122736072758267,1,3000.0,0.003,2.3274096321215247,0.14808839300647159,2130789.9756440585,0.1159696351930506,-0.36515437011551716,0.6316635335103389,0.9984203217390785,6.662414286496247,0.015403225806451613,657.574714389109,0.7861714419149153,0.23147010478750604
106,ds106_time106_13.h5,0.0037118327626069485,0,3500.0,0.001,2.448133546055482,0.25363830163977297,10016.02729721367,0.4013221483554172,-0.5148655593264987,0.3371669738064359,0.9923433284552962,2.340241394447774,0.000317460317460317,350.7338260044463,0.7059892086893225,0.18831156884662087
106,ds106_time106_14.h5,0.0037118327626069485,0,3500.0,0.002,2.833066569559471,0.3030517439957252,29603.419307719094,0.12040149667982364,-0.5018879939617998,0.24440056796563772,0.9933659042681768,2.3034853250871694,0.000317460317460317,327.1264779872743,0.6790638874487234,0.19622754343893442
106,ds106_time106_15.h5,0.0037118327626069485,0,3500.0,0.003,3.0173282053509767,0.3282679298057858,63527.05191838372,0.06315890412300826,-0.49143668231975923,0.15617324884274997,0.9871585893279924,2.3716598684564127,0.0003968253968253963,318.72303342155567,0.6552830038581382,0.2078114376960685
106,ds106_time106_16.h5,0.0037118327626069485,1,3500.0,0.004,2.2917684181208013,0.279812755252988,159330.46182399296,-0.1523752615397161,-0.46740578534928945,0.3225998203244843,0.9992937682711263,2.720631573730491,0.003888888888888884,345.35246235680034,0.812917714787602,0.33834630280473715
106,ds106_time106_17.h5,0.0037118327626069485,1,3500.0,0.005,2.308517130586584,0.2346506641066639,675330.8607710514,-0.23941182716872467,-0.4167167494139137,0.3808081072388519,0.9995352807692833,3.6493784258876336,0.0038095238095238048,456.74887834860067,0.8236221942317582,0.35348068765478835
106,ds106_time106_18.h5,0.0026254736930035327,0,4000.0,0.001,3.174411835251048,0.22998355100106038,12761.41971990322,0.48070160666253003,-0.5048411133899108,0.2137297958033081,0.9943300813865591,2.2951097642616283,0.0002393617021276828,388.078896307034,0.757288046226664,0.19207171394712877
106,ds106_time106_19.h5,0.0026254736930035327,0,4000.0,0.002,3.2422236456543403,0.27976908601355555,26074.223870607748,0.21510298185563745,-0.4951317717855559,0.16832875438906664,0.9950853126480433,2.3236378520109313,0.00031914893617024376,367.5752971023666,0.7539722860787434,0.209287526092369
106,ds106_time106_20.h5,0.0026254736930035327,1,4000.0,0.003,2.8580639496159814,0.2930347019861711,88502.82985618623,-0.12324472392424994,-0.4743902674598961,0.2667595061691297,0.9944522470119509,2.7365315043618716,0.004069148936170608,377.6190618013087,0.7330353747555503,0.37883982614988926
106,ds106_time106_21.h5,0.0026254736930035327,1,4000.0,0.004,2.2085019967981707,0.10417796225613496,1319259.705962529,-0.2708360987180526,-0.3794236534003831,0.6083736989298952,0.9990107715086677,4.614386906298232,0.007898936170213533,565.6332769529051,0.7343843120962962,0.2723782239498096
106,ds106_time106_22.h5,0.0012660557382003584,0,4500.0,0.001,3.2489459904805558,0.10970965728186655,8782.693769107042,0.7095484009723434,-0.5210319224494904,0.14249816777272595,0.9991881140117007,2.3147436167343782,0.00023809523809520392,446.59394093179014,0.6443176408553223,0.2820720975879319
106,ds106_time106_23.h5,0.0012660557382003584,1,4500.0,0.002,2.1773977799220736,0.05206066132116982,401207.4093339951,-0.3258044719361099,-0.41122135161113793,0.6836555342973232,0.9987255240245845,4.773476827418291,0.013650793650791693,620.211017323084,0.7449586927030593,0.24309139215942316
106,ds106_time106_24.h5,0.0012660557382003584,1,4500.0,0.003,2.179928035960904,-0.06428601444372894,2165046.280924131,0.09678588643668042,-0.3814999228177893,0.7875591122928823,0.9974433310014388,5.867739881533564,0.013650793650791693,739.9342394580326,0.7504427726677512,0.22955566175380912
106,ds106_time106_25.h5,0.0012467600519764047,0,5000.0,0.001,2.7774933312577565,0.10539664509560143,12190.893721927212,0.7533598221718917,-0.509241123886005,0.10712434774988654,0.9997300836427305,2.329991772513907,0.00023684210526320193,491.1957596497266,0.576573621645315,0.2787390738164173
106,ds106_time106_26.h5,0.0012467600519764047,1,5000.0,0.002,2.2251626660486425,0.12355089793655005,95879.09205932725,-0.18970095977461346,-0.4542822460882345,0.4244313599067771,0.9992374565970388,3.4426361301508717,0.01176315789473903,535.8075886499905,0.7485535802929345,0.27321994442554887
106,ds106_time106_27.h5,0.0012467600519764047,1,5000.0,0.003,2.1595197012517846,0.0441480823911411,1348729.0305729657,0.21100210890520643,-0.38561924276767917,0.7093062452134665,0.9993829336011856,5.271993863070562,0.005842105263158981,709.8710908277588,0.7639183908993528,0.22331202133801467
106,ds106_time106_28.h5,0.0017359116151273064,0,5500.0,0.001,2.44269389556295,0.038639927566744614,14976.824981395306,0.8661345781293627,-0.495107563705269,0.08290150821270442,0.999810852055821,2.347382253029433,0.00016042780748662389,525.1631397518241,0.5607143711229351,0.2669420247311789
106,ds106_time106_29.h5,0.0017359116151273064,1,5500.0,0.002,2.5348733469314557,0.19675661618819595,45044.56027478028,0.14400673394421584,-0.4739572293636608,0.12186731595367889,0.9984940714299464,2.519030718447513,0.00016042780748662389,491.22203764465274,0.7173236771900406,0.30830249483488925
106,ds106_time106_30.h5,0.0017359116151273064,1,5500.0,0.003,2.2144728930895345,0.10495868502586281,460797.0958143906,-0.5918953417192528,-0.395590335628873,0.41678185094855186,0.9994611966562867,4.11210566353887,0.005695187165775148,604.7963765739296,0.7789040149570898,0.22782311285150617
106,ds106_time106_31.h5,0.0029457126545122288,0,6000.0,0.001,2.2476084651475046,0.01882826715587016,18101.197258776523,0.8280520448535753,-0.4918441504708419,0.0676262248720999,0.9999196804452146,2.3719824353901324,0.00016129032258063725,555.9053183582669,0.5796022238585002,0.2652959457546303
106,ds106_time106_32.h5,0.0029457126545122288,0,6000.0,0.002,2.597006925589288,0.22428702760169306,42426.880803082095,0.34184532463737455,-0.47796795039144013,0.059992883037076755,0.9997999847388276,2.337751878986504,0.00016129032258063725,512.8612119254315,0.5827152734720616,0.2667866738224545
106,ds106_time106_33.h5,0.0029457126545122288,1,6000.0,0.003,2.7480872346586636,0.27704234265386374,50680.23312326659,0.16445803254887598,-0.47210601436072447,0.054151668312440726,0.9998083661272993,2.445116865492738,0.00016129032258063725,504.05043579799485,0.58895670854978,0.2670883764385476
106,ds106_time106_34.h5,0.0029457126545122288,1,6000.0,0.004,2.414530290570935,0.19755993229414015,197365.0055542141,-0.3347315827884226,-0.43183729332552245,0.2090296978592553,0.9995453822685746,2.884362585798713,0.00016129032258063725,534.7816599679501,0.7602353683629378,0.3046165211126229
106,ds106_time106_35.h5,0.0029457126545122288,1,6000.0,0.005,2.291688925629098,0.11837315251887204,902782.1536075578,-0.3966805613902059,-0.37233226970569566,0.4091074699411552,0.9996882103844036,4.291533678050935,0.0074193548387093125,621.1798595681591,0.8058216472997035,0.2644806888525037
106,ds106_time106_36.h5,0.005340597669805986,0,6500.0,0.001,2.2499489984703946,0.032820281138374874,19029.01807271546,0.7641741866397173,-0.5090567291615476,0.0633759632486151,0.9998400344123827,2.3154734226260976,0.00015915119363396624,589.7381111030836,0.6118435024353281,0.2744549659596533
106,ds106_time106_37.h5,0.005340597669805986,0,6500.0,0.002,2.3558376640666734,0.15287944405016152,34549.888595697994,0.4584068549411178,-0.5009180354641548,0.059674554419656585,0.9998130118541722,2.35151640596838,0.00015915119363396624,557.6187456540064,0.6118522751835247,0.2749062899988222
106,ds106_time106_38.h5,0.005340597669805986,0,6500.0,0.003,2.5331532626913376,0.28611477500873517,54445.62651931394,0.22202018533043155,-0.48680283109514777,0.0509710703314265,0.9997759542653027,2.2730615018119305,0.00023872679045094936,533.0167747345656,0.6123481118337899,0.2762893677061996
106,ds106_time106_39.h5,0.005340597669805986,0,6500.0,0.004,2.536867906211474,0.31226205923298456,80398.04785345127,0.11337157940990754,-0.47651565864849,0.04810130936101482,0.999719125270403,2.2921578539995435,0.00023872679045094936,523.0876220414099,0.612983904298296,0.2757970763868463
106,ds106_time106_40.h5,0.005340597669805986,0,6500.0,0.005,2.6082308310386506,0.2917216824428024,105321.60661369158,0.0662056936931443,-0.46992937176692745,0.04671479729742444,0.9998149967846626,2.3983207265969955,0.00023872679045094936,518.7451545023968,0.6140428881548469,0.27641386737875606
106,ds106_time106_41.h5,0.005340597669805986,1,6500.0,0.006,2.690261334263599,0.2745317528316962,280620.9205559826,-0.11995964059331846,-0.4506300952364775,0.11909405149988041,0.9995580078259066,2.742444019583101,0.007161803713528481,554.3443432182968,0.6673396454905104,0.28471176281004584
106,ds106_time106_42.h5,0.005340597669805986,1,6500.0,0.007,2.512403937517975,0.22162539068137055,825216.42134497,-0.2713413659343798,-0.4069770056645992,0.2775845063401779,0.9996796889404826,3.4135256781733916,0.007161803713528481,620.8690078922018,0.763817240810786,0.3019237191669052
106,ds106_time106_43.h5,0.00913760235676533,0,7000.0,0.001,2.093449421893382,0.018585676996631495,20056.336601460636,0.6488950534245743,-0.5269725542538399,0.06549125879457215,0.9998380420505953,2.2520935800921285,0.00015873015873013596,618.3122219678221,0.6615309098207237,0.2861913458854674
106,ds106_time106_44.h5,0.00913760235676533,0,7000.0,0.002,2.1281629778103066,0.16490074546989564,33660.01739683605,0.34724331433431765,-0.5180301661417652,0.06452019955168821,0.9998348390308143,2.21071547431252,0.00015873015873013596,582.9048441145691,0.6612918058268515,0.2869452571526912
106,ds106_time106_45.h5,0.00913760235676533,0,7000.0,0.003,2.138610626848647,0.24990507905315185,47342.4228117625,0.15428066319234943,-0.503567491808554,0.05956928808823439,0.9999192036983617,2.259449498923663,0.00023809523809520392,548.8449908970656,0.6611318134614329,0.28816488895269005
106,ds106_time106_46.h5,0.00913760235676533,0,7000.0,0.004,2.1232400569963863,0.26666797248846397,55690.69427828713,0.16288178810350204,-0.4987288952827662,0.058131511309429104,0.9997975854046393,2.286546692271115,0.00023809523809520392,544.3651685118361,0.6611100182980721,0.2879546731134745
106,ds106_time106_47.h5,0.00913760235676533,0,7000.0,0.005,2.064676824852523,0.2694384535099026,87688.2464853648,0.09314818805668368,-0.48855133028996417,0.05526549138810738,0.9996502880117959,2.129885505871769,0.00023809523809520392,536.4336677206571,0.6608856500844983,0.2887560022211312
106,ds106_time106_48.h5,0.00913760235676533,0,7000.0,0.006,2.082997575974141,0.2908397062764738,114364.01801157954,0.06889434565090836,-0.48414689700173125,0.054183847302709115,0.9997726997460004,2.1384452694317546,0.00023809523809520392,542.2119585727758,0.6608836813622553,0.28951526259973087
106,ds106_time106_49.h5,0.00913760235676533,0,7000.0,0.007,2.072598797996696,0.2819598409677939,148918.54869752843,0.029428598523731312,-0.47742523017742255,0.05323195296653715,0.9997373770732156,2.0707504950716302,0.00023809523809520392,544.6411985011157,0.6610512907176563,0.28938642587033125
106,ds106_time106_50.h5,0.00913760235676533,0,7000.0,0.008,2.1429333938838484,0.321691022318336,215431.46078712455,-0.02254315505626147,-0.47165255281405394,0.05782121099839397,0.9996381232069886,2.1161893881665286,0.00023809523809520392,562.2473153060145,0.6614517449615104,0.28934331370942723
106,ds106_time106_51.h5,0.00913760235676533,0,7000.0,0.009,2.2522062217792036,0.28864319104001845,281009.04325024073,-0.044452316478312826,-0.46737001377457404,0.07640076737728899,0.9996643924212955,2.156536379895616,0.0019047619047616313,579.4736870307547,0.6663964996576832,0.2890258065453148
106,ds106_time106_52.h5,0.00913760235676533,1,7000.0,0.009999999999999998,2.5329059165337005,0.2405951104745352,679845.1324584044,-0.16102833966730226,-0.4428680246658469,0.1891726839575146,0.9990919729806035,2.5397311522135624,0.0019047619047616313,646.7225438974194,0.7060735429869832,0.2951001209376513
106,ds106_time106_53.h5,0.014106855697582374,0,7500.0,0.001,1.95970549359633,0.09543340998134053,9046.09488523463,1.9176244913019398,-0.5037506341921183,0.09089359983594711,0.9996532029647567,2.298632284243704,0.00015999999999999348,768.7690287403102,0.7278443952867767,0.26057174150953083
106,ds106_time106_54.h5,0.014106855697582374,0,7500.0,0.002,1.9419841841011845,0.10984310637960282,43909.071562495694,0.5218034783010317,-0.48108479669539017,0.08399083676861482,0.999514051192229,2.2816412248819935,0.00015999999999999348,618.3953811184824,0.727653885716786,0.2608474704105808
106,ds106_time106_55.h5,0.014106855697582374,0,7500.0,0.003,1.9498004543840997,0.178325052370512,55470.43560449099,0.3605570394774667,-0.4743387009191858,0.08357864565766315,0.9992339417943071,2.265675562102577,0.00015999999999999348,599.1549555788129,0.727789584972612,0.2601582207384722
106,ds106_time106_56.h5,0.014106855697582374,0,7500.0,0.004,1.9486797196713712,0.2638126107647074,62651.89991915603,0.2404767478005577,-0.46153942305096746,0.07780366087929032,0.9991241883755053,2.263023521741092,0.00015999999999999348,573.2619394584891,0.7279004999752221,0.258686636648587
106,ds106_time106_57.h5,0.014106855697582374,0,7500.0,0.005,1.9530192829648951,0.2609846411821646,76897.53524229662,0.1626623639312902,-0.45690092662182685,0.07453725118697337,0.9989795294681924,2.28587773568803,0.00015999999999999348,568.6270294816115,0.7278266451511483,0.25812800199682406
106,ds106_time106_58.h5,0.014106855697582374,0,7500.0,0.006,1.9632329884625,0.26710673461748513,117353.71318392118,0.0922098270534,-0.4481336560983841,0.07650965966597874,0.9986333935016874,2.1575780826700464,0.00015999999999999348,566.7095462092819,0.7279044403932146,0.2575587361489968
106,ds106_time106_59.h5,0.014106855697582374,0,7500.0,0.007,1.9622375220434782,0.2829578106504709,147984.88209216984,0.08454688999669464,-0.4440373994350211,0.07756301730681121,0.9987132572136234,2.1724423716093653,0.00015999999999999348,567.9708173891519,0.7279804935263966,0.2567834575132358
106,ds106_time106_60.h5,0.014106855697582374,0,7500.0,0.008,1.9569153912922765,0.288452771192661,183771.65521156753,-0.009504919163525196,-0.4371676267138198,0.07404383252224774,0.998364443519939,2.08322706066229,0.00015999999999999348,577.3003189579512,0.7278905335507093,0.25644604084211314
106,ds106_time106_61.h5,0.014106855697582374,0,7500.0,0.009,1.9688993562179509,0.28678066211318454,208772.63451354267,-0.019409285400347375,-0.434463415168777,0.07469461463946556,0.9974340065186499,2.0318292224685437,0.00015999999999999348,585.2506945795893,0.7279305861375089,0.25616301395012486
106,ds106_time106_62.h5,0.014106855697582374,0,7500.0,0.009999999999999998,2.003183390750167,0.2872245938019833,213647.3324934449,-0.06571622521250113,-0.4309609795213046,0.07442758665168765,0.9969766396853172,1.9352688289313134,0.00015999999999999348,589.2234721032617,0.7278562987154015,0.255955193429224
106,ds106_time106_63.h5,0.014106855697582374,0,7500.0,0.011,2.000108656231705,0.28165229946699166,232750.24703225703,-0.01740301961174975,-0.4256435546401786,0.08336908152557601,0.9963921960925061,1.8222647399123129,0.00015999999999999348,616.7753059109543,0.7277571337782532,0.25634972214102203
106,ds106_time106_64.h5,0.014106855697582374,0,7500.0,0.012,1.9935269255827635,0.2846061189629826,210448.700995442,-0.09557539886758394,-0.4232375316604891,0.08721703263788899,0.9958446986311146,1.6979181575642868,0.00015999999999999348,627.2176633517995,0.7275099416845665,0.255964736677241
106,ds106_time106_65.h5,0.014106855697582374,0,7500.0,0.013,1.996226445505121,0.27651242653964736,229920.39093790067,-0.11205453327064258,-0.418380744608048,0.09443741193051436,0.9939664488883208,1.5652050632342098,0.00015999999999999348,700.9982122182619,0.7274197703964329,0.2560260091915073
106,ds106_time106_66.h5,0.014106855697582374,0,7500.0,0.013999999999999999,1.9918348328904296,0.29848461962477946,228180.30768297135,-0.08847146122130825,-0.4158972081961887,0.09837071963529716,0.9941084951715188,1.4613103636003917,0.00015999999999999348,768.3163942627739,0.7272430542493236,0.2560187193019037
106,ds106_time106_67.h5,0.014106855697582374,1,7500.0,0.015,2.218697065134937,0.2761555320635553,313591.2238701506,-0.012220932740221348,-0.4096986934998244,0.19107183261257613,0.9916483412496397,1.5044717470465354,0.0,1022.3473876451546,0.7353162489440266,0.2583426784347926
106,ds106_time106_68.h5,0.005321338763032498,0,8000.0,0.001,2.1557653080808947,0.07855838244705793,9342.905957973675,1.5505087785934952,-0.5231289989192561,0.12134823771156532,0.9999890781877898,2.2986947949142666,0.0007336956521739463,791.982964352471,0.8145590152657411,0.2714627060001901
106,ds106_time106_69.h5,0.005321338763032498,0,8000.0,0.002,2.221689696306192,0.11935050864790919,51738.90896834755,0.3658302598240217,-0.49940316722471306,0.11790717541274336,0.9999828317667481,2.414662536276843,0.00016304347826087695,655.4469789759514,0.8142487414253406,0.2697166774660031
106,ds106_time106_70.h5,0.005321338763032498,0,8000.0,0.003,2.24127813948298,0.19519566913328212,70545.17636105351,0.22645310985284434,-0.48989666899108436,0.11973360476490305,0.9999644702856219,2.3991644431247536,0.00016304347826087695,635.8298049904115,0.8139613667650265,0.2677602736904867
106,ds106_time106_71.h5,0.005321338763032498,0,8000.0,0.004,2.302275167778612,0.2689323296946142,80731.70454700674,0.11010020844713893,-0.48276825793400874,0.11869970903374671,0.9999715630533405,2.594918855448948,0.00016304347826087695,628.0223952478805,0.8142279274933741,0.2675221210685486
106,ds106_time106_72.h5,0.005321338763032498,0,8000.0,0.005,2.4630071919227885,0.2977961192833616,168696.11342248681,-0.08245346701946854,-0.4691959850330609,0.1219057017533656,0.9999317430081044,2.8854071299202304,0.00016304347826087695,635.5412153892842,0.8124235567881666,0.2674997411370649
106,ds106_time106_73.h5,0.005321338763032498,1,8000.0,0.006,2.576648786547584,0.2700380093156043,314100.05667486996,-0.12266293569954566,-0.4584573310681341,0.15749652710928055,0.9998558008620497,3.4055666242151448,0.002038043478260962,658.1075531879804,0.806722488906491,0.2757354960180507
106,ds106_time106_74.h5,0.005321338763032498,1,8000.0,0.007,2.6361387654825235,0.17305194403304158,721633.7636271131,-0.26545128759021475,-0.4288669933931242,0.2890174671302658,0.9998403429675987,3.231806822909359,0.003913043478261047,689.4480008474228,0.7860846771896943,0.2960257579577302
106,ds106_time106_75.h5,0.003154848369242181,0,8500.0,0.001,2.5585717014377156,0.07388756143939545,15155.43462847178,1.6957106804405757,-0.5010644202317195,0.15679448088302428,0.9999924147594124,2.3269678652666927,8.021390374331194e-05,856.1786101927877,0.8666343036538602,0.2570488214605614
106,ds106_time106_76.h5,0.003154848369242181,0,8500.0,0.002,2.426304537604781,0.17888541109479839,62613.83352822281,0.35009742431969343,-0.4730700796499329,0.15117068732369515,0.9999943981212766,2.6092203437720665,0.00016042780748662389,699.0492476069214,0.8627295580433032,0.25661326350825286
106,ds106_time106_77.h5,0.003154848369242181,0,8500.0,0.003,2.5119478247150497,0.18510062252609072,95841.05083167797,0.1435902764760607,-0.4615419817330914,0.15011847848485632,0.999987843300663,2.8490564366776114,0.00016042780748662389,681.5642190116682,0.8570011050776344,0.26027713352937143
106,ds106_time106_78.h5,0.003154848369242181,1,8500.0,0.004,2.6912651365840157,0.1370420500172771,327300.86142109736,-0.41763756390899476,-0.42710978015289386,0.22698433790765174,0.9968131034282552,3.1769823671893174,0.0019251336898394866,708.4789100989376,0.7934164777733922,0.29695387690603436
106,ds106_time106_79.h5,0.003154848369242181,1,8500.0,0.005,2.5670288958832628,-0.05588614513852086,1622157.747525101,-0.5099768655569495,-0.36390073147617336,0.5801869931316995,0.9979146846006397,4.351442111555423,0.0019251336898394866,806.3919197197499,0.7578162546801003,0.2555929468872208
106,ds106_time106_80.h5,0.0022662204522670426,0,9000.0,0.001,2.6163768759249346,0.0800042499064404,9969.024202395794,1.11945083031809,-0.5462857521529453,0.190862845192512,0.999995884287871,2.25293188843106,0.0006349206349205438,861.486560476384,0.9239794799659107,0.2824460353962486
106,ds106_time106_81.h5,0.0022662204522670426,0,9000.0,0.002,2.442606278187729,0.03328377507984959,32700.22126899301,0.41487093119104995,-0.5302039845431599,0.19153308336186556,0.9999971254401043,2.4808513067945275,0.0006349206349205438,757.1814770083047,0.9177330698543671,0.2843720857606174
106,ds106_time106_82.h5,0.0022662204522670426,1,9000.0,0.003,2.6739646434206175,-0.23936118627180814,1520496.9897382914,-0.7944354713732372,-0.4062232425056939,0.7310693383451075,0.9977652553423791,5.36457585022142,0.0018253968253965636,896.1736654746702,0.7445304501568771,0.2567019212808451
106,ds106_time106_83.h5,0.0022662204522670426,1,9000.0,0.004,2.5611287016313304,-0.25384308322816906,4735336.242706934,-0.4332811415372292,-0.3726353952377933,1.023453244446189,0.9974563008326952,6.4749946208459885,0.0018253968253965636,996.7675382620149,0.7421142339226607,0.24940483681577774
106,ds106_time106_84.h5,0.001813142078071514,0,9500.0,0.001,2.8768411074135645,0.08652012174411405,14024.23700902404,1.3041909778162826,-0.5231085228165423,0.23798530278160257,0.999999024723433,2.2593208749612503,0.0006315789473684275,914.7455718127883,0.9917055147019035,0.2667547433899735
106,ds106_time106_85.h5,0.001813142078071514,1,9500.0,0.002,2.5840976727389173,-0.033786725060106715,65968.29381034072,0.4995512269654632,-0.5069758181109703,0.24363214140583497,0.9999977577998184,2.3664717477633825,7.894736842105343e-05,802.5497393586963,0.9668637108002767,0.28445930436560224
106,ds106_time106_86.h5,0.001813142078071514,1,9500.0,0.003,2.738551435708377,-0.21217278660326633,695498.4484944853,-0.9089288025067304,-0.41395436954446396,0.6414258073912796,0.9967015942929414,4.409222969216191,0.006157894736842168,908.2114600971304,0.747504993180446,0.24761425043879357
106,ds106_time106_87.h5,0.001813142078071514,1,9500.0,0.004,2.502490145105281,-0.290949461435128,6947569.085402079,-0.30645084620051544,-0.34953218857118346,1.1478467941272408,0.9967456311350384,7.0349470274084664,0.0,1075.5304548153856,0.7411525286556098,0.23625586398947035
106,ds106_time106_88.h5,0.0015542224672644915,0,10000.0,0.001,3.3738220780658437,0.0839981745126206,15754.489140571955,1.5216570396467828,-0.4976484269957882,0.34083161818348556,0.9999991327054972,2.3131487079689927,7.894736842105343e-05,973.301937854981,0.9341226818054145,0.2508802872786565
106,ds106_time106_89.h5,0.0015542224672644915,1,10000.0,0.002,2.8405973495266834,-0.1707804122043599,93725.55878878808,0.2545125891092123,-0.4716623370273725,0.3582291602186816,0.9966029827709215,2.522979047918626,7.894736842105343e-05,840.2601289910215,0.863135845044248,0.3048155772825818
106,ds106_time106_90.h5,0.0015542224672644915,1,10000.0,0.003,2.568123181699107,-0.2634926743771866,1148679.8013870642,-0.6634937478341331,-0.36510022104385975,0.858744886606529,0.9979156290886847,5.445903241274742,0.011921052631579068,981.0003004205922,0.7465563409390845,0.2260368524617371
106,ds106_time106_91.h5,0.001396960044729048,0,10500.0,0.001,2.9672428845747336,0.0936157452559232,14790.811383153381,0.8583383874013997,-0.5506897261543877,0.4712532890319951,0.9999992867577497,2.248602611259052,0.0005555555555555487,967.2876543874625,0.8621773185251306,0.2837530061407849
106,ds106_time106_92.h5,0.001396960044729048,1,10500.0,0.002,2.7213922521049496,-0.282253708654139,328041.5230460578,-0.9075824986507955,-0.46429596242882937,0.7867539476054454,0.9966839746908216,4.08916109072263,0.004126984126984076,971.267732839086,0.7569253265913813,0.252389455533069
106,ds106_time106_93.h5,0.001396960044729048,1,10500.0,0.003,2.4986039910307754,-0.3192407791183618,2494835.04491332,-0.49608518963736004,-0.398663019883626,1.1297382285813147,0.9950341635804785,6.607769535708388,0.004126984126984076,1079.4497921556497,0.7509336143690761,0.24194679211237372
106,ds106_time106_94.h5,0.0012991744510970804,0,11000.0,0.001,3.3504707878134417,0.10578795138042563,16175.293850048936,1.1269028164072166,-0.5248532561703556,0.6745070573932573,0.999999078594492,2.2489963379919726,8.021390374331541e-05,1022.6396072693145,0.7860259325240021,0.26988094679321134
106,ds106_time106_95.h5,0.0012991744510970804,1,11000.0,0.002,2.5696841403707116,-0.2916252655182088,430985.69353810826,-0.6535955880949482,-0.4313877941495351,0.9297492782405845,0.9975525490764625,4.761347951102261,0.004010695187165771,1008.3175684205916,0.769342022316355,0.23427815661428497
106,ds106_time106_96.h5,0.0012991744510970804,1,11000.0,0.003,2.384343164388955,-0.44034687641803494,2571275.79643101,-0.21135985065730972,-0.38453720166157385,1.1735630822334966,0.9984681605929773,5.899287946747826,0.004010695187165771,1094.376593588651,0.766062825800281,0.2255254155800645
106,ds106_time106_97.h5,0.001239244016761887,0,11500.0,0.001,3.7962684746897137,0.044449587974656035,19016.93750236551,1.338909064809778,-0.49594763334195113,1.0827935908686763,0.9999997227300846,2.316938124347258,8.1521739130435e-05,1075.4032312796255,0.708023467737273,0.2578959946314857
106,ds106_time106_98.h5,0.001239244016761887,1,11500.0,0.002,2.643917673108961,-0.3412081097845059,492480.669129209,-0.5959723328597631,-0.3988795909512815,2.090631350757875,0.9944839581571426,4.46986240034812,0.0,1059.8110810873834,0.7913201071018013,0.22114141492291053
106,ds106_time106_99.h5,0.001239244016761887,1,11500.0,0.003,2.4698755763251876,-0.43460255208557586,2162546.272449321,-0.2159484800718022,-0.3669819084461885,2.1120021413082393,0.9975527937703101,5.641064213687005,0.0,1125.4215433119502,0.7866634453271283,0.21429556470203281
106,ds106_time106_100.h5,0.001205076880252254,0,12000.0,0.001,4.017070205415708,0.041404187032934026,18407.995531042558,1.337103349323414,-0.4961824311256407,1.0948172399817937,0.9999995620655755,2.3528237849339932,7.812499999999833e-05,1127.9845113574336,0.7144023528599464,0.260246834810752
106,ds106_time106_101.h5,0.001205076880252254,1,12000.0,0.002,2.6179564210633774,-0.296249353023575,454022.4778840837,-0.4747080654898047,-0.3960804339455566,2.106684020984232,0.9971911069719447,4.508288362780075,0.0038281249999999184,1077.9657721551152,0.7522929203373763,0.22021001782892613
106,ds106_time106_102.h5,0.001205076880252254,1,12000.0,0.003,2.5264846023130767,-0.28810474545570863,2226487.7321870257,-0.49698993085475135,-0.3486078174322814,2.535761824662659,0.9976033782726005,6.224638222687221,0.0038281249999999184,1128.4123424404108,0.7450466434146328,0.20615221575041645
107,ds107_time107_1.h5,0.0014729720492096473,0,2000.0,0.001,2.8388607278463853,0.31650567156387344,11601.634873253584,0.1393242944567391,-0.49680154324187276,0.3718054264889843,0.9950632215199018,2.45132817362393,0.0004787234042553656,234.13642608403285,0.7850206406774457,0.20673250675753468
107,ds107_time107_2.h5,0.0014729720492096473,1,2000.0,0.002,2.3245432195003146,0.21617334915384712,259889.78834760367,-0.24083602713185945,-0.4260085155784791,0.32056636486952983,0.9988570974143329,3.740817020272442,0.007898936170213533,364.2732141407394,0.7436819853989014,0.26417051235869243
107,ds107_time107_3.h5,0.0014729720492096473,1,2000.0,0.003,2.4543754191668103,0.1274286599329486,3114684.3530554622,-0.040014676306824856,-0.33580005492419124,0.44396106590125356,0.9978872778257569,6.59149505573516,0.015718085106384505,596.7419280242725,0.7504508668957839,0.22868242407672013
107,ds107_time107_4.h5,0.00486265734176468,0,2500.0,0.001,2.1593850773496506,0.29502942519774067,11059.542862385459,0.21842773831250115,-0.5102844664261458,0.4438365052264455,0.994955144767804,2.431740771987757,0.0003999999999999837,274.1472992832546,0.7351751563778084,0.19028572971244995
107,ds107_time107_5.h5,0.00486265734176468,0,2500.0,0.002,2.2547011510360395,0.3323794762439919,50624.468517143134,0.018368813228748226,-0.49538032193946735,0.29227790643211937,0.9866996843863703,2.5450696514783036,0.00047999999999998044,258.93027820483957,0.730665207735902,0.19807048300927085
107,ds107_time107_6.h5,0.00486265734176468,0,2500.0,0.003,2.5915227665595046,0.3299687962484764,103381.88282669286,0.07341930959895947,-0.48569497582868737,0.3188106976548968,0.9795460265307123,2.644847250084656,0.0005599999999999772,252.22041932479817,0.7300213965882031,0.21419707162142881
107,ds107_time107_7.h5,0.00486265734176468,0,2500.0,0.004,2.8227736610994976,0.3284601117657474,151378.6058736826,0.021057910437176697,-0.47743238978726643,0.3892687920138837,0.9475771132472661,2.440712316299671,0.0005599999999999772,246.14484533789863,0.7262276510165852,0.24412729804285596
107,ds107_time107_8.h5,0.00486265734176468,1,2500.0,0.005,2.704948012632566,0.30444034521368024,242890.73163450081,-0.043285809006692946,-0.4682802290094635,0.36701432622879965,0.9919855908348992,2.4528215391160524,0.005439999999999778,250.0477773581451,0.810233175030119,0.2995489750751019
107,ds107_time107_9.h5,0.00486265734176468,1,2500.0,0.006,2.2165147940812977,0.27483294533538793,705684.6819978046,-0.13571035787718425,-0.43164238814418127,0.3057569796995701,0.9994512971676641,3.2037418730545544,0.005519999999999775,353.1543047275189,0.8577435273038343,0.32278638545139215
107,ds107_time107_10.h5,0.00122736072758267,0,3000.0,0.001,3.0491708129040416,0.28532944062538734,14192.992969889256,0.2764673845462541,-0.5018115794268642,0.3562539767155236,0.9959257864713498,2.4336771785347375,0.0003225806451612903,308.0743715232982,0.8447871557970907,0.2710376078525534
107,ds107_time107_11.h5,0.00122736072758267,1,3000.0,0.002,2.1989632706830164,0.18370575260925426,196992.57392648334,-0.06349107745723477,-0.4268386002195754,0.45546398560250334,0.9993590681482442,4.072895574502765,0.019596774193548386,458.62379931415825,0.7771332774527695,0.2570647599672186
107,ds107_time107_12.h5,0.00122736072758267,1,3000.0,0.003,2.301901313348075,0.1415424399323728,2228916.4800627762,0.11001033916138811,-0.3629251956514719,0.652555324223353,0.9983860694346988,6.211981892578591,0.015403225806451613,654.6344159487996,0.7862684164789029,0.23164006655528105
107,ds107_time107_13.h5,0.0037118327626069485,0,3500.0,0.001,2.488772028303965,0.25573609332995473,10715.3982963764,0.38814471161718833,-0.5136101447984183,0.32272022335365913,0.99192550758127,2.364176326287298,0.000317460317460317,353.3942019187433,0.709534909345865,0.1902608166731961
107,ds107_time107_14.h5,0.0037118327626069485,0,3500.0,0.002,2.87822834540356,0.29820046821766655,30979.112890319353,0.12457675764313322,-0.501776380023037,0.22668477354449693,0.992494823191857,2.3852187408175487,0.000317460317460317,331.74235772269594,0.6819904498923774,0.19706542917450234
107,ds107_time107_15.h5,0.0037118327626069485,0,3500.0,0.003,2.9512032273804856,0.3282538216764612,67355.99164561342,0.07373499033349383,-0.4912625020928454,0.15989121436117512,0.9862987488729266,2.4726335415598495,0.0003968253968253963,322.93901646575705,0.6530474408219062,0.20833584932806687
107,ds107_time107_16.h5,0.0037118327626069485,1,3500.0,0.004,2.333802407199948,0.29158683047221146,175032.3386804252,-0.1542012503604106,-0.4682373109443096,0.3171001821464333,0.9987894783398926,2.6453667248332584,0.003888888888888884,349.42314034130777,0.8120470680721443,0.3346756232269465
107,ds107_time107_17.h5,0.0037118327626069485,1,3500.0,0.005,2.3359283610750463,0.22496371296261475,696926.9295810533,-0.30063620011331027,-0.41688027687129187,0.38565941108029855,0.9995816951572828,3.7148129851570695,0.0038095238095238048,458.13697853163745,0.8238616415054286,0.3542271276905966
107,ds107_time107_18.h5,0.0026254736930035327,0,4000.0,0.001,3.066771975765051,0.238574293865089,14056.029789613582,0.43987186544031354,-0.5042243385723508,0.21357746527970353,0.9931118285204652,2.3570328423323343,0.0002393617021276828,391.53499746422585,0.756457444903756,0.19357163264293492
107,ds107_time107_19.h5,0.0026254736930035327,0,4000.0,0.002,3.211230412707815,0.2830351882224781,27753.679466616642,0.15945661730260982,-0.4940795816572808,0.16943427670476158,0.9917752959041992,2.454573302012991,0.00031914893617024376,372.9531573997081,0.7522417667627509,0.20988980532214543
107,ds107_time107_20.h5,0.0026254736930035327,1,4000.0,0.003,2.910173306791937,0.30271474939350873,89306.53257084783,-0.11895678361294743,-0.47388467252093297,0.26500341505727426,0.9947782464747941,2.608450390930416,0.004069148936170608,380.909364558578,0.7329691119776418,0.3771253555051824
107,ds107_time107_21.h5,0.0026254736930035327,1,4000.0,0.004,2.197835352555112,0.13643090543881486,1294110.8426850133,-0.27255381397823203,-0.3790348647212379,0.6074210725808362,0.9989235569479956,4.686237362201983,0.007898936170213533,566.625796911679,0.7344337220772484,0.27128255607492624
107,ds107_time107_22.h5,0.0012660557382003584,0,4500.0,0.001,3.227445775307363,0.1496514827146156,9146.861147530693,0.6676489724853836,-0.5207395397559023,0.16398091013111463,0.9995360367692485,2.3765376118957233,0.00023809523809520392,451.103573664483,0.648335098993445,0.28318095131142074
107,ds107_time107_23.h5,0.0012660557382003584,1,4500.0,0.002,2.145020962477356,0.05189361391931424,409409.544640983,-0.2784217272200065,-0.4126127315686875,0.6763816879889828,0.9987176900573059,4.752987208684343,0.013650793650791693,624.5163356545286,0.7450481174061105,0.24241894327023364
107,ds107_time107_24.h5,0.0012660557382003584,1,4500.0,0.003,2.180734450939474,-0.04145395975937327,2099693.0637947014,0.10724447366739515,-0.38169908473994557,0.7736610397308871,0.9986006529794508,5.71263855606158,0.013650793650791693,738.5834383322078,0.7504884342819732,0.229597876425482
107,ds107_time107_25.h5,0.0012467600519764047,0,5000.0,0.001,2.7490385983580112,0.1032536512860871,12481.317927663149,0.7119669512877271,-0.5094047451136441,0.10684741644367766,0.9996794323771989,2.529140469973724,0.00023684210526320193,489.9516059079484,0.5729564390062117,0.27774664099669755
107,ds107_time107_26.h5,0.0012467600519764047,1,5000.0,0.002,2.23495725911193,0.14681107431930163,99373.1933463421,-0.22160539580473929,-0.4551772828872761,0.4215815133774111,0.9992076546921452,3.6727341683108183,0.01176315789473903,540.7425291743774,0.7484157689279607,0.2730358029310296
107,ds107_time107_27.h5,0.0012467600519764047,1,5000.0,0.003,2.2137937017393146,0.054478325274667005,1343056.7129963553,0.18709163534672135,-0.38580786562502617,0.711513932864811,0.9993721864149355,5.459270329363969,0.005842105263158981,716.8392401214276,0.7644729794551798,0.22341657721139535
107,ds107_time107_28.h5,0.0017359116151273064,0,5500.0,0.001,2.381539010822729,0.027671369388813982,15554.448577638004,0.8583392661720732,-0.49417972444665,0.08288273174927133,0.9998589716928025,2.367812917038461,0.00016042780748662389,527.7694124691725,0.5594320699755124,0.2681654914762978
107,ds107_time107_29.h5,0.0017359116151273064,1,5500.0,0.002,2.5770120594778665,0.2108867829431611,45399.79096100312,0.12257497788867387,-0.47389845182783696,0.12061253759773737,0.9974291904501001,2.508866498990995,0.00016042780748662389,491.94233478840283,0.7121381247527668,0.30594069877604796
107,ds107_time107_30.h5,0.0017359116151273064,1,5500.0,0.003,2.2085093086149534,0.10336734882290655,453392.0029196248,-0.5867734413220578,-0.3954289882251319,0.42710443967500245,0.9992165890616581,4.21790880668046,0.005695187165775148,610.7357402017167,0.7797398691771952,0.22759459416476463
107,ds107_time107_31.h5,0.0029457126545122288,0,6000.0,0.001,2.392725792594124,0.0149180346762543,17709.60519119665,0.8841740696472945,-0.4923608950440618,0.06855631431598573,0.9996759155352564,2.3958548017276433,0.00016129032258063725,557.2420697371716,0.5890856347513153,0.27370005294657135
107,ds107_time107_32.h5,0.0029457126545122288,0,6000.0,0.002,2.6400299770287265,0.2318036760001121,43176.727122321376,0.35548813392233813,-0.4782198127601598,0.0583451238648755,0.9997599794239034,2.4513370532287277,0.00016129032258063725,510.28481509467395,0.589937212511174,0.27105562940954936
107,ds107_time107_33.h5,0.0029457126545122288,1,6000.0,0.003,2.8042237276419772,0.2520300550632002,50703.223327458974,0.22183262842392318,-0.47103632383121186,0.05345034332859391,0.9997860767246515,2.5365048763053677,0.00024193548387095584,500.25170187314177,0.5920775812155824,0.2714702250132223
107,ds107_time107_34.h5,0.0029457126545122288,1,6000.0,0.004,2.495070066502301,0.2036384228549124,209234.12622988544,-0.29472492518486504,-0.43219912294569374,0.21022547506930553,0.9993987454853092,2.975653626659317,0.00016129032258063725,537.3938363131585,0.7599848304223997,0.3043913701118306
107,ds107_time107_35.h5,0.0029457126545122288,1,6000.0,0.005,2.2443817771755312,0.10834114879395962,933694.7157423925,-0.3587376429210853,-0.3719016055022327,0.404341958840901,0.9995784934061374,4.134967564307062,0.0,625.1951927967888,0.8063468798080429,0.2650429030916392
107,ds107_time107_36.h5,0.005340597669805986,0,6500.0,0.001,2.2072459261018573,0.019216370451448084,19525.574254710074,0.7261135155617315,-0.5091393692420785,0.06447875763149837,0.9998587557979087,2.4175719086841747,0.00015915119363396624,590.5650725741452,0.6115472205254472,0.27483234276781937
107,ds107_time107_37.h5,0.005340597669805986,0,6500.0,0.002,2.3602715045394804,0.16896367697866532,32945.73884388856,0.40845851805787725,-0.5006736269834805,0.06139263306092524,0.9998323473657106,2.3283945686712006,0.00015915119363396624,559.6576582780176,0.6114678144809726,0.27579749404986137
107,ds107_time107_38.h5,0.005340597669805986,0,6500.0,0.003,2.5540075330203993,0.28011413386836903,49738.99852137437,0.19216693781216967,-0.4863287081560769,0.05427206907368711,0.9998162938971307,2.3079048858785485,0.00023872679045094936,528.9460323690649,0.6142134060590837,0.2766634164109214
107,ds107_time107_39.h5,0.005340597669805986,0,6500.0,0.004,2.682023852337507,0.26380120551495767,92478.8037378725,0.04827909306049045,-0.47277854203988257,0.05932956677799851,0.9997321905154458,2.40438202386763,0.00023872679045094936,527.6920965619311,0.6252091348287204,0.28038128853077393
107,ds107_time107_40.h5,0.005340597669805986,0,6500.0,0.005,2.6992421029059472,0.27662732852163874,134302.3589249169,-0.03575006876363231,-0.4661547349609306,0.062290441481298114,0.999627548568984,2.5481824773168964,0.002068965517241561,527.2555398537246,0.6316369175116909,0.2822613519280305
107,ds107_time107_41.h5,0.005340597669805986,1,6500.0,0.006,2.7787678643078455,0.26629521964164393,295811.0942532164,-0.10393088906829724,-0.449067557423081,0.12230076739320983,0.9995831088667382,2.9089270242819056,0.007161803713528481,554.2507330929665,0.6709513595974336,0.2865111656642055
107,ds107_time107_42.h5,0.005340597669805986,1,6500.0,0.007,2.555382367851946,0.21151655826515814,840016.8505169488,-0.29346481501371785,-0.4057491656420302,0.2827164993234892,0.999385303707989,3.510825514172808,0.007161803713528481,624.054106640769,0.7642169647718022,0.3030660480221018
107,ds107_time107_43.h5,0.00913760235676533,0,7000.0,0.001,2.0739846322416087,0.01913025437198579,19213.6391267239,0.602834610871283,-0.526386348844853,0.0671211754236482,0.9998944683752389,2.3962326973699937,0.00015873015873013596,616.7571000637372,0.6613499501041313,0.2858998414651903
107,ds107_time107_44.h5,0.00913760235676533,0,7000.0,0.002,2.0914165764437116,0.15613481581904298,32780.36001548123,0.3512094968700037,-0.5177239692246447,0.06568316759880534,0.9998852475966729,2.300009649094067,0.00015873015873013596,583.8502561990061,0.6614130336363058,0.2872833629154822
107,ds107_time107_45.h5,0.00913760235676533,0,7000.0,0.003,2.151216718576529,0.240695445518337,51718.9957861619,0.1765676625641772,-0.5038437173327626,0.05930144864608912,0.9998184425508444,2.2857896058022193,0.00023809523809520392,551.8761176384502,0.6612229880472773,0.28787424118002347
107,ds107_time107_46.h5,0.00913760235676533,0,7000.0,0.004,2.1658636323525537,0.26705175337706466,58971.90489580043,0.11749677383579396,-0.4977006218336995,0.05753600535825633,0.9998664607722415,2.2716424481602426,0.00023809523809520392,545.7521304162107,0.6612138325769515,0.28892776656752894
107,ds107_time107_47.h5,0.00913760235676533,0,7000.0,0.005,2.0916346749633368,0.2811463462595938,93955.87025173387,0.10995949502588262,-0.487903130981648,0.05566641083651321,0.9996392042313536,2.2265676697697865,0.00023809523809520392,540.1252697378504,0.6609254753877085,0.28869891902791867
107,ds107_time107_48.h5,0.00913760235676533,0,7000.0,0.006,2.1017902932929635,0.3014530432495204,109687.55382048982,0.07499169732202533,-0.4834851769845907,0.05499433750745816,0.9998033557957938,2.2080162329889172,0.00023809523809520392,540.8098262249061,0.6610377937558951,0.2890093705397037
107,ds107_time107_49.h5,0.00913760235676533,0,7000.0,0.007,2.0941405232054873,0.3037981941894865,165129.09750951742,-0.011175808057728944,-0.4764131818277293,0.05842337009965008,0.9997914348192607,2.2140987240853374,0.00023809523809520392,545.5668839665481,0.6619365895527561,0.2888927968215021
107,ds107_time107_50.h5,0.00913760235676533,0,7000.0,0.008,2.2348599214887828,0.2924513316555073,262165.82641062344,-0.04234930756641749,-0.4689879914270587,0.07155660769763779,0.9996983278478957,2.165227401045556,0.0019047619047616313,569.9513634799936,0.665429189109423,0.28913646945987087
107,ds107_time107_51.h5,0.00913760235676533,0,7000.0,0.009,2.308607986740439,0.2741992731378575,320362.00342350063,-0.019840536868319516,-0.4645471022500477,0.09571004254817787,0.9997289009216117,2.3121066127044614,0.0019047619047616313,590.5046655278874,0.6702677082547428,0.29006710271506014
107,ds107_time107_52.h5,0.00913760235676533,1,7000.0,0.009999999999999998,2.5359725660435406,0.2596195823371399,653857.5882209062,-0.15156720479216498,-0.44621259851778694,0.17700775630822757,0.9991876415436372,2.5328116742933666,0.0019047619047616313,648.0843029157061,0.7020665729246766,0.2945223329380436
107,ds107_time107_53.h5,0.00913760235676533,1,7000.0,0.011,2.6436496902618654,0.23710612271850096,894731.3882958287,-0.17578938583423054,-0.43085125720083556,0.22324567630477885,0.9993955552742693,2.795170944372926,0.0019047619047616313,673.4546215107687,0.7325721300044765,0.2976539873526784
107,ds107_time107_54.h5,0.014106855697582374,0,7500.0,0.001,1.9713654498602842,0.09802051432608971,8988.91772772139,1.7892355757209712,-0.5035679518082297,0.09348473362223134,0.999516833840469,2.3289326700916972,0.00015999999999999348,766.3068079938381,0.7278464704901896,0.2607970899763028
107,ds107_time107_55.h5,0.014106855697582374,0,7500.0,0.002,1.9262260545506613,0.11060474467877501,45044.98205483891,0.5421566715338166,-0.48125591778267274,0.08472470068168834,0.9993870112421812,2.443974323776043,0.00015999999999999348,623.7443990449174,0.727811203143739,0.26039327289549496
107,ds107_time107_56.h5,0.014106855697582374,0,7500.0,0.003,1.9379437183908828,0.20529242359102717,57729.39279922128,0.36300482516671695,-0.4736153340713698,0.08323330474763924,0.9992228292747504,2.3805270738262174,0.00015999999999999348,597.5913058354174,0.7278581572851629,0.2591961486226742
107,ds107_time107_57.h5,0.014106855697582374,0,7500.0,0.004,1.9514478797669301,0.25069660283023376,71664.34227041114,0.1722817943781917,-0.4619800986913025,0.07772728660390055,0.9990383813280993,2.318821653242677,0.00015999999999999348,573.073341730818,0.7278334967354279,0.2582862187420256
107,ds107_time107_58.h5,0.014106855697582374,0,7500.0,0.005,1.9764547696259938,0.26641670591534083,85589.9927287596,0.1501434502186327,-0.456451859907318,0.07672903290156433,0.9988872522523671,2.328833966547248,0.00015999999999999348,573.8927972563879,0.7278780365509846,0.2582033978278541
107,ds107_time107_59.h5,0.014106855697582374,0,7500.0,0.006,1.9444235652052557,0.2879504622657898,136227.2954723765,0.0339822051183484,-0.44734207786395785,0.07518868941932413,0.9986777414145349,2.233309009086218,0.00015999999999999348,570.2996605242984,0.7278886733920263,0.2569828625570832
107,ds107_time107_60.h5,0.014106855697582374,0,7500.0,0.007,1.9718532108965228,0.29322108746407993,144049.65686523693,0.02492351762420914,-0.44390275609592844,0.07626003236891865,0.9983981578393399,2.1820411236373682,0.00015999999999999348,572.025906601717,0.7280163674109891,0.2566707807550224
107,ds107_time107_61.h5,0.014106855697582374,0,7500.0,0.008,1.9768742035576146,0.2604401599974726,178553.70054738948,-0.010139180333294478,-0.4372062687763738,0.07733058077467926,0.9977774849588672,2.138050716719613,0.00015999999999999348,579.868874245793,0.7279813347754003,0.25671724160542564
107,ds107_time107_62.h5,0.014106855697582374,0,7500.0,0.009,1.989106204005899,0.298417639020236,204273.70595425906,-0.003225202095862806,-0.4339462373827576,0.07908041680850302,0.9974330995693975,2.0549188388674358,0.00015999999999999348,585.4219899505106,0.7279588401066018,0.2565901766816611
107,ds107_time107_63.h5,0.014106855697582374,0,7500.0,0.009999999999999998,1.9594985379641119,0.29029851092441494,215778.53749018552,-0.02013346511397503,-0.4310003792393684,0.07691595597238503,0.9974454260162459,1.938064855146031,0.00015999999999999348,591.0334062783721,0.7279308376354583,0.25649247617225335
107,ds107_time107_64.h5,0.014106855697582374,0,7500.0,0.011,2.0029131741749615,0.2769073558058093,224146.6656880232,-0.09120374539333966,-0.42563741322562687,0.08112020707224842,0.9958101654581143,1.8670971863355932,0.00015999999999999348,610.5172739265716,0.7277910193808841,0.25608454907041217
107,ds107_time107_65.h5,0.014106855697582374,0,7500.0,0.012,2.024815101401042,0.2855002096803273,232445.952380419,0.028227781092633398,-0.42292344620370226,0.08425866805148119,0.9955895206274203,1.752911354503151,0.00015999999999999348,631.3608918172486,0.7276401861225729,0.2562922440193249
107,ds107_time107_66.h5,0.014106855697582374,0,7500.0,0.013,2.0258971345803807,0.2790836988851354,255682.24870614213,-0.06709472626685523,-0.4179280081504808,0.09852056469887717,0.9947807757459621,1.570644471032502,0.00015999999999999348,713.7007387413329,0.7276030432843611,0.2562098380488237
107,ds107_time107_67.h5,0.014106855697582374,0,7500.0,0.013999999999999999,1.9971894172644409,0.29021594362398495,256942.28796774935,-0.06555366766095531,-0.41571062233525824,0.10148818258084233,0.9922489953393181,1.5154338990024476,0.00015999999999999348,778.1402920544988,0.7275918634031114,0.2564580758123039
107,ds107_time107_68.h5,0.014106855697582374,1,7500.0,0.015,2.220339851128828,0.2561136686511405,320978.67303647636,-0.06039704479408224,-0.40960670192522036,0.18611254200803914,0.9907770999690635,1.5267082359968651,0.0,1020.7374001001215,0.7349972243368772,0.2576360255028587
107,ds107_time107_69.h5,0.005321338763032498,0,8000.0,0.001,2.1527351364247322,0.10888558013579064,9236.74970822585,1.4775474209874673,-0.5227790713724949,0.12185482300465651,0.9999794900430427,2.335917835377973,0.00016304347826087695,799.8440557136265,0.8145373613079044,0.2715305121844233
107,ds107_time107_70.h5,0.005321338763032498,0,8000.0,0.002,2.196965284562943,0.139971839655048,52189.947153624744,0.3183410690419747,-0.498444440567697,0.12236665259916442,0.9999682400702546,2.5230596171082214,0.00016304347826087695,653.9818456375685,0.8142817335725199,0.26936023198137554
107,ds107_time107_71.h5,0.005321338763032498,0,8000.0,0.003,2.2408474546820774,0.22269078844238455,65575.6173849758,0.20695055351628902,-0.4905757972402821,0.11643347649479256,0.9999433053464385,2.584584571271769,0.00016304347826087695,636.7901525658234,0.8142433085797252,0.26870631566498343
107,ds107_time107_72.h5,0.005321338763032498,0,8000.0,0.004,2.3583735926164167,0.25823984824102153,85641.86909306332,0.13673066016593882,-0.48138739865630714,0.12037013532409374,0.9999415110984423,2.6336334933809105,0.00016304347826087695,628.6716209292514,0.8140792303819081,0.2663809307044309
107,ds107_time107_73.h5,0.005321338763032498,0,8000.0,0.005,2.443243387955938,0.2827723156924573,176915.04435714055,0.04900035444958951,-0.46915229297581934,0.12827821641455794,0.9999130919309117,3.05575843701868,0.00016304347826087695,640.5009182176437,0.8122782630040655,0.2674864476166014
107,ds107_time107_74.h5,0.005321338763032498,1,8000.0,0.006,2.571268984796748,0.2536729313339985,316059.54903934087,-0.10401460466401162,-0.45713741580637923,0.15846040262551914,0.9999220842292714,3.071353587138653,0.002038043478260962,659.6765699601046,0.806439724226443,0.2741014898261946
107,ds107_time107_75.h5,0.005321338763032498,1,8000.0,0.007,2.6156892161197485,0.16400437537697798,739067.5573716832,-0.2778310431360018,-0.4279315485800555,0.28968729601865884,0.9998459885866652,3.2247737673394044,0.003913043478261047,687.7627820513723,0.7863553795863009,0.2955173708217224
107,ds107_time107_76.h5,0.003154848369242181,0,8500.0,0.001,2.485091403062361,0.09926425370839165,14967.474358040872,1.657542629701313,-0.5004889202393648,0.14853980150863982,0.9999954321112785,2.373684344915718,8.021390374331194e-05,850.1347935800278,0.8663324627500674,0.2567765375645896
107,ds107_time107_77.h5,0.003154848369242181,0,8500.0,0.002,2.437092725243535,0.14294806152500117,66748.44702637618,0.3111067719378898,-0.47341045545235305,0.14989638529373864,0.999981306326526,2.545454757711382,0.00016042780748662389,698.8502175015589,0.862839764146307,0.25668674349628207
107,ds107_time107_78.h5,0.003154848369242181,0,8500.0,0.003,2.5875064555094514,0.2182234296722938,92436.67189148016,0.17396103574220123,-0.46299926553164333,0.1512197448978459,0.999985018964938,2.996526111795615,0.00016042780748662389,682.6602127867391,0.8572592527981235,0.26196421933225317
107,ds107_time107_79.h5,0.003154848369242181,1,8500.0,0.004,2.6353818479788447,0.08960774798862747,317101.1996329648,-0.3766622292705001,-0.42808037498638696,0.22980196819597346,0.9961599572813861,3.235440511600926,0.0019251336898394866,712.1264451566071,0.793627495525035,0.29613113653768064
107,ds107_time107_80.h5,0.0022662204522670426,0,9000.0,0.001,2.6044677212887093,0.09214752137088134,10234.14810069919,1.1066404821729143,-0.5456386022598992,0.18862727071446928,0.999998028709007,2.365965574973809,0.0006349206349205438,859.5665132207487,0.9237377867885879,0.2823405641236939
107,ds107_time107_81.h5,0.0022662204522670426,0,9000.0,0.002,2.4885412081257847,0.01646777917325526,30326.968220704475,0.4282195479965757,-0.5311708336149897,0.19224667843594503,0.9999976475735459,2.3578881299393166,0.0006349206349205438,758.1925248414007,0.9177812058804282,0.2862053292658873
107,ds107_time107_82.h5,0.0022662204522670426,1,9000.0,0.003,2.699119838172049,-0.23310389037619372,1533696.1013049353,-0.7599609058477901,-0.4069824851576975,0.7253279454203089,0.9973645585442932,5.235246114188841,0.0018253968253965636,901.0760169765231,0.7447721764224688,0.2558895615102413
107,ds107_time107_83.h5,0.0022662204522670426,1,9000.0,0.004,2.609157059277689,-0.26664609694458896,4944668.413544323,-0.4509764094469463,-0.3718182766032793,1.006395918470089,0.9970376821831947,6.416536558081283,0.0018253968253965636,997.584261808931,0.742423811811681,0.24958971590147397
107,ds107_time107_84.h5,0.001813142078071514,0,9500.0,0.001,2.9325397485941718,0.06871982960502887,14515.409851095805,1.298753201290022,-0.5232034553151821,0.2434491522529721,0.9999984535693712,2.3638715445216563,7.894736842105343e-05,913.3018334323542,0.9892329735692832,0.2685802466489728
107,ds107_time107_85.h5,0.001813142078071514,1,9500.0,0.002,2.540909237161145,-0.0013517939822127456,64269.1126703979,0.4485794682201102,-0.5068974405191491,0.24715564042728516,0.9999978239244698,2.469144090040268,7.894736842105343e-05,802.9525214035789,0.9673001209864968,0.28414221220716174
107,ds107_time107_86.h5,0.001813142078071514,1,9500.0,0.003,2.7202808223258055,-0.21022004863493504,665853.9149684903,-0.8680396743303985,-0.4155513438644707,0.6551007761643116,0.9979154872768655,4.618758924932294,0.006157894736842168,909.149741074361,0.7471076856645913,0.24763380902254242
107,ds107_time107_87.h5,0.001813142078071514,1,9500.0,0.004,2.5234775288880353,-0.294261324937803,6994643.938108008,-0.29417957389901905,-0.34929222719397846,1.1169069089968735,0.9962362507224908,6.849064491707999,0.0,1074.5305049547824,0.7409226209614799,0.23648251554086375
107,ds107_time107_88.h5,0.0015542224672644915,0,10000.0,0.001,3.4257614545450465,0.060675666299015996,16796.412927207566,1.535316301532546,-0.49883446149719035,0.33381571190402476,0.9999985274059365,2.442546327122864,7.894736842105343e-05,975.1300090947019,0.9652498411119569,0.23324890990328215
107,ds107_time107_89.h5,0.0015542224672644915,1,10000.0,0.002,2.7643779006788494,-0.2736637806772233,133619.99448414266,-0.19815005313519998,-0.46330155248141874,0.40422703316432973,0.9981646301785189,2.720766007573604,7.894736842105343e-05,861.8476317651415,0.8085371041256474,0.29064651103305855
107,ds107_time107_90.h5,0.0015542224672644915,1,10000.0,0.003,2.5567559676525233,-0.25675437094893505,1159289.0129770343,-0.6899076631180155,-0.3640336249412791,0.8634001714627242,0.9977172266687938,5.203638147612317,0.011921052631579068,989.5722757944434,0.7462610212486158,0.22887159529534284
107,ds107_time107_91.h5,0.0015542224672644915,1,10000.0,0.004,2.4715604607887416,-0.32895391880062896,3827827.482237008,-0.3397334408224179,-0.33786903515000033,1.0944491552140545,0.9959440507323528,6.199835265062638,0.0,1066.055677689044,0.7458421309652534,0.2219867206901106
107,ds107_time107_92.h5,0.001396960044729048,0,10500.0,0.001,3.006806572628387,0.07021818011432068,15477.310215439597,0.8103223595049613,-0.5500568915987142,0.45696266897247084,0.9999990030709002,2.3328827228258358,0.0008730158730158623,958.0157497298825,0.9041448451328767,0.2964096533092893
107,ds107_time107_93.h5,0.001396960044729048,1,10500.0,0.002,2.6992431732246396,-0.23626406404451927,324257.94512469077,-0.8541960245212374,-0.4643310892773839,0.785472129390223,0.9970196331921268,4.4477344902042635,0.004126984126984076,966.8872625401187,0.7577666991397238,0.25196383428091157
107,ds107_time107_94.h5,0.001396960044729048,1,10500.0,0.003,2.481304182842399,-0.28612928292290696,2450012.7053326913,-0.44089970412428864,-0.3962931094901768,1.1796857167561765,0.9954085755829835,6.302890727878992,0.004126984126984076,1086.1063659884219,0.7509986312320795,0.24260127323576033
107,ds107_time107_95.h5,0.0012991744510970804,0,11000.0,0.001,3.469256774427008,0.07158148834042155,16647.106709935375,1.0633138111379314,-0.5251067472138243,0.6710641741851822,0.999998836855941,2.403838882199526,8.021390374331541e-05,1028.4575373615057,0.7989303615415374,0.27579772123348384
107,ds107_time107_96.h5,0.0012991744510970804,1,11000.0,0.002,2.6832696216383685,-0.26984573767351727,444654.7437273718,-0.6181658776976507,-0.4310905861321763,0.9489178257488724,0.9956243317278575,4.327666597039658,0.004010695187165771,1024.633556601469,0.7702234231054794,0.23436585790676884
107,ds107_time107_97.h5,0.0012991744510970804,1,11000.0,0.003,2.3642175703734956,-0.4281882447028602,2482753.447113866,-0.22920608947674698,-0.38605475228386066,1.1804644417434655,0.9975094733470676,5.533693284297446,0.004010695187165771,1084.41275562954,0.7654017756620722,0.22576711564602336
107,ds107_time107_98.h5,0.001239244016761887,0,11500.0,0.001,3.738765751734835,0.04825437974124025,19259.8407953818,1.2173415383081867,-0.4931459850399267,1.1105251883832865,0.9999996477232617,2.3498804166765184,8.1521739130435e-05,1074.1171414457044,0.714972439429932,0.25892389758694384
107,ds107_time107_99.h5,0.001239244016761887,1,11500.0,0.002,2.6190650704163283,-0.31431187949601447,478565.02640276944,-0.5445241345721932,-0.3989195814725341,2.1346174648117664,0.9964495715123773,4.485594540554286,0.0,1057.1143138935977,0.7914827468688168,0.2212868333260576
107,ds107_time107_100.h5,0.001239244016761887,1,11500.0,0.003,2.409664438505807,-0.4765921352838387,2064027.7235585533,-0.21777507767709992,-0.36540047107803786,2.149933832798329,0.998516795890386,5.7714799535390355,0.0,1117.3906588807788,0.7869712251013584,0.21488403749621518
107,ds107_time107_101.h5,0.001205076880252254,0,12000.0,0.001,3.993230515859728,0.03536195256786456,19791.613536980432,1.2538129440588188,-0.49387971174214795,1.107542662767402,0.9999987369458783,2.399298297008583,7.812499999999833e-05,1127.208098496517,0.715390797579104,0.26088544031121713
107,ds107_time107_102.h5,0.001205076880252254,1,12000.0,0.002,2.6406026276133576,-0.2873774187743052,471349.3785445209,-0.5183993137253249,-0.3959595686173297,2.0449005299803127,0.9978052856080101,4.520877519231372,0.0038281249999999184,1078.6993876760566,0.7520525216942551,0.22046327851276712
107,ds107_time107_103.h5,0.001205076880252254,1,12000.0,0.003,2.5634803701132287,-0.2531705407587639,2252088.583715655,-0.45735500067944557,-0.35041385389697016,2.5068707828223644,0.9969271588103613,6.308214591564831,0.0038281249999999184,1133.1275407126518,0.7453099893885079,0.20528105034466057
108,ds108_time108_1.h5,0.0005155402172233766,0,2000.0,0.00025,6.939732247089521,0.21682808592756164,7921.412132667276,1.983785015066474,-0.4898988065144559,0.515977446640004,0.9960364812587457,2.501829301029854,0.0004787234042553656,293.0085881145788,0.7954468495461401,0.19577012323315557
108,ds108_time108_2.h5,0.0005155402172233766,0,2000.0,0.0005,2.5249893358525153,0.2521167010835579,57058.52509716577,0.09331451538444094,-0.4757445637115911,0.3654560791859367,0.9975539213658533,2.653217527831731,0.007978723404256094,268.655973843383,0.7437070812062759,0.3520954786525964
108,ds108_time108_3.h5,0.0005155402172233766,1,2000.0,0.00075,2.3406154508716637,0.1607527748406814,480362.79831784184,-0.32631515914972337,-0.40348516424800107,0.3664352951070743,0.9989268776813621,4.448269151507184,0.007898936170213533,422.7011011634559,0.7454115063342913,0.26586173109969363
108,ds108_time108_4.h5,0.0005155402172233766,1,2000.0,0.001,2.389284873392595,0.11829416287302941,2142349.49821737,-0.22888156635822196,-0.3471479997732608,0.4443253577329712,0.9984923667641655,5.8528096706485195,0.007898936170213533,561.8248889668456,0.7497120105343922,0.24009161990475225
108,ds108_time108_5.h5,0.0017019300696176384,0,2500.0,0.00025,2.7532185243549345,0.2323259103186468,8753.640219599747,1.9201580853618394,-0.5025169321411342,0.4939982237448703,0.9930771029314668,2.4306776974364874,0.0003999999999999837,338.3151853033258,0.735984593486482,0.18662998389755367
108,ds108_time108_6.h5,0.0017019300696176384,0,2500.0,0.0005,2.1912447217676605,0.21674913647910532,31484.533196831053,0.5799056879020168,-0.49727856873279525,0.48626162450294297,0.9935575627826084,2.467342462914455,0.0003999999999999837,301.84585169458313,0.7355959928670792,0.18686357377396007
108,ds108_time108_7.h5,0.0017019300696176384,0,2500.0,0.00075,2.171600249823455,0.2946632503361758,64915.89442255127,0.32010600581312604,-0.4939273413061195,0.4755424843644149,0.9960379952806262,2.4929795735159552,0.0003999999999999837,295.88049015585574,0.7351442967862518,0.18760310192691773
108,ds108_time108_8.h5,0.0017019300696176384,0,2500.0,0.001,2.3792997594463565,0.3042965248283568,109597.53352762431,0.14147346579543635,-0.4905960209023398,0.4411794763772892,0.9921374961243518,2.6506992794255275,0.0003999999999999837,293.04233847522784,0.7365060874849984,0.1894837539187418
108,ds108_time108_9.h5,0.0017019300696176384,0,2500.0,0.00125,2.5790073837259233,0.30700598446084726,166848.6143294325,0.10357521229625342,-0.4871489426142698,0.3966911725748891,0.9890314370407696,2.785443772716765,0.0003999999999999837,291.16851836701727,0.7381896486031864,0.1922943094997258
108,ds108_time108_10.h5,0.0017019300696176384,0,2500.0,0.0015,2.865430118170704,0.30014338353175174,360332.79169771686,0.06173384668924579,-0.4796443686388292,0.35640361187319874,0.9696082090071949,2.8442776157049328,0.0003999999999999837,285.4148119446021,0.7412750255389892,0.20590282538423693
108,ds108_time108_11.h5,0.0017019300696176384,1,2500.0,0.00175,3.0243877633695417,0.2980819247914901,491360.0902797568,-0.022488314508873505,-0.473315749107467,0.36546105491613645,0.9695893994624468,3.029034930303335,0.005519999999999775,294.6897522683487,0.7582297886182714,0.22400628232252015
108,ds108_time108_12.h5,0.0017019300696176384,1,2500.0,0.002,2.885102329874574,0.27049077476429095,917802.9987971213,-0.14942190649567091,-0.4478163833619956,0.37814096935619945,0.9636122194717602,3.2800017441775964,0.005519999999999775,345.72876586010545,0.8094973690233601,0.2778070468191115
108,ds108_time108_13.h5,0.0004295762546539345,0,3000.0,0.00025,11.604023655747506,0.20586075626766154,9691.705113152038,2.156593670446801,-0.4960933581371032,0.44098894094681856,0.9975409640610613,2.418646793759666,0.0003225806451612903,380.3734436067899,0.8942036278605142,0.264923942531632
108,ds108_time108_14.h5,0.0004295762546539345,1,3000.0,0.0005,2.219595011384638,0.12809511198681434,85130.43385876084,0.04904174968636956,-0.46075636045788565,0.4610708244449738,0.9986775609859668,3.1834973919465233,0.01967741935483871,411.0567719409876,0.7736854805249912,0.31550155346655884
108,ds108_time108_15.h5,0.0004295762546539345,1,3000.0,0.00075,2.23712250235608,0.12148316968097528,744002.0060763832,0.06108885998903092,-0.3908188227055291,0.5505416909508459,0.9985632561389284,4.977856771236169,0.009758064516129032,574.3393254137789,0.7828221498017027,0.24361852145687374
108,ds108_time108_16.h5,0.001299141466912432,0,3500.0,0.00025,6.8187138038415105,0.19563806013368013,18234.451340921474,1.948284990789005,-0.5067289050408721,0.39280527595578135,0.9924171614248575,2.357628801943429,0.000317460317460317,428.7738505547419,0.7332493081496674,0.19370881472947035
108,ds108_time108_17.h5,0.001299141466912432,0,3500.0,0.0005,2.6860878402099275,0.1781663183233384,50907.56333696426,0.7128770692972265,-0.4989721076615733,0.3853175745047571,0.9875231825832036,2.460649745735149,0.000317460317460317,380.6243126321993,0.7299647756450749,0.19664769643499963
108,ds108_time108_18.h5,0.001299141466912432,0,3500.0,0.00075,2.7110381243997472,0.17906820264711,50600.15935628591,0.6948673641820766,-0.4998949755557811,0.3801188159166919,0.994126316357702,2.356333505877512,0.000317460317460317,382.4507760314701,0.7284875126076644,0.1959824528889104
108,ds108_time108_19.h5,0.001299141466912432,0,3500.0,0.001,2.815003146644579,0.26407842524441205,99930.67816828452,0.41727771611021847,-0.4947526990195201,0.3474131017857679,0.9888731921213015,2.4684625495321306,0.000317460317460317,364.8894411710038,0.7296501152165882,0.1981783081119559
108,ds108_time108_20.h5,0.001299141466912432,0,3500.0,0.00125,2.9174840821260095,0.30296452136736285,157482.6878565292,0.22408812190066257,-0.4886229250208812,0.32545391235767557,0.9913553953784581,2.7945241625256427,0.000317460317460317,355.87652237754423,0.7279709120234296,0.20209933549774772
108,ds108_time108_21.h5,0.001299141466912432,1,3500.0,0.0015,2.534197441000073,0.24721080423608144,408728.5513637904,-0.22904775413174241,-0.4594307309391061,0.4180515243414637,0.999375666255433,3.2421914369042155,0.003888888888888884,409.20772940616337,0.8289638639242278,0.3343820780687229
108,ds108_time108_22.h5,0.001299141466912432,1,3500.0,0.00175,2.5271076825111307,0.23136799667953212,416664.42072839465,-0.2169002369294024,-0.4595107420237774,0.43303785676497814,0.9991463281034655,3.283926531675792,0.003888888888888884,409.63490488302904,0.8294665701474112,0.33437401226285973
108,ds108_time108_23.h5,0.0009189157925512365,0,4000.0,0.00025,5.942673347558639,0.19190339752977836,19347.321435334896,2.099965256165066,-0.4974876817754185,0.2580914749949344,0.9941081105659996,2.4218378139298693,0.0002393617021276828,473.4534639353008,0.7707527158343548,0.19725521889868236
108,ds108_time108_24.h5,0.0009189157925512365,0,4000.0,0.0005,6.029556456060798,0.1657933519447664,19943.882165223393,2.1039284603116566,-0.49783407804737617,0.26471978645034083,0.9927775595299169,2.4541278022032773,0.0002393617021276828,476.51533833467016,0.7691931574762778,0.19698842605602246
108,ds108_time108_25.h5,0.0009189157925512365,0,4000.0,0.00075,3.4762422219157725,0.13687828369898458,70596.02081239434,0.7663143100567661,-0.4896734582326451,0.25213948684629606,0.9963458221016583,2.38245004336993,0.0002393617021276828,421.93454254509186,0.7708140879636146,0.21900194847712695
108,ds108_time108_26.h5,0.0009189157925512365,1,4000.0,0.001,2.6962757431508932,0.05879061864157897,344964.03524242144,-0.6264294498697756,-0.4574572685455366,0.469063542848074,0.996543178620429,3.017221947922481,0.003989361702128047,456.276066265753,0.7367594463554374,0.38829213773541993
108,ds108_time108_27.h5,0.0009189157925512365,1,4000.0,0.00125,2.7510944276541975,0.05384212363460006,323594.2951292357,-0.6124043047734694,-0.45627056686381623,0.4632590788020757,0.9960870382090794,2.9706631836175115,0.003989361702128047,458.2641287187285,0.7368652408199124,0.3876726556325598
108,ds108_time108_28.h5,0.00044311950837012547,0,4500.0,0.00025,5.23315324573281,0.18427385993731737,29235.368513549423,1.8296629457678346,-0.510872259495642,0.18785907827006496,0.9173370327014677,2.3862823770912165,0.00023809523809520392,521.5256674581877,0.6942794012211035,0.2922806440904393
108,ds108_time108_29.h5,0.00044311950837012547,1,4500.0,0.0005,5.073530982171528,0.17742565405834976,29307.99076393481,1.77032859880944,-0.5103324450349914,0.18520204582812647,0.9300225857963128,2.4950957210837124,0.00023809523809520392,516.2216865924036,0.6921056786715168,0.29288402848098316
108,ds108_time108_30.h5,0.00044311950837012547,1,4500.0,0.00075,2.1787051667782587,-0.028615324460781633,1002133.6116873393,-0.13050650428949512,-0.39266881912703455,0.781028390142276,0.9984864774751112,5.499635267812928,0.013650793650791693,719.6590909857051,0.7483657306964612,0.23824932622585007
108,ds108_time108_31.h5,0.00044311950837012547,1,4500.0,0.001,2.1552409783821345,-0.04910693547693623,1008170.131991341,-0.14124707495926409,-0.3936124735420966,0.7705475957900779,0.9989589027850211,5.333031871409597,0.013650793650791693,718.0205913959759,0.7476122957334566,0.23798527050290566
108,ds108_time108_32.h5,0.0004363660181917417,0,5000.0,0.00025,3.492791952596496,0.15457094448554676,25978.165702130806,1.830685554358481,-0.4974752950889717,0.1360535049617772,0.9882602485305373,2.479695137014998,0.00015789473684213462,574.3617759303129,0.6837288776592939,0.3086079813727996
108,ds108_time108_33.h5,0.0004363660181917417,1,5000.0,0.0005,3.3472522126010005,0.17458749431431408,25275.44216818665,1.8121433486914817,-0.49754336745833566,0.13688023463102833,0.986861318576421,2.5380058702291657,0.00015789473684213462,575.3184522340364,0.6829701609036947,0.30901833531890205
108,ds108_time108_34.h5,0.0006075690652945574,0,5500.0,0.00025,3.4731431991041912,0.14294842060012103,50418.58896085027,1.9963361249014182,-0.4839470350743912,0.09766560143875197,0.9997686358108877,2.4138938314729748,0.00016042780748662389,616.2618986949265,0.5763927282904113,0.26904741446378033
108,ds108_time108_35.h5,0.0006075690652945574,0,5500.0,0.0005,3.4700742170352927,0.13499239812738462,50541.10123343138,1.9906189676798496,-0.4842605529189307,0.09788012513694068,0.9997151606318584,2.473194592952118,0.00016042780748662389,612.0822161281017,0.576086130489089,0.2684044306467047
108,ds108_time108_36.h5,0.0006075690652945574,1,5500.0,0.00075,3.4972459887846243,0.14808537602921645,49260.60080695462,2.0094447109215934,-0.48455253399050596,0.09663196716490333,0.999766919175033,2.492504659555924,0.00016042780748662389,614.9059716110769,0.5760193211251954,0.26819024850172357
108,ds108_time108_37.h5,0.0006075690652945574,1,5500.0,0.001,2.267441449241536,-0.018606138144495965,554722.8347190283,-0.45132217513423345,-0.4040768366635245,0.438727310648478,0.9995244432368723,4.260936460140764,0.013475935828876406,662.7395489715512,0.7806378483860963,0.23870835698492932
108,ds108_time108_38.h5,0.0006075690652945574,1,5500.0,0.00125,2.2738977234500077,-0.029901009812266732,570831.47215545,-0.48613608330849956,-0.4033239376173585,0.4304475303308104,0.9993107243689628,4.3158510577381595,0.013475935828876406,660.8817382121097,0.7803137604219516,0.23821386710805348
108,ds108_time108_39.h5,0.0010309994290792802,0,6000.0,0.00025,2.498573079350181,0.1279302177846393,45254.42049416376,2.1151423685102584,-0.48416711530181206,0.0766898028797071,0.9998446748373193,2.3587622922205407,0.00016129032258063725,652.6684992202637,0.5939659620356555,0.27141480740738383
108,ds108_time108_40.h5,0.0010309994290792802,0,6000.0,0.0005,2.5072617875721765,0.1488983492843492,47395.08254380562,2.113639373250904,-0.48419174394052156,0.0758540134421854,0.9998978781437393,2.392823933347995,0.00016129032258063725,656.1924579610373,0.5936569207490064,0.271915121943827
108,ds108_time108_41.h5,0.0010309994290792802,0,6000.0,0.00075,2.419850369441917,0.10627494305157215,47227.24949910278,2.0800212885467855,-0.48407618654825446,0.07669054981050916,0.999789813704912,2.3719565542796976,0.00016129032258063725,654.0865377600111,0.5941096012938106,0.27139679519734344
108,ds108_time108_42.h5,0.0010309994290792802,0,6000.0,0.001,2.768317387295762,0.03444809303936203,176103.2993197346,0.740391025792981,-0.47192660363529515,0.08482961565117264,0.9998187853485753,2.587376164340974,0.00016129032258063725,578.8949539650532,0.6206236926590889,0.27200180533650103
108,ds108_time108_43.h5,0.0010309994290792802,1,6000.0,0.00125,2.7806206049256477,0.038458395203501805,169757.36710501276,0.7531291345997148,-0.470750246771056,0.08653613732016377,0.9997574438855343,2.4762150979516395,0.00016129032258063725,573.9757093469519,0.6208558456916693,0.27211833769713833
108,ds108_time108_44.h5,0.0018692091844320954,0,6500.0,0.00025,2.2671002335603543,0.11222274800051335,50974.00036955279,1.8253778931294944,-0.5012779124256961,0.06896508232445153,0.9999183321015518,2.3395008222197093,0.00015915119363396624,687.1285200401865,0.6135886586407212,0.27419165997773753
108,ds108_time108_45.h5,0.0018692091844320954,0,6500.0,0.0005,2.2242933043347435,0.1293465486936125,50776.69719068076,1.8554402025278292,-0.5020408187224226,0.06843910992272538,0.9998238305207547,2.3792361057457,0.00015915119363396624,687.8363814850425,0.6136840304756542,0.2734002008631275
108,ds108_time108_46.h5,0.0018692091844320954,0,6500.0,0.00075,2.2431283361988466,0.124487868360881,50933.00695770946,1.8660206381059463,-0.5013673845898243,0.06879306146026423,0.999814470963793,2.4145344038829637,0.00015915119363396624,686.7000050402605,0.6136260266338481,0.2735486327891082
108,ds108_time108_47.h5,0.0018692091844320954,0,6500.0,0.001,2.546790679489375,0.014503243109937225,166677.65656574874,0.7546911290476521,-0.48948624470720636,0.07336809326798055,0.9997121276844021,2.319061482696734,0.00015915119363396624,604.9821673426137,0.6194750057102438,0.2753330640606078
108,ds108_time108_48.h5,0.0018692091844320954,0,6500.0,0.00125,2.6568978043189166,-0.013071223425672684,162154.9499738117,0.7556662847146188,-0.4893954015718712,0.0745345047666872,0.9996355559139545,2.3554270172229272,0.00015915119363396624,600.4113705831668,0.6201935131042196,0.2758918411860015
108,ds108_time108_49.h5,0.0018692091844320954,0,6500.0,0.0015,2.7027808261592257,0.1908189470168824,374747.2919032343,0.2934687836895128,-0.4767528252377723,0.0859890221176672,0.9997797301727518,2.799473795465439,0.00015915119363396624,587.7973839947917,0.6339982773235514,0.2790279700512675
108,ds108_time108_50.h5,0.0018692091844320954,0,6500.0,0.00175,2.688572103010992,0.212025986351702,362435.95115109417,0.2223634366149124,-0.47712199580890663,0.08489648779713271,0.999670782054174,3.019825012480407,0.00015915119363396624,587.5120063006682,0.6340502851091999,0.27855035391373
108,ds108_time108_51.h5,0.0018692091844320954,1,6500.0,0.002,2.680450280940397,0.19754861716065797,363080.1046232085,0.21843473411087572,-0.47634582171650786,0.08552098749452515,0.9995741833956979,2.9680100758572423,0.00015915119363396624,591.5328616815485,0.6338149015819313,0.27961113450153036
108,ds108_time108_52.h5,0.0018692091844320954,1,6500.0,0.0022500000000000003,2.878249671703918,0.19386638637041953,1301799.8701212837,-0.14283386181820965,-0.4434421893188919,0.2023852980119572,0.9994516133745235,4.049045465249547,0.0070822281167114975,651.9007350780927,0.6960075672058788,0.2873112316558611
108,ds108_time108_53.h5,0.0018692091844320954,1,6500.0,0.0025000000000000005,2.886137242826589,0.22335189222201102,1200497.9440160901,-0.11514459711578666,-0.4430384161697971,0.20501066682189123,0.9994190200946457,4.5387450567681835,0.0070822281167114975,645.6572561436926,0.6955952490346565,0.28741146048979593
108,ds108_time108_54.h5,0.0031981608248678665,0,7000.0,0.00025,2.1148184200155957,0.12274559160640042,50977.35691008483,1.6810246027540852,-0.5204043406487705,0.07325380396178202,0.9998103919816258,2.2779479291023352,0.00015873015873013596,714.8730997957206,0.6620957861187022,0.2848244040423735
108,ds108_time108_55.h5,0.0031981608248678665,0,7000.0,0.0005,2.1056823552815094,0.11435665796854111,49785.714432397515,1.6413337381556221,-0.5206022682810271,0.07096160993598345,0.9999095403678432,2.345846426686386,0.00015873015873013596,711.3033963637982,0.6617752334124002,0.28432306391981044
108,ds108_time108_56.h5,0.0031981608248678665,0,7000.0,0.00075,2.120881910744671,0.10819713994750146,50753.97591807933,1.621647971230364,-0.5209426814812049,0.07443725814924015,0.999835589777288,2.31236383400376,0.00015873015873013596,715.352682282868,0.6620258418351601,0.2846382192601658
108,ds108_time108_57.h5,0.0031981608248678665,0,7000.0,0.001,2.1243878756810717,0.037220668678271895,160559.3303289726,0.7019800026967067,-0.5084713938546805,0.07059708722255402,0.9997803181408862,2.297854659216574,0.00015873015873013596,620.8695233450297,0.6618722133770587,0.28540388816083107
108,ds108_time108_58.h5,0.0031981608248678665,0,7000.0,0.00125,2.1388399958091284,-0.011124167634683602,162356.3331060355,0.6961695062146331,-0.508562950948258,0.07295254672192955,0.999883151502342,2.284410336486243,0.00015873015873013596,620.9751916545104,0.6620486587787516,0.2855210870177484
108,ds108_time108_59.h5,0.0031981608248678665,0,7000.0,0.0015,2.144349452002664,0.019379424430042924,157312.72478365496,0.6697411980570235,-0.5086913398261879,0.07349649969374576,0.9997785757131952,2.291666481517519,0.00015873015873013596,618.8494469820569,0.6619446839173536,0.28540265304263357
108,ds108_time108_60.h5,0.0031981608248678665,0,7000.0,0.00175,2.089868863290933,0.12895751572813707,291091.2351220768,0.3908031344199745,-0.4977683818288643,0.07343385405493863,0.9997941428774764,2.273994338072913,0.00015873015873013596,588.9128353376051,0.6620237164255581,0.28708833021025626
108,ds108_time108_61.h5,0.0031981608248678665,0,7000.0,0.002,2.070761401600981,0.15601346849862874,289191.58995426435,0.3895715098237324,-0.49794855248444303,0.07448376790703819,0.999678778889317,2.337836946800698,0.00015873015873013596,588.4176679196262,0.661733265894117,0.2872721244781154
108,ds108_time108_62.h5,0.0031981608248678665,0,7000.0,0.0022500000000000003,2.1563510576514395,0.2402704411086003,497751.02002928127,0.12480130922767149,-0.4875311485200174,0.08534818273008248,0.99974891092765,2.531309560784078,0.00015873015873013596,584.9540358428535,0.6633620960051875,0.2878306664201292
108,ds108_time108_63.h5,0.0031981608248678665,0,7000.0,0.0025000000000000005,2.168754957471562,0.2281616252478309,528554.8831340657,0.17542940437621377,-0.48661123660239797,0.08411618515713239,0.9997422454210771,2.65933968833164,0.00015873015873013596,582.2229717500893,0.6635560504063808,0.2877625936281375
108,ds108_time108_64.h5,0.0031981608248678665,0,7000.0,0.00275,2.2146648013342953,0.2279696895295027,508437.15655328677,0.1318575665554159,-0.48639035216514925,0.08357378878987856,0.9996830306981387,2.73597198200223,0.00015873015873013596,583.9656068072712,0.6634818313579713,0.28775853267558255
108,ds108_time108_65.h5,0.0031981608248678665,0,7000.0,0.003,2.36907379704038,0.25340230261621977,1107736.8376500441,-0.039935676338552585,-0.47132813477268626,0.1261433779246513,0.9995907552971119,3.2464854720940814,0.0019047619047616313,606.6330437283482,0.6700080264785736,0.2887442589918899
108,ds108_time108_66.h5,0.0031981608248678665,1,7000.0,0.0032500000000000003,2.4102451008107653,0.23918627426569516,1163840.631290888,-0.08442516043329515,-0.4705825798204292,0.12079633041671707,0.9996750435373529,3.4555669494092607,0.0019047619047616313,608.8245718906018,0.6702335584536707,0.28889398609261524
108,ds108_time108_67.h5,0.0031981608248678665,1,7000.0,0.0035000000000000005,2.358673080326121,0.21970372850046838,1100825.6497188038,-0.033374182576947735,-0.4710915172979924,0.12706167705901264,0.9994857238404651,3.3597800105768942,0.0019047619047616313,602.7043034200035,0.6701469738262971,0.28867637111686756
108,ds108_time108_68.h5,0.0031981608248678665,1,7000.0,0.00375,2.505609570514028,0.23453726583538737,3311794.985881686,-0.22860608407882943,-0.4337903709985371,0.2615635822435404,0.999560746054189,4.844116292527324,0.0019047619047616313,690.08164014237,0.6902297874178119,0.29224031583502447
108,ds108_time108_69.h5,0.0031981608248678665,1,7000.0,0.004,2.547430983837834,0.23596186903323313,3403952.0108214677,-0.19745337766062876,-0.4324045701610233,0.25040471629060407,0.9992278954327146,4.594189307056744,0.0019047619047616313,692.0247281806214,0.6905669333293628,0.2912805698455042
108,ds108_time108_70.h5,0.0031981608248678665,1,7000.0,0.00425,2.9069886071494717,0.2086463754589012,11542799.283364395,-0.18172931301256848,-0.37713229310586494,0.4412244309885697,0.9984657735752638,7.119979581175656,0.0,841.5750623933983,0.7245330691342897,0.29596027569727984
108,ds108_time108_71.h5,0.0031981608248678665,1,7000.0,0.0045000000000000005,2.8248215725826618,0.20547541351815846,11522097.943506226,-0.18895937963508325,-0.37847641078412286,0.4462598683630549,0.9976661280512826,7.134815367467493,0.0,852.5316989386484,0.7241322878297073,0.29594573134988356
108,ds108_time108_72.h5,0.0031981608248678665,1,7000.0,0.00475,2.8347326658266434,0.22331149305832887,10660957.348804837,-0.1481121283794761,-0.3788358173510696,0.4507619631639035,0.9968276445302855,7.181669910471507,0.0019047619047616313,839.7341531079593,0.723833467154568,0.2956808667952414
108,ds108_time108_73.h5,0.0031981608248678665,1,7000.0,0.005,3.419222600924971,0.17829093831634485,48704072.896515265,-0.1158474124661459,-0.29752789474382296,0.6396976979873074,0.9957991340547888,12.002075684604522,0.0,1049.4062316665365,0.7623542088178358,0.304445182944857
108,ds108_time108_74.h5,0.0031981608248678665,1,7000.0,0.00525,3.414539166227966,0.1710917494186021,53693159.75358947,-0.12356039321814295,-0.29646134801637936,0.5989030741806988,0.9949951242633015,11.399063218194286,0.0,1056.8750648299012,0.7628283186833367,0.3034397827392727
108,ds108_time108_75.h5,0.004937399494153831,0,7500.0,0.00025,1.9523802578901959,0.09821559833295801,70670.10366473022,2.0139500762005,-0.4846819734527269,0.09468845245921424,0.9994604485549629,2.362165982267567,7.999999999999674e-05,773.7539475456279,0.7277335096119159,0.2589895654792935
108,ds108_time108_76.h5,0.004937399494153831,0,7500.0,0.0005,1.964196904789257,0.0936568239537745,71706.54946128461,2.0562764627803283,-0.4854385505551719,0.09501806850803991,0.999481718843826,2.3356082580275674,7.999999999999674e-05,780.9929351180089,0.7277972920786079,0.25931827725233364
108,ds108_time108_77.h5,0.004937399494153831,0,7500.0,0.00075,1.9431316203534788,0.08138438124620628,75065.23626434016,2.059587648352937,-0.48594224843504724,0.09351231055155464,0.9994819194925441,2.374572719731869,7.999999999999674e-05,779.6557407895793,0.7277860564697985,0.25917333789160346
108,ds108_time108_78.h5,0.004937399494153831,0,7500.0,0.001,1.9388890478121785,0.09083179571748068,71147.52555784651,2.0601824508125466,-0.48447088563674773,0.09319342320606198,0.9994009954377447,2.415952684681362,7.999999999999674e-05,776.499762841494,0.727835466230644,0.2592973214105274
108,ds108_time108_79.h5,0.004937399494153831,0,7500.0,0.00125,1.9501159069745397,-0.07900923485096878,230157.30025180828,0.944907190487725,-0.472490284341892,0.09444490425841601,0.9993255915451275,2.509450025665011,7.999999999999674e-05,667.9150841916193,0.7276496645227779,0.25817359274294055
108,ds108_time108_80.h5,0.004937399494153831,0,7500.0,0.0015,1.9726420482386429,-0.10361186324425664,220648.52809344587,0.9444095793003564,-0.4733308680816337,0.09386494159125972,0.9990324807738532,2.437894099616822,7.999999999999674e-05,664.9561466144766,0.7276489356860781,0.2578042968245369
108,ds108_time108_81.h5,0.004937399494153831,0,7500.0,0.00175,1.9765744563644339,0.12565703516715643,378856.64965311886,0.5497635398086559,-0.46468397952169926,0.09459138466212166,0.9989483639912272,2.3634791639035155,0.00015999999999999348,626.7038810966228,0.7277565549803294,0.2558709288762749
108,ds108_time108_82.h5,0.004937399494153831,0,7500.0,0.002,1.9673037657823575,0.10424723775208666,385311.1797927951,0.5833946727932031,-0.46481638985034807,0.09410293809943128,0.9987277529561015,2.3754471998395035,0.00015999999999999348,624.8660041889317,0.7276268196707579,0.25586711722689104
108,ds108_time108_83.h5,0.004937399494153831,0,7500.0,0.0022500000000000003,1.944719765604942,0.10584217300308163,388351.01395468717,0.5492090676506889,-0.46455704654259944,0.09334529505043354,0.9987284341904413,2.3724169185935766,0.00015999999999999348,627.5872202941862,0.727675820024516,0.2560275256568852
108,ds108_time108_84.h5,0.004937399494153831,0,7500.0,0.0025000000000000005,1.9733160885615892,0.17726938175402163,499947.0243283876,0.3690851503363303,-0.45612101914753245,0.09406571981175292,0.9981665306068792,2.476689170260937,0.00015999999999999348,601.40689707196,0.7276917360680246,0.2551574679573813
108,ds108_time108_85.h5,0.004937399494153831,0,7500.0,0.00275,1.975595091801874,0.1791504257972374,508410.38677808834,0.31067795081665606,-0.4575769674245927,0.09239551277260374,0.9983760018873626,2.413131788242724,0.00015999999999999348,600.8773449541883,0.727818510871288,0.25471647564183164
108,ds108_time108_86.h5,0.004937399494153831,0,7500.0,0.003,1.9932099249198616,0.1865733015200357,498328.80750283774,0.38748779399757954,-0.4576038203718247,0.09469971546317985,0.9986466889363081,2.387036355133821,0.00015999999999999348,602.0322926463399,0.7276764018501196,0.2548894779345976
108,ds108_time108_87.h5,0.004937399494153831,0,7500.0,0.0032500000000000003,1.979287702061086,0.21950730771736837,564091.550531798,0.25978746858159696,-0.4502576145820013,0.09596820240976899,0.9981745831016936,2.472819914161809,0.00015999999999999348,586.995972859562,0.7277456256156487,0.25343715977876974
108,ds108_time108_88.h5,0.004937399494153831,0,7500.0,0.0035000000000000005,2.0012771148364688,0.22444716058044767,568815.7327727496,0.22425976503363348,-0.44964553223360176,0.0935730644489212,0.9980603700792341,2.421451902553707,0.00015999999999999348,586.7975976194724,0.727773736625271,0.25294953312056456
108,ds108_time108_89.h5,0.004937399494153831,0,7500.0,0.00375,1.9670926744690382,0.1884614761999226,573286.9258137105,0.23864899755330943,-0.44988011960713403,0.0930360407142914,0.9977063780295093,2.401120857834233,0.00015999999999999348,584.6505673293021,0.7277796870862003,0.2533653007615776
108,ds108_time108_90.h5,0.004937399494153831,0,7500.0,0.004,1.9894852914519008,0.20890579530072162,848759.4572504347,0.09261058135739221,-0.4430169487274594,0.10116114866136701,0.9975380358937825,2.5966059264231487,0.00015999999999999348,584.5669356373984,0.727919521714463,0.2514157783640679
108,ds108_time108_91.h5,0.004937399494153831,0,7500.0,0.00425,1.9892015094297486,0.254337725024264,832920.7223941886,0.09713743536485629,-0.4431819584365501,0.09759065580201765,0.9974912549471324,2.5096938836542675,0.00015999999999999348,586.8889982701384,0.7277238889331883,0.25166019519186905
108,ds108_time108_92.h5,0.004937399494153831,0,7500.0,0.0045000000000000005,2.028808962141833,0.25458837194722417,1677087.6741905115,-0.008984194646118599,-0.43552044801110523,0.10774571339650377,0.9972574418014029,3.1459819975412375,0.00015999999999999348,602.701052029261,0.7280039837886534,0.2507618401001419
108,ds108_time108_93.h5,0.004937399494153831,0,7500.0,0.00475,1.9937980231757237,0.253598077068796,1529748.3692388753,0.041615883538544354,-0.43423266245220427,0.11779337569830894,0.9972768892902056,3.127494201680281,0.00015999999999999348,602.0093097280426,0.728077423670339,0.250404867976536
108,ds108_time108_94.h5,0.004937399494153831,1,7500.0,0.005,2.01044937491223,0.24776860401726397,1612250.4336127955,0.05224263084121171,-0.43433582948817645,0.11231605809037465,0.9960097224534386,2.904590183838439,0.00015999999999999348,601.361668752665,0.7280159960782548,0.2503205914037528
108,ds108_time108_95.h5,0.004937399494153831,1,7500.0,0.00525,2.013869277448842,0.24427591848179797,3054275.3955715992,0.04009506338669254,-0.4238297639969169,0.1429261473138386,0.9955008078412313,3.473147617607913,0.006159999999999749,623.8106038673224,0.7283465116090186,0.24944377566793977
108,ds108_time108_96.h5,0.004937399494153831,1,7500.0,0.0055,2.006154096813852,0.23176694416668697,2919912.309972485,0.019392621798786626,-0.42376088998146005,0.13969650029198222,0.9959182121728941,3.615608479993317,0.006159999999999749,619.9135570512474,0.7283774212021785,0.24921368475069713
108,ds108_time108_97.h5,0.004937399494153831,1,7500.0,0.00575,1.991912571256388,0.24567281975568056,3018627.680949041,0.004260477168468492,-0.4236469631189671,0.1363120143268346,0.9952670426881949,3.299893692618488,0.006159999999999749,618.7109548732188,0.728318864234359,0.24920689329573162
108,ds108_time108_98.h5,0.004937399494153831,1,7500.0,0.006,2.052615705753053,0.2425209330978474,4443609.254009973,0.07846757654103474,-0.4105913061423628,0.18698311434476436,0.9934108963151097,3.8605816209068626,0.008159999999999668,651.4365073785015,0.7289018133744936,0.24867731242111976
108,ds108_time108_99.h5,0.004937399494153831,1,7500.0,0.00625,2.0482055476945016,0.23716215250012562,4633308.40359596,0.032292160416524766,-0.4106375950545556,0.1880117018079566,0.9936969890080302,4.127744747599118,0.001839999999999925,660.1210398984007,0.7291594530749033,0.24907912110633246
108,ds108_time108_100.h5,0.0018624685670613746,0,8000.0,0.00025,2.2221785944267385,0.11883472189052524,81972.86372659911,1.5251279971062117,-0.5041837514509302,0.12377331283849627,0.999975224162153,2.3655171800965733,0.00016304347826087695,802.720270091609,0.8146938062479885,0.26846274353073707
108,ds108_time108_101.h5,0.0018624685670613746,0,8000.0,0.0005,2.2395077306385005,0.10273874535840277,82451.27321215387,1.5881481109588922,-0.5047389852287172,0.1279962397332486,0.9999730665448371,2.404098149117045,0.00016304347826087695,808.7088673604883,0.8147068802252728,0.26845914371711876
108,ds108_time108_102.h5,0.0018624685670613746,0,8000.0,0.00075,2.2445001954827375,0.09566907352904419,81803.02241413933,1.5548547338695642,-0.5039203579277314,0.12356252618203102,0.9999670563236122,2.419839359876939,0.00016304347826087695,803.6769064221648,0.8144481412332409,0.26776903331241814
108,ds108_time108_103.h5,0.0018624685670613746,0,8000.0,0.001,2.230321304163367,0.06733110546955734,83366.68305366786,1.5715744711181183,-0.5036786345472961,0.12215613582607797,0.9999517171730554,2.4071036326855877,0.00016304347826087695,796.6805131992595,0.8145152711249971,0.26829483902228546
108,ds108_time108_104.h5,0.0018624685670613746,0,8000.0,0.00125,2.286262523160507,0.00905906305455595,302486.5117344458,0.47462449896743375,-0.48829233613091105,0.1285137502529036,0.9999667284853014,2.72417418210032,0.00016304347826087695,702.8083670276698,0.8139227885517786,0.26606737082049575
108,ds108_time108_105.h5,0.0018624685670613746,0,8000.0,0.0015,2.334947270562569,0.0450777220386509,298957.0893599185,0.5002001344657637,-0.4889104581487845,0.1269935273343377,0.9999569003707565,2.668598510906506,0.00016304347826087695,705.7011465622185,0.8141729197779872,0.2656818670888978
108,ds108_time108_106.h5,0.0018624685670613746,0,8000.0,0.00175,2.297206672662146,0.01961082984530438,289906.7500581092,0.43349573163367183,-0.4880905890251971,0.12230330032439844,0.999960249929385,2.7621268913402934,0.00016304347826087695,703.2592501805193,0.8142369462702387,0.26549710682979166
108,ds108_time108_107.h5,0.0018624685670613746,1,8000.0,0.002,2.4675972447629366,0.050471280927764095,1102642.887647969,-0.4483596943142574,-0.45762162365498715,0.20754908071792053,0.9999469692315242,3.5171765497338026,0.003913043478261047,697.625193789714,0.8047592783556118,0.277867652805479
108,ds108_time108_108.h5,0.0018624685670613746,1,8000.0,0.0022500000000000003,2.5253335351177455,0.014841062643398795,1176983.8238746081,-0.43195401213710255,-0.45888807060566167,0.21010464047017324,0.999929369524107,3.4386120725019693,0.003913043478261047,704.9536099577066,0.805014745470089,0.278474508017272
108,ds108_time108_109.h5,0.0011041969292347636,0,8500.0,0.00025,2.685482212066547,0.09942791515822913,134277.92888647108,1.6075162775027743,-0.47987364535338595,0.15005461989071514,0.9999963644232311,2.561196314973327,8.021390374331194e-05,865.0404070506936,0.8638798476447893,0.2558035422416505
108,ds108_time108_110.h5,0.0011041969292347636,0,8500.0,0.0005,2.694665161387528,0.10432799808868864,131664.35270723706,1.6258423784035572,-0.4793626248712198,0.15450808331354335,0.9999921336469915,2.6325635791780484,8.021390374331194e-05,866.0920198631927,0.8641705499512629,0.25572329578631875
108,ds108_time108_111.h5,0.0011041969292347636,0,8500.0,0.00075,2.680492570121573,0.1022024528334522,133453.87992634528,1.6099419863869475,-0.47989609398390715,0.15148543643037912,0.9999909737260433,2.5871528673641038,8.021390374331194e-05,864.9461731284041,0.8641292030750543,0.2560100445714836
108,ds108_time108_112.h5,0.0011041969292347636,0,8500.0,0.001,2.6629753777144978,0.11055542426772869,132892.3202954289,1.599255952909025,-0.4802988299925707,0.152126189354167,0.9999930875641724,2.5829426221446017,8.021390374331194e-05,868.4859906980208,0.8638901939833386,0.2566061719368616
108,ds108_time108_113.h5,0.0011041969292347636,1,8500.0,0.00125,3.081560255677804,-0.256206063617586,2301965.3440544484,-1.4469758505547372,-0.38130669139857515,0.5469497022505723,0.9983419200138232,4.386191915146902,0.0018449197860961747,889.6108291469375,0.7696282038801849,0.2704048549576862
108,ds108_time108_114.h5,0.0011041969292347636,1,8500.0,0.0015,2.9952332812703326,-0.2646600569539239,2304399.9986297498,-1.3752845641394553,-0.3794111164881994,0.5279390751319348,0.9993378727300637,4.371641070362603,0.0018449197860961747,890.0648162984429,0.7697325584927978,0.269711813464939
108,ds108_time108_115.h5,0.0007931771582934651,0,9000.0,0.00025,2.9467363760591048,0.08619476429837492,113673.42985030236,0.5935149316236712,-0.5225744566386921,0.21887709030793337,0.9999974840710067,2.5764755996783277,0.0018253968253965636,879.8625150601501,0.8640807585818914,0.32487263743825084
108,ds108_time108_116.h5,0.0007931771582934651,0,9000.0,0.0005,2.966990158078705,0.095079627824453,116219.44749307938,0.6271357219929616,-0.5213350486936664,0.2127386636896404,0.9999977348932083,2.563118226208159,0.00015873015873013596,890.8927294453889,0.8638047904337829,0.3222463227009637
108,ds108_time108_117.h5,0.0006345997273250301,0,9500.0,0.00025,3.152714793968074,-0.14771796591941078,620219.724588543,-0.9666682443962306,-0.43303759465168573,0.5524239076828902,0.9967944811492153,4.394627566564216,0.0,1026.960118447056,0.7527318699333861,0.2580079788325832
108,ds108_time108_118.h5,0.0006345997273250301,0,9500.0,0.0005,3.0529951139174614,-0.11946559330154605,624790.2329474359,-0.9328002827063299,-0.4348199842477642,0.5644283756175985,0.9968649176675128,4.091525600859798,0.0,1032.1634020661013,0.7531343693106727,0.2578652132652273
108,ds108_time108_119.h5,0.000543977863542572,0,10000.0,0.00025,2.813736989113638,-0.16626049662531883,1165264.5621251583,-0.5141832737913045,-0.3762885272058529,0.816851324499121,0.9981882178097529,5.5594108356906355,0.0,1141.7348625130735,0.7490229143316229,0.2328471606857036
108,ds108_time108_120.h5,0.000543977863542572,0,10000.0,0.0005,2.769347716473283,-0.17977424226555716,1132713.442331729,-0.5103496443989816,-0.3761797021494605,0.8188772237847727,0.9965425772573622,5.186747525106106,0.0,1138.7714696185444,0.7487345772184486,0.23427667572612357
108,ds108_time108_121.h5,0.0004889360156551669,0,10500.0,0.00025,2.5811572101168547,-0.2886440628860606,2399219.760960127,-0.5467296236145048,-0.4121804335580301,1.194485265664869,0.9950665553578641,6.675455945913789,0.0,1180.864430729535,0.7507837247616029,0.24730220907827707
108,ds108_time108_122.h5,0.0004889360156551669,1,10500.0,0.0005,2.5837242395225215,-0.24378282096933457,2435391.7014794513,-0.4942841771879318,-0.4146226767968378,1.178686503559247,0.9962163242594979,6.790997497465641,0.0,1178.2445599803675,0.7507651820072063,0.24639862646201707
108,ds108_time108_123.h5,0.0004547110578839782,0,11000.0,0.00025,2.3623405039934147,-0.3095023821902526,2555845.2402004963,-0.1895160424732314,-0.398771228790727,1.1980046558049229,0.9964157810763609,5.824687735971253,0.0,1208.1385403864408,0.7662348117797853,0.23065747912015475
108,ds108_time108_124.h5,0.0004547110578839782,1,11000.0,0.0005,2.4212700190323937,-0.3083995830125139,2504425.752391844,-0.2052850267482541,-0.40014886052048143,1.1868006567462843,0.9953112390918712,5.768989032244372,0.0,1226.369307290572,0.7658233509761458,0.23047568655221576
108,ds108_time108_125.h5,0.00043373540586666057,0,11500.0,0.00025,2.5438627892252543,-0.34192775328313474,3373606.7548099123,-0.12338552817648989,-0.3768714031204948,1.281808046374819,0.9970352881226826,5.879488518472513,0.0,1250.5034222290378,0.7894054242391838,0.20812318907662944
108,ds108_time108_126.h5,0.00043373540586666057,1,11500.0,0.0005,2.49058257133606,-0.31442717783398566,3359026.9687103517,-0.10137585137467914,-0.3744907233160395,1.350371394701659,0.9972052606311155,5.932553986199043,0.0,1262.942211065338,0.7897312262678584,0.20808891665901127
108,ds108_time108_127.h5,0.00042177690808828887,0,12000.0,0.00025,2.575050031539774,-0.18673933550889543,2297435.8899022713,-0.2010864104458502,-0.36806225864130104,1.7196784174511666,0.9966945564967019,6.001261858731705,0.0,1294.695337075235,0.7462790185505158,0.21342124577130558
108,ds108_time108_128.h5,0.00042177690808828887,1,12000.0,0.0005,2.621839563396701,-0.19958260854326104,2216901.910706943,-0.314768757283232,-0.3664822842172605,1.6794810018435298,0.9966726383540737,6.059325732218656,0.0,1274.418749030897,0.746128880048724,0.21344202174748464
109,ds109_time109_1.h5,0.001987612323378857,0,2000.0,0.001,2.8413754636032995,0.33281274901318325,27730.693181177605,0.011168649203759724,-0.46888447628330565,0.7721087774971057,0.7683132822637421,2.430726289992106,0.0004804270462634985,344.02241988119226,0.7132044724160869,0.25369139199090723
109,ds109_time109_2.h5,0.001987612323378857,1,2000.0,0.002,2.5166612553529224,0.3262861514035247,137647.56257908698,-0.010813835712663885,-0.45270306963422996,0.20943099308617064,0.993723157074472,2.4907912568002057,0.0005871886120998315,369.5728000443046,0.7600053049714518,0.3585729102778401
109,ds109_time109_3.h5,0.001987612323378857,1,2000.0,0.003,2.356203147305513,0.22123679429030885,1489866.9134940652,0.1328430884090927,-0.37982274055252185,0.1424684788797288,0.9993657863953932,4.011482908733512,0.0006138790035589148,923.3705540641339,0.7644720289626618,0.22981292060472036
109,ds109_time109_4.h5,0.0036248637433297618,0,2500.0,0.001,2.456841802611108,0.32704840422063275,23087.619413650405,-0.00933773214189801,-0.47145798370580017,0.549293548332783,0.9125258666811341,2.415577425092076,0.00037333333333325336,384.7597774133867,0.7277298343718922,0.2063062664639681
109,ds109_time109_5.h5,0.0036248637433297618,0,2500.0,0.002,3.1126398066324352,0.33359720828674255,90026.92673052519,0.010508049922938564,-0.45834831204760895,1.3423202208560143,0.011930071998421336,2.3652680630930667,0.0004533333333332362,366.75837200002354,0.7209278496694197,0.27241803905708584
109,ds109_time109_6.h5,0.0036248637433297618,0,2500.0,0.003,3.027454366229845,0.3347250646768526,205145.68136620292,0.0017225819237145655,-0.4472613066845186,1.5169697079644977,0.49990109154260814,2.337026709256299,0.0005066666666665581,365.26081981402393,0.7495991973792424,0.26586114817779105
109,ds109_time109_7.h5,0.0036248637433297618,1,2500.0,0.004,2.176893523205593,0.3212353468962661,519387.5266023046,-0.03549336899506393,-0.42598239266768645,0.15152484824785123,0.9985352011624204,2.7161260034784456,0.000586666666666541,491.6616436746984,0.7802417264994327,0.32953863922234733
109,ds109_time109_8.h5,0.0036248637433297618,1,2500.0,0.005,2.195912055943753,0.2709443263908038,2494411.0728055285,-0.09985323312837473,-0.36714960385125556,0.1669569250835325,0.9994431463919244,3.9561749366784023,0.000586666666666541,968.4137990122283,0.7791098240541119,0.2363871167811195
109,ds109_time109_9.h5,0.001596250047459935,0,3000.0,0.001,2.889131910993093,0.32425980938826193,20259.700956185196,0.00919645907526941,-0.46917344032656627,0.4074933658180612,0.9628964659170893,2.3379008692749683,0.00031914893617018825,428.41514055989575,0.7284129268703924,0.23803895919827617
109,ds109_time109_10.h5,0.001596250047459935,1,3000.0,0.002,2.356544889652528,0.2688318442140132,214261.37539405678,-0.04812671138364916,-0.41855376915175313,0.1731230949051893,0.9990567787718524,3.351237776848352,0.00462765957446773,724.0701958217572,0.7468247210685269,0.25289952186489956
109,ds109_time109_11.h5,0.001596250047459935,1,3000.0,0.003,2.29459667198671,0.21135421923767783,2948251.591398682,-0.04540670632883748,-0.3333072743655562,0.2733215603210196,0.9987706118908408,5.782100047573035,0.00462765957446773,1462.38214492634,0.7502623890447239,0.2302661759615032
109,ds109_time109_12.h5,0.0017074095829541693,0,3500.0,0.001,2.843003548528518,0.3327641037536619,15545.83287461051,0.04507936556580676,-0.47002026255540363,0.36260461189932897,0.9770559773290203,2.4288995920166077,0.0002928127772849898,470.2205067707373,0.7433499868563377,0.23348931597832692
109,ds109_time109_13.h5,0.0017074095829541693,1,3500.0,0.002,2.2462039741937896,0.27990295351763694,128172.47124847234,-0.06271644596665628,-0.4348124618879008,0.15868183906627426,0.9987217172811399,2.9092433234282935,0.003966282165042134,631.6268022224748,0.7505762720573593,0.2728479232378459
109,ds109_time109_14.h5,0.0017074095829541693,1,3500.0,0.003,2.2067757768484557,0.20478407812602129,1438932.1415644407,0.20989814603329257,-0.3628183786552234,0.22047003387607617,0.9992224476732859,4.476407455573428,0.00393966282165259,1217.5429111113137,0.7558697495390239,0.22937811836366995
109,ds109_time109_15.h5,0.001619033178822714,0,4000.0,0.001,2.845560118729115,0.3220750028887551,14626.81216326025,0.05373713801351282,-0.47378534224189695,0.34664427493005384,0.976957828253236,2.372669633006518,0.00023936170212764118,512.0942235849272,0.7791661491965065,0.2331554880818298
109,ds109_time109_16.h5,0.001619033178822714,1,4000.0,0.002,2.2599586707295325,0.2746249183104553,127050.37526235273,-0.14533443390536255,-0.43075943568223424,0.19286721767000728,0.9988794979536559,3.178427177220999,0.003962765957446504,729.1951856423719,0.7396102730441418,0.26352024073767705
109,ds109_time109_17.h5,0.001619033178822714,1,4000.0,0.003,2.2434901037028094,0.16455874980547325,1874457.3780088557,0.09942950274472274,-0.3470296124294715,0.26301643773440864,0.9983754631941167,5.085522350868017,0.0033510638297869766,1420.8878245928026,0.7435754165121083,0.22927242530124295
109,ds109_time109_18.h5,0.005816472423441785,0,4500.0,0.001,2.2383313197579175,0.31794857132514,12685.8247111059,0.08846002686386022,-0.4705062440231651,0.3314353602773176,0.9775339487239546,2.304856563643598,0.00021333333333339866,550.485875189967,0.7310290817663848,0.12315710285641666
109,ds109_time109_19.h5,0.005816472423441785,0,4500.0,0.002,2.360287408842524,0.3290408821215001,48198.52691624677,0.012446368778346156,-0.45776506110625836,0.3286291516437542,0.9507351205612337,2.3673276037949385,0.0002400000000000735,519.3442122926103,0.7232511161474973,0.16997861976461437
109,ds109_time109_20.h5,0.005816472423441785,0,4500.0,0.003,2.9982491159357374,0.32226201728088233,116410.26600720789,0.008776171641146852,-0.44484596026840134,0.6937525281708679,0.5077893742645491,2.384533024229672,0.0002666666666667483,502.2980191287527,0.6967091778480473,0.2659499714641931
109,ds109_time109_21.h5,0.005816472423441785,0,4500.0,0.004,2.9645671626003356,0.32108973346187974,199779.8250697056,0.013771638330243714,-0.43501127433471154,1.1737927647691855,0.5728808593616265,2.3247519257373064,0.00029333333333342315,501.1787416275028,0.7289553314268586,0.26951196429375673
109,ds109_time109_22.h5,0.005816472423441785,0,4500.0,0.005,2.9202098073917955,0.3369505737588652,312512.96587350534,0.009519111449978789,-0.42639076241191615,1.3817208929969944,0.7487504595663561,2.286048431880689,0.000320000000000098,508.84120168637884,0.7345886138169971,0.25223975677871885
109,ds109_time109_23.h5,0.005816472423441785,1,4500.0,0.006,2.4312068810461236,0.3309468683407531,429363.19807174243,0.01730380206496124,-0.41832912091108926,0.4035312993406332,0.9863192547866616,2.3308550028328465,0.003653333333334452,525.7175398611331,0.7924450847356054,0.3007313130505454
109,ds109_time109_24.h5,0.005816472423441785,1,4500.0,0.007,2.0723315325502702,0.27726762824550877,1249324.7254997254,-0.09753478385278928,-0.38294239918582174,0.17813261515451856,0.9992546290620162,3.1021857559384873,0.006320000000001935,850.138565201463,0.7980572962259717,0.27522818627183404
109,ds109_time109_25.h5,0.001620027856735028,0,5000.0,0.001,2.839077757366702,0.31963840563720824,14272.296770945351,0.07351121160583204,-0.46958128656581816,0.3206405898150401,0.9910737440894682,2.373429372387038,0.0001858407079644575,591.9228980571137,0.7290218116001788,0.23026138504965682
109,ds109_time109_26.h5,0.001620027856735028,1,5000.0,0.002,2.1943096591475904,0.28472084296818656,94670.06464665971,-0.09507733099406111,-0.43251326893299225,0.21701339893454308,0.9987304915561771,2.9591094084721665,0.003238938053094831,770.9919106268753,0.7444425911571123,0.27438479154845724
109,ds109_time109_27.h5,0.001620027856735028,1,5000.0,0.003,2.182397835642923,0.207927500635382,1376531.267720213,0.14408668270077193,-0.3520048575191917,0.3000261970866785,0.9986608194336345,5.054855754875283,0.003238938053094831,1422.8397179796061,0.7497390580246134,0.23103872663051386
109,ds109_time109_28.h5,0.005044535126787803,0,5500.0,0.001,2.129579103325864,0.3112834026919753,12118.909414903874,0.1406230454394953,-0.47544107556397514,0.34144928988711826,0.9932865897581398,2.355730900841388,0.0001871657754010693,631.3775968917007,0.7136241925505514,0.131715154828482
109,ds109_time109_29.h5,0.005044535126787803,0,5500.0,0.002,2.0372327040431957,0.3291047397885188,44374.1148819192,0.017941290490825438,-0.46243570403998796,0.2701371263719282,0.9913020305817,2.345757148397839,0.00021390374331550777,591.8820829545949,0.7074863982317767,0.15975855640717337
109,ds109_time109_30.h5,0.005044535126787803,0,5500.0,0.003,2.0941756295441016,0.32140624014107955,99845.28916803823,0.0171548861205359,-0.45088215490108335,0.43176918703232875,0.9681597247747438,2.375002392572192,0.00024064171122994624,573.8109814101682,0.6998231504063488,0.21686870281504705
109,ds109_time109_31.h5,0.005044535126787803,0,5500.0,0.004,3.089582275466558,0.32486663756999207,163388.92481335526,0.03617971675696926,-0.44035091085159384,0.8425440996329749,0.5573086771231649,2.3979263685103622,0.00024064171122994624,566.255677849962,0.6631672934394678,0.2742627113384123
109,ds109_time109_32.h5,0.005044535126787803,0,5500.0,0.005,2.4959903542801007,0.32414472596506316,271500.5205153955,-0.04025526740085955,-0.4309734448511773,0.42251205985473117,0.9826821516460958,2.3866013721807677,0.0024866310160427778,585.598749162228,0.7846835245326788,0.2962427136305551
109,ds109_time109_33.h5,0.005044535126787803,1,5500.0,0.006,2.201223925181476,0.2842186656241006,666928.6794770092,-0.12985403908358747,-0.40222009315979984,0.20587664537669176,0.9992772134262213,2.9909911733985832,0.005668449197860956,819.9705103391344,0.79482398859127,0.3105853434296173
109,ds109_time109_34.h5,0.0020048844645552946,0,6000.0,0.001,2.6883651863880913,0.3076246053487397,10133.633283161727,0.19057636991857263,-0.46653691171219436,0.3502631789528069,0.994887542846018,2.44113276760375,0.00015957446808509412,688.1005528779154,0.7878776397385048,0.19575542507289498
109,ds109_time109_35.h5,0.0020048844645552946,0,6000.0,0.002,3.0046911804347474,0.324072546813966,44971.08250517305,0.03610741832891024,-0.45118650811534394,0.23508521965735446,0.9558063064197843,2.357172430800553,0.00018617021276594314,643.4676247736204,0.7499882225337804,0.2720789575647555
109,ds109_time109_36.h5,0.0020048844645552946,1,6000.0,0.003,2.1858400136914033,0.19256387712416134,628459.143255579,-0.18003121719839893,-0.3636185076734351,0.30740991709573756,0.9984697084562622,4.298630407914602,0.00734042553191433,1226.117271238549,0.7353947011913072,0.24148275331403932
109,ds109_time109_37.h5,0.0017114840878584383,0,6500.0,0.001,2.648796372882964,0.3152523562055114,10756.332931295914,0.22077989111811186,-0.47768558903113506,0.3595233924522184,0.996871391467734,2.345025596709987,0.00015915119363393848,722.613782939444,0.7739936394432521,0.2475314066135798
109,ds109_time109_38.h5,0.0017114840878584383,1,6500.0,0.002,2.199014306098691,0.2865874058748842,59057.07238014969,-0.09859737411182738,-0.4495719030455447,0.2512599283249726,0.9981738792521392,2.6855772516428016,0.007135278514588243,798.4015503288725,0.7456873959576686,0.3119745960670812
109,ds109_time109_39.h5,0.0017114840878584383,1,6500.0,0.003,2.1041104476743735,0.18452813126224354,577192.454872693,0.10512279922615214,-0.38680257970830056,0.26721829455248686,0.9990051639185644,4.155475186188873,0.007135278514588243,1276.9712164712014,0.7501203195553761,0.22479003825344396
109,ds109_time109_40.h5,0.003607956124597824,0,7000.0,0.001,2.6707623457583676,0.30293131695723796,10530.890677630203,0.23409785162341903,-0.470694924544362,0.13468019996201658,0.9948732841382765,2.316635643298123,0.0001339285714285765,756.1547515378752,0.716636622894462,0.22819318885896764
109,ds109_time109_41.h5,0.003607956124597824,0,7000.0,0.002,2.828035135284152,0.31644306185782767,34785.361534766475,0.04723624295723732,-0.4591475349202476,0.44808903686750234,0.9939030471559365,2.348691039321917,0.0001607142857142918,718.3976446684823,0.7023276650658359,0.23889495349157586
109,ds109_time109_42.h5,0.003607956124597824,0,7000.0,0.003,2.9192764906733872,0.32395189034906957,78439.33634067846,0.04957174341009864,-0.4469074659988509,0.5716548895972842,0.9860411319452398,2.3390839437389594,0.0001875000000000071,686.8927374356682,0.6896685006326707,0.256454689518102
109,ds109_time109_43.h5,0.003607956124597824,1,7000.0,0.004,2.187203756492468,0.30326383429783765,214948.39162193518,-0.14838004715016395,-0.42169498017250767,0.26519548733454656,0.9990394297273116,2.6331439178416574,0.001955357142857217,804.2223545184227,0.7825267675351585,0.3409064057985966
109,ds109_time109_44.h5,0.003607956124597824,1,7000.0,0.005,2.095501776872531,0.25752604175278293,758935.9182519161,-0.15924710155514296,-0.3734597592205668,0.2615470133099437,0.9994623589267622,3.7361267013120614,0.001955357142857217,1133.729634236134,0.7826921408020918,0.23383451542590236
109,ds109_time109_45.h5,0.009226579341656238,0,7500.0,0.001,1.992946539145897,0.2837968732412026,9403.405439285658,0.31008851788390784,-0.48005062656123165,0.41144265451709267,0.9960994862654169,2.337160925132628,0.00013333333333337416,807.7146955858245,0.7304511752045754,0.17543133691497212
109,ds109_time109_46.h5,0.009226579341656238,0,7500.0,0.002,2.0127953076692657,0.3144544252957102,38397.88768509947,0.06813789268380865,-0.4645862227486575,0.27552270293080855,0.9945381232963231,2.2898041203058805,0.000160000000000049,742.666825159682,0.7284089391178756,0.1788225989624315
109,ds109_time109_47.h5,0.009226579341656238,0,7500.0,0.003,2.0306993103015882,0.3293379723698582,79504.69319142483,0.06254564529573593,-0.4538625699461609,0.2616243438119314,0.9900079963907215,2.318144457523662,0.000160000000000049,726.6079137994468,0.7267331358800458,0.18698069522935767
109,ds109_time109_48.h5,0.009226579341656238,0,7500.0,0.004,2.00521807167681,0.32016127053397325,133719.73558377777,0.05205136949894358,-0.44477210991351,0.34457757794931637,0.9779319358956265,2.475643645154975,0.00018666666666672382,713.8787402287815,0.7235653232018593,0.20752583251748005
109,ds109_time109_49.h5,0.009226579341656238,0,7500.0,0.005,2.5392271817529903,0.3213583962739477,184139.4118565707,0.025774775466813827,-0.4350210702650161,0.4362364554587997,0.8169790554556966,2.3098957935019686,0.00018666666666672382,703.6442923169321,0.7037584056470378,0.2680617873796506
109,ds109_time109_50.h5,0.009226579341656238,0,7500.0,0.006,3.223885885932543,0.3295290100975047,242063.31121712807,0.024162521792510404,-0.42814923410066896,0.4951842445408095,0.3645107282412461,2.255495596873719,0.00018666666666672382,706.0814386500076,0.6567704259693837,0.2783556790312612
109,ds109_time109_51.h5,0.009226579341656238,0,7500.0,0.007,2.7141795027125175,0.31868462197581293,313494.2310021645,-0.0114398216790497,-0.42237634394433465,0.4798510910423575,0.8813678669686891,2.1630199941905865,0.00018666666666672382,716.8304283850678,0.7224052464870445,0.2584714689985683
109,ds109_time109_52.h5,0.009226579341656238,0,7500.0,0.008,2.732441244500829,0.3458239565787591,397861.26927185827,0.004985871542927765,-0.4156074464664398,0.5220054802944766,0.9319179050270073,2.0578497899456134,0.00018666666666672382,746.5020081144208,0.7270623481526306,0.23455250020017945
109,ds109_time109_53.h5,0.009226579341656238,0,7500.0,0.009000000000000001,2.8666239004983827,0.3133360466401765,487610.14293663565,0.02195169418260337,-0.411429281496659,0.4950102220069529,0.9329038983162039,2.10449720225574,0.00018666666666672382,771.4123438921772,0.736175369120554,0.2416389160907713
109,ds109_time109_54.h5,0.009226579341656238,1,7500.0,0.010000000000000002,2.2929450024337608,0.29724450731501706,831404.2838408477,-0.04071269574785794,-0.3971952736765341,0.2141603930860532,0.9992535586367222,2.3362404447885887,0.0018400000000005634,986.7367818944011,0.8111415914044079,0.37237463804305887
109,ds109_time109_55.h5,0.002544747338926817,0,8000.0,0.001,2.646189677410696,0.28058293678916935,10659.687199032089,0.3422934958041866,-0.46470294518602584,0.40025703876741286,0.9976202106606055,2.356737018873946,0.0001071428571428612,845.0399479307093,0.8066300618525852,0.22248795480314484
109,ds109_time109_56.h5,0.002544747338926817,0,8000.0,0.002,2.988848508847042,0.3163165553360291,33117.69364191468,0.13814487326476482,-0.4517393055748131,0.2654469148212094,0.9968795644260259,2.3502705685233756,0.0001339285714285765,792.1419616014124,0.7955157999137624,0.23856251494926103
109,ds109_time109_57.h5,0.002544747338926817,1,8000.0,0.003,2.2638411279868067,0.2840678242065544,101564.10452794886,-0.15753460585559728,-0.42657253753394425,0.2994792941297339,0.9984903274278377,2.7729153384231604,0.0020089285714286476,861.2871614866385,0.736865799668129,0.32554216331948466
109,ds109_time109_58.h5,0.002544747338926817,1,8000.0,0.004,2.1591089554549936,0.1715301922261807,1269859.5819521132,-0.149204062949835,-0.3379196636159827,0.41957236332307946,0.9981883409925735,4.701867417134767,0.003937500000000149,1469.9566754603243,0.7392497024954348,0.24032280107695458
109,ds109_time109_59.h5,0.0016452185374411722,0,8500.0,0.001,2.8794293413802965,0.27319348826566625,11424.132400726683,0.34882812077637115,-0.4558620755172761,0.41206684466137106,0.9981136120686795,2.4487648310960184,0.00010695187165776776,882.9574505010586,0.8586643764051132,0.2556827992546123
109,ds109_time109_60.h5,0.0016452185374411722,1,8500.0,0.002,2.2454552938670047,0.23439399047809384,88397.13957314428,-0.2527779265821848,-0.41149043417786757,0.3749604970646759,0.9986938187625497,3.0562353659295165,0.0019251336898398197,1043.0485423199827,0.7439066129147328,0.27236532095786126
109,ds109_time109_61.h5,0.0016452185374411722,1,8500.0,0.003,2.111458832514221,0.16754974390397726,679785.9538920913,-0.17975853392485158,-0.3414598911994518,0.43490973412969597,0.9984962933422508,4.770834322605179,0.0019251336898398197,1534.5479326763373,0.7467632934242229,0.22794948629432912
109,ds109_time109_62.h5,0.0016494019833203756,0,9000.0,0.001,2.9355010934804766,0.28422822566307837,11914.931145957118,0.3244748771097922,-0.4798998014058751,0.3912863183710153,0.9981529231994386,2.3035158929779653,0.00010582010582010914,917.4136906445854,0.845879314635184,0.2674874293877078
109,ds109_time109_63.h5,0.0016494019833203756,1,9000.0,0.002,2.2020709480361527,0.2553545651617144,46565.399855788855,-0.12723374360071088,-0.45516796336782933,0.34759190066861045,0.9985221998726387,2.7541698680080486,0.006560846560846767,977.2845013580326,0.7415448069669657,0.3174265548206527
109,ds109_time109_64.h5,0.0016494019833203756,1,9000.0,0.003,2.096982326014316,0.142063988287227,618312.1833431278,0.07652478952685862,-0.3822454428085213,0.3925745841662063,0.9987853644806144,4.129042120309727,0.008465608465608732,1493.4013280726151,0.745938337244516,0.22920954252507128
109,ds109_time109_65.h5,0.002204689797522717,0,9500.0,0.001,3.055128148425682,0.23666591382635316,9258.776874544455,0.5309861386452953,-0.47551317310733066,0.4059629603691125,0.9985910903893097,2.3549623971466387,0.00010704727921498348,986.6225508687752,0.8520256107071076,0.25828406823780087
109,ds109_time109_66.h5,0.002204689797522717,0,9500.0,0.002,3.085806755061121,0.305343043800707,30792.406496694355,0.1360444925563327,-0.45895477726665496,0.2593383283525922,0.8803949253664004,2.3725771009836625,0.00010704727921498348,898.194425194603,0.770347001579268,0.2771721959755508
109,ds109_time109_67.h5,0.002204689797522717,1,9500.0,0.003,2.14716530075884,0.23879987546539305,164254.76003075845,-0.30728608207136576,-0.41340710958878363,0.3338882480127808,0.9988817340248499,3.2723203934071603,0.004576271186440543,1140.7551369752875,0.7628393489916773,0.26775009071750694
109,ds109_time109_68.h5,0.002204689797522717,1,9500.0,0.004,2.1235840630865312,0.1544804833388005,1372449.0561797642,-0.5310586631955414,-0.3487394738739529,0.3737924021044546,0.9983516489020198,5.085457466175368,0.004576271186440543,1555.3610399812026,0.7616457157192829,0.1821258695421367
109,ds109_time109_69.h5,0.0036019164960134856,0,10000.0,0.001,2.67096987036681,0.23510656064952862,13176.232347002931,0.5715519058058952,-0.4749530792123645,0.08303267338128,0.9906534981193859,2.3482095002408307,0.0001071428571428612,1024.0865307674433,0.7900815359454681,0.23853551845866516
109,ds109_time109_70.h5,0.0036019164960134856,0,10000.0,0.002,2.9089230412693814,0.3037639552937942,25699.82461269525,0.20790298524449918,-0.4623839422801503,0.22703220095418525,0.9844577888247377,2.4307701182804298,0.0001071428571428612,946.1400015103121,0.7432738514693091,0.2453901506218621
109,ds109_time109_71.h5,0.0036019164960134856,0,10000.0,0.003,3.1072579880990387,0.3107758289113238,63808.010779711,0.06833861090537106,-0.4474013387361404,0.24818639078386293,0.9808034284831842,2.2865811509858176,0.0001339285714285765,903.7189035350939,0.688418391083433,0.26052112808777916
109,ds109_time109_72.h5,0.0036019164960134856,1,10000.0,0.004,2.1506766647035738,0.29826811690768606,128737.53928200592,-0.11646205605337544,-0.4273303353757417,0.29789264058064546,0.9985381817254909,2.5456647470299334,0.001339285714285765,967.3208655850603,0.7795408863800736,0.38443343599407287
109,ds109_time109_73.h5,0.0036019164960134856,1,10000.0,0.005,2.116784599641428,0.23584883570174808,560201.0298362367,-0.24423181081775222,-0.3784002213933521,0.3595437588310311,0.9991499618760852,3.6632534851098555,0.0031607142857144055,1266.6712353138892,0.7818576107541801,0.26069533374828646
109,ds109_time109_74.h5,0.006407824009646471,0,10500.0,0.001,2.379266662604861,0.24288010958342743,10109.295096179494,0.5355483839006316,-0.4843843120028134,0.3347870258497971,0.9909303090210919,2.3208338321728994,0.00010582010582010914,1050.6409229800704,0.7145586062809471,0.18956843720205324
109,ds109_time109_75.h5,0.006407824009646471,0,10500.0,0.002,2.7146369453755734,0.3029153383801434,25019.975473309354,0.15608513194026566,-0.4709889069153648,0.2360266021172936,0.9912753710028713,2.3454366140170895,0.00010582010582010914,973.2825929412109,0.6876266958082229,0.19870719939778222
109,ds109_time109_76.h5,0.006407824009646471,0,10500.0,0.003,2.8825887832678285,0.3116615720156064,53826.772564395884,0.09559136138935848,-0.4596468849403598,0.1616694995285108,0.9908972299401021,2.4158808985276914,0.00013227513227513643,941.2704594515179,0.6550650375733178,0.21052420846697997
109,ds109_time109_77.h5,0.006407824009646471,0,10500.0,0.004,3.0961624352866592,0.310755033345006,110679.12212627026,0.052630797948890654,-0.44694055454069775,0.10097254971350147,0.9862357095236204,2.3653139181601897,0.00013227513227513643,925.5360348037011,0.6180922455746858,0.2318185650614532
109,ds109_time109_78.h5,0.006407824009646471,0,10500.0,0.005,3.2785372230662215,0.3161044284853024,159020.5125916764,0.027082812885465282,-0.43901422836004694,0.09838486837825584,0.9762667693774016,2.2807869650860013,0.00013227513227513643,923.0506115209979,0.6051696547226935,0.2524482502438718
109,ds109_time109_79.h5,0.006407824009646471,0,10500.0,0.006,3.222069289693896,0.3243550699562674,208084.51281227393,0.0073350164840172444,-0.43158228713620045,0.12654210609519667,0.9991587456245112,2.244681776226145,0.00013227513227513643,932.729378149084,0.6367795309062576,0.2772073692917364
109,ds109_time109_80.h5,0.006407824009646471,1,10500.0,0.007,2.1462450512888402,0.30402850686563243,369579.6248815778,-0.1365271987955195,-0.4117378876381788,0.27489981420402637,0.9992318173513091,2.5941779476940785,0.001296296296296337,1075.3425296923433,0.790766253517672,0.35092902215764576
109,ds109_time109_81.h5,0.006407824009646471,1,10500.0,0.008,2.1176169760467576,0.27950434841877014,902944.4149568339,-0.14391639979616389,-0.3794172680193243,0.2817496969672581,0.9993550380872314,3.1228074842919926,0.001296296296296337,1338.1863908810747,0.7908910983319606,0.2552274308640034
109,ds109_time109_82.h5,0.010871301207132257,0,11000.0,0.001,2.1857031904007203,0.21483470386595593,10702.285246819927,0.528943223110217,-0.4843599233416257,0.2892086464599741,0.9934313013053677,2.3368549345671332,0.00010695187165776776,1082.1336937156786,0.7147126770979698,0.1075350573226934
109,ds109_time109_83.h5,0.010871301207132257,0,11000.0,0.002,2.2328809246372554,0.29029803103980334,25843.51721411341,0.176036094825123,-0.4704509537321046,0.19080708014684503,0.9870468974786596,2.2970133483859385,0.00010695187165776776,995.7366614979134,0.7059669282700382,0.11454080549721346
109,ds109_time109_84.h5,0.010871301207132257,0,11000.0,0.003,2.350260503657064,0.32002026138159145,55611.981737957816,0.14373900946649784,-0.45778368241886186,0.11628677944100549,0.9909397224391818,2.3033071429111978,0.0001336898395722097,969.4817331193549,0.6953928155702911,0.1248642623648814
109,ds109_time109_85.h5,0.010871301207132257,0,11000.0,0.004,2.6008461043161213,0.33500289211903533,96675.30128236505,0.07017429445553618,-0.4479602374770951,0.08047695746211618,0.9820373747769265,2.33201550734089,0.0001336898395722097,953.005954376428,0.6865627547919513,0.1411339103060866
109,ds109_time109_86.h5,0.010871301207132257,0,11000.0,0.005,2.7961060908786677,0.32426535697094927,148531.21245040747,0.04535224787973476,-0.43945759669886064,0.07788941446030412,0.9695845608693541,2.204998478468733,0.0001336898395722097,945.4427379477175,0.6757484455064807,0.1658342799571789
109,ds109_time109_87.h5,0.010871301207132257,0,11000.0,0.006,2.977009783135997,0.31190359568392223,190149.09880121207,0.026664421263347563,-0.4325655813510999,0.08074226244778515,0.9270876384287347,2.201409476170124,0.0001336898395722097,943.6047753568411,0.6548718544685329,0.20390421112736734
109,ds109_time109_88.h5,0.010871301207132257,0,11000.0,0.007,3.202790071617171,0.3359316563346757,216544.87858579622,-0.027943032957375935,-0.42653273343396647,0.08383168496682859,0.858225594982257,2.1666030660795004,0.0001336898395722097,946.0289920715221,0.6054150411083782,0.2567568882264153
109,ds109_time109_89.h5,0.010871301207132257,0,11000.0,0.008,3.2280715777528517,0.31860778305182846,275372.8544764946,0.027128047342330205,-0.42136093083827125,0.09417511327718374,0.9991502574342233,2.0894274035458444,0.0001336898395722097,968.3723633012415,0.5337319881409468,0.2800648949075473
109,ds109_time109_90.h5,0.010871301207132257,0,11000.0,0.009000000000000001,3.2292368808857894,0.3238515828235534,333952.5112309301,0.024564952250470933,-0.4166163797764567,0.11161347640989956,0.9990133613000042,1.9861642607375987,0.0001336898395722097,1000.4552461601737,0.5742073230430557,0.2860784455869271
109,ds109_time109_91.h5,0.010871301207132257,0,11000.0,0.010000000000000002,3.1967312520288864,0.32462401908083566,442945.29462581535,-0.00665371350174974,-0.41224172676961757,0.15199502604912982,0.7826715194798103,1.932718810720482,0.0001336898395722097,1086.120027683784,0.7131572092613446,0.27956614991877904
109,ds109_time109_92.h5,0.010871301207132257,1,11000.0,0.011,2.8749688135664337,0.30340178426908915,512416.0560426364,-0.01736924589881971,-0.40645631806299015,0.20980485900308413,0.9980910759011493,2.0620338189425667,0.0012299465240643292,1187.2493669279072,0.8121304349409721,0.3168640795576893
109,ds109_time109_93.h5,0.010871301207132257,1,11000.0,0.012,2.2703749517014433,0.29649656180998485,728848.1910014779,-0.07417088924176653,-0.3911357209148941,0.2080606331705019,0.9996500292868634,2.2605647941515175,0.0012566844919787712,1438.1059497073031,0.8270443438271119,0.3946168204669765
109,ds109_time109_94.h5,0.007920538159652855,0,11500.0,0.001,2.4441429670242707,0.19557245249880606,12749.020879008958,0.6467187062565741,-0.4634708561574437,0.2791724538219364,0.9944661146886792,2.3215539670130156,7.985803016859194e-05,1141.7602818176476,0.7482487973011218,0.0989804303802057
109,ds109_time109_95.h5,0.007920538159652855,0,11500.0,0.002,2.543133687805768,0.29075447675266375,27254.044810977917,0.19645308070731554,-0.4491635837459106,0.18073709779857022,0.9900974694280722,2.3159607475970327,0.0001064773735581226,1037.873177435685,0.7437882298671125,0.10522833270268657
109,ds109_time109_96.h5,0.007920538159652855,0,11500.0,0.003,2.8684987047045056,0.30705817211220277,52063.39479539502,0.08406887237200375,-0.4353205742663456,0.10197904922883011,0.982419419644567,2.273435012154808,0.0001064773735581226,993.9486281962405,0.7388013994192032,0.11680647348642101
109,ds109_time109_97.h5,0.007920538159652855,0,11500.0,0.004,2.930925566193767,0.3141864182125603,78722.80424521287,0.09689254553543655,-0.42880215527328436,0.07479581401822268,0.9807040454208432,2.290969440154836,0.0001064773735581226,980.0313973934508,0.7359026007238468,0.12843920748238682
109,ds109_time109_98.h5,0.007920538159652855,0,11500.0,0.005,3.1968094659981303,0.29668341619507743,115925.04333627535,0.06538068089183771,-0.41864854158132464,0.0668726854937281,0.9632418231589024,2.284739159949932,0.0001064773735581226,974.7800272383901,0.7323885609356545,0.15359600899053003
109,ds109_time109_99.h5,0.007920538159652855,0,11500.0,0.006,3.4203424772968973,0.3080905173164099,168104.85578732594,0.041680416296870616,-0.41033198304811697,0.06837491823236871,0.9355725989294271,2.2094684196096295,0.00013309671694765324,975.3711254064963,0.7227695856664818,0.19028631745986915
109,ds109_time109_100.h5,0.007920538159652855,0,11500.0,0.007,3.608864479150765,0.3396067325523864,217176.55400652203,0.00818922892055036,-0.4037977731682631,0.07501935530387795,0.6428375532201337,2.1188492235395944,0.00013309671694765324,985.5316093960225,0.7044055104945058,0.2451057691346561
109,ds109_time109_101.h5,0.007920538159652855,1,11500.0,0.008,3.7199107891543344,0.3221908654086878,272360.6638575315,-0.03306903899922019,-0.39767793302677795,0.0852483978588551,0.51447995284453,2.1124427509794654,0.00013309671694765324,1000.8507985776594,0.6394470159883501,0.27767464460530356
109,ds109_time109_102.h5,0.007920538159652855,1,11500.0,0.009000000000000001,2.6617358246633893,0.32180206078936346,317441.0161901824,-0.05085980998435666,-0.39260588931863416,0.10336661374549591,0.9562395029905381,2.027824872461206,0.00013309671694765324,1031.1582699939406,0.6732359907153426,0.3162833767928683
109,ds109_time109_103.h5,0.007920538159652855,1,11500.0,0.010000000000000002,2.2628207806292364,0.3035612251534251,459830.1774688066,-0.0861932118694405,-0.38355113015936637,0.1753916836226978,0.9969737512905416,2.215425441330458,0.004019520851819128,1154.5974081815245,0.7150866093097975,0.3503206804533179
109,ds109_time109_104.h5,0.0037942600171270023,0,12000.0,0.001,2.9971755185812805,0.2126334947734918,13321.108198374786,0.5765211845657661,-0.47403957609139574,0.2354506006102561,0.995377415867035,2.3411593576047096,7.978723404254706e-05,1167.1296668152027,0.759721828899725,0.19413069945626232
109,ds109_time109_105.h5,0.0037942600171270023,0,12000.0,0.002,3.0672077053056666,0.2811920129252905,23395.254382416104,0.268883858459409,-0.4641874810479287,0.17617890803813377,0.9958375462341715,2.3906062399123997,7.978723404254706e-05,1098.651444438611,0.7508233370359544,0.20522991439311894
109,ds109_time109_106.h5,0.0037942600171270023,0,12000.0,0.003,3.3378056664727627,0.30951828191065256,54734.589687877,0.10775392468392166,-0.45010251340690577,0.10977294101683654,0.8505694791232882,2.366241880219817,0.00010638297872339608,1061.4377847232347,0.7386168218297613,0.23409516806864383
109,ds109_time109_107.h5,0.0037942600171270023,1,12000.0,0.004,2.948566643945291,0.2921524512248822,106194.907423189,-0.01490634046805223,-0.4361554562104695,0.1330842160812927,0.9779751793239324,2.4202230034177816,0.0013563829787233,1051.6177174060933,0.7260432638825364,0.3656826354371252
109,ds109_time109_108.h5,0.0037942600171270023,1,12000.0,0.005,2.140293283875763,0.20670197062408624,741497.6870055285,-0.231508023064464,-0.369988900917952,0.44088093551120894,0.9984338572952277,3.8444138306924853,0.002632978723404053,1475.3267562993722,0.7264127955798717,0.2657073041799123
109,ds109_time109_109.h5,0.002492565769936287,0,12500.0,0.001,3.1076068434699327,0.21554543468016196,13619.182694745385,0.4924351558767816,-0.4847129372500664,0.18807385297218127,0.999461054621555,2.300744359687128,8.00000000000245e-05,1201.3389128915624,0.7275679710706764,0.2551363285429976
109,ds109_time109_110.h5,0.002492565769936287,0,12500.0,0.002,3.4045698272527547,0.3008461016793984,25861.66085394237,0.21396706755279044,-0.47506234705405287,0.14111666203814807,0.8033006511932955,2.316676040450137,8.00000000000245e-05,1136.3185114816379,0.7248802603296737,0.27153507892224243
109,ds109_time109_111.h5,0.002492565769936287,1,12500.0,0.003,2.15539460148716,0.16428800708030233,232333.3744986512,-0.40028796490499996,-0.4187180626494319,0.4520059276006985,0.9981319921488829,3.5489132223497206,0.0013066666666670668,1372.355369588451,0.7324054628300045,0.28116528821825526
109,ds109_time109_112.h5,0.002492565769936287,1,12500.0,0.004,2.135397458692899,0.1154893746271699,1460080.654683447,-0.2733570043876334,-0.3517627000318672,0.6455179079196728,0.998180991152668,5.1267498341479785,0.0013066666666670668,1846.2870829642711,0.7353317480028299,0.24824510853964651
109,ds109_time109_113.h5,0.0019405794804510119,0,13000.0,0.001,4.1310547729159195,0.06547886762285704,9733.36893711664,1.0914862633347278,-0.46729090716108956,0.1951092429324993,0.9995843341151232,2.337898587560793,8.050089445437586e-05,1325.0852334159324,0.7162343041143546,0.27373770950672266
109,ds109_time109_114.h5,0.0019405794804510119,1,13000.0,0.002,2.7224925593765765,0.2843478678026472,30939.95790398725,0.26192802119709174,-0.4483175493729785,0.14834889285614722,0.9876344632216592,2.498899231243091,8.050089445437586e-05,1180.8310851357085,0.7313855605893875,0.34444365239930824
109,ds109_time109_115.h5,0.0019405794804510119,1,13000.0,0.003,2.1609981097158717,0.12093208822392532,398143.2590674253,-0.45645219221907374,-0.369109379246113,0.5974393205533646,0.9969102203064013,4.13215874419211,0.0033542039355989937,1625.9929046445081,0.7439119836837769,0.24759520764423973
109,ds109_time109_116.h5,0.0016875616699136074,0,13500.0,0.001,3.4496772733461882,0.08413839126551625,8708.319633698917,0.8770240631707729,-0.49149041879117644,0.15253766501672367,0.999624962598005,2.2537588419787316,7.936507936508186e-05,1338.6549329979089,0.6397977344262773,0.2822148308889414
109,ds109_time109_117.h5,0.0016875616699136074,1,13500.0,0.002,2.248467205764672,0.1525361675209529,92202.45750329937,-0.3710527920830956,-0.4426913707113391,0.398413130915467,0.9986095381532295,3.0481724837796706,0.004550264550264693,1417.0601694811196,0.7311512900437542,0.2765515881203522
109,ds109_time109_118.h5,0.0016875616699136074,1,13500.0,0.003,2.1152632442252504,0.06044440071776047,727018.8243794652,-0.22408553241968823,-0.3714206405671253,0.6506853334740268,0.9980483109960566,4.811651669629935,0.007883597883598131,1892.0190128247345,0.7348895605127431,0.23659700814620963
109,ds109_time109_119.h5,0.0015889538410697839,0,14000.0,0.001,3.346342275875115,0.02956139014153414,11390.69596690515,1.0808456927459003,-0.4663824636325867,0.14253057751313772,0.9996864069402613,2.3354699979730853,5.35714285714306e-05,1393.2670192397293,0.6368416506889604,0.27392952358470923
109,ds109_time109_120.h5,0.0015889538410697839,1,14000.0,0.002,2.1989934279026735,0.172003579165096,120366.01621188605,-0.317986817497722,-0.407035264435049,0.46246501747606683,0.9981885788333152,3.457176997870901,0.003294642857142982,1510.237510148529,0.747502171386416,0.2577301555599639
109,ds109_time109_121.h5,0.0015889538410697839,1,14000.0,0.003,2.1229345402156983,0.11479344413094106,806638.1000399597,-0.32688965628616884,-0.3380225741046059,0.6823140721680967,0.9972782928219314,5.077949920705268,0.005276785714285914,1938.6959437619028,0.7510025755825991,0.22610109999564593
109,ds109_time109_122.h5,0.0015901069315415552,0,14500.0,0.001,3.1521945721548885,0.04385613837286195,12468.826379222743,1.1158549074220931,-0.4512188731022184,0.14300584298061095,0.9998055734423124,2.345397705175472,5.30503978779795e-05,1448.1416335839242,0.612708126046347,0.2658535167640358
109,ds109_time109_123.h5,0.0015901069315415552,1,14500.0,0.002,2.1996719759378895,0.1495058565552585,97295.41355505532,-0.26922403550707785,-0.4008327443273839,0.36594178869596,0.9986958074084884,3.0657031067357363,0.001989389920424231,1476.095931981784,0.7405661217560505,0.25932213616937616
109,ds109_time109_124.h5,0.0015901069315415552,1,14500.0,0.003,2.1139547570670385,0.11934132873249892,587398.066935955,-0.18387458416251112,-0.338507200356215,0.6073226505537492,0.9979731872217209,4.621338906664823,0.001989389920424231,1853.72631329861,0.7459648704472981,0.22418586330537624
109,ds109_time109_125.h5,0.0016712285816643322,0,15000.0,0.001,2.743822005443011,0.031898751225407196,12467.893171106123,1.014873251042484,-0.4792349556368025,0.11461596207231875,0.9997784312173945,2.3255216704078268,7.894736842103955e-05,1474.7233679477008,0.5701927199770216,0.275759239589017
109,ds109_time109_126.h5,0.0016712285816643322,1,15000.0,0.002,2.385685684248675,0.2289638107799643,31678.064803485366,0.20941163527440879,-0.46121515381798617,0.13546776102995864,0.9937322681861167,2.500810962726879,7.894736842103955e-05,1367.6923504914857,0.719467070836033,0.3347029937754444
109,ds109_time109_127.h5,0.0016712285816643322,1,15000.0,0.003,2.0722432379911266,0.08474731533760371,460111.91457964975,-0.08853626660682226,-0.3826870448047396,0.5203130844927106,0.9986695553310505,4.058968612078187,0.005921052631577967,1784.4538795102524,0.7402468530393473,0.21964530053905484
109,ds109_time109_128.h5,0.0018300144856625326,0,15500.0,0.001,2.5258190681198824,0.06154976326181427,10965.174564938057,0.87301765284666,-0.49381419302795476,0.09266977718387642,0.9998601131503201,2.3716515254838164,8.06451612903325e-05,1485.526950509271,0.5625420474567399,0.2812944418987027
109,ds109_time109_129.h5,0.0018300144856625326,1,15500.0,0.002,2.357457473140945,0.24317248904237232,23002.000929077905,0.15697075965995616,-0.47646208638512644,0.11701347149467542,0.9923187645476442,2.4723267893991268,8.06451612903325e-05,1382.167627652235,0.7308301869133195,0.33837422455777083
109,ds109_time109_130.h5,0.0018300144856625326,1,15500.0,0.003,2.2617528145624752,0.13958319660996876,248838.93267864926,-0.31892201125019715,-0.41895745218428426,0.39093658464766934,0.9953850250856444,3.710789905953605,0.005860215053764162,1685.9590394671047,0.7613900289986899,0.22451905936625022
109,ds109_time109_131.h5,0.002075938765156147,0,16000.0,0.001,2.3541716144906593,0.0405316319803144,13366.83598688402,0.9237051384519194,-0.4792019342484766,0.08881238021441042,0.9997653197500259,2.2979582442835618,5.35714285714306e-05,1531.0204625568028,0.5577984324338944,0.2737455201337727
109,ds109_time109_132.h5,0.002075938765156147,0,16000.0,0.002,3.016042181750064,0.23716585576925464,33419.91388761502,0.34725854247676824,-0.46400449305422287,0.07148837486401496,0.9997443326597238,2.339025369497651,8.03571428571459e-05,1405.8823294219721,0.6102764056707506,0.28565025671848066
109,ds109_time109_133.h5,0.002075938765156147,1,16000.0,0.003,2.20289876661109,0.19787326064181232,180555.0521645419,-0.3021945572266811,-0.4097974801998415,0.3111651679348922,0.9984141123618631,3.6089997690336473,0.001955357142857217,1617.6776494792152,0.758108683781869,0.2414250318879734
109,ds109_time109_134.h5,0.002075938765156147,1,16000.0,0.004,2.1516704600650325,0.09321093591156071,893378.6889618374,-0.6253577543162652,-0.36182886690554145,0.42248473784582713,0.9979159383945506,4.495424129937448,0.0019285714285715017,1856.6755681077307,0.7592868410087567,0.1837294780189159
109,ds109_time109_135.h5,0.0024290234641587936,0,16500.0,0.001,2.275453034106512,0.021693788952683368,13883.759269147828,1.079011326604105,-0.46216896127925644,0.08716433727548073,0.9997324561997255,2.3303760071053468,5.347593582888388e-05,1572.8884277997388,0.558792641773759,0.2659165934611537
109,ds109_time109_136.h5,0.0024290234641587936,0,16500.0,0.002,2.7939403266668696,0.23140453732075073,33314.331101803116,0.4431970036133035,-0.44785830631710727,0.071968216348448,0.9997517545525849,2.4354883584443745,5.347593582888388e-05,1435.1424007206972,0.5692118960040928,0.26883734965969064
109,ds109_time109_137.h5,0.0024290234641587936,1,16500.0,0.003,2.267972245529887,0.21202339907435186,100501.93705375632,-0.19727835014772263,-0.4170549072044771,0.17601687035830824,0.9990091751434708,2.77780131752675,0.0018983957219253778,1476.0775236893232,0.7514818513903161,0.2983724706014917
109,ds109_time109_138.h5,0.0024290234641587936,1,16500.0,0.004,2.145073251962475,0.1508115018338676,629048.5928532842,-0.44379034428920466,-0.3522600560402801,0.39098645215443045,0.9988345415403375,4.336607421214628,0.0018983957219253778,1789.3305730542631,0.7624241547201437,0.20616949053416325
109,ds109_time109_139.h5,0.0029204769405064405,0,17000.0,0.001,2.238014862842514,-0.02512989396927945,17260.087872412547,1.187004596301475,-0.44640880013401396,0.08888655192726332,0.9998119460553202,2.3206795116419814,5.347593582888388e-05,1628.403886749899,0.5662896458005577,0.2560597868357722
109,ds109_time109_140.h5,0.0029204769405064405,0,17000.0,0.002,2.6852623788994596,0.2361288853021557,37486.12827159179,0.43454125513572045,-0.42924306592524586,0.07204146061459611,0.9998873143855832,2.4442650939252593,5.347593582888388e-05,1470.5547084290988,0.5647847630184266,0.2583656429053084
109,ds109_time109_141.h5,0.0029204769405064405,1,17000.0,0.003,2.8919046763123575,0.2914534453264199,57953.53668828617,0.2087538027107188,-0.41587478200391176,0.05896565659219098,0.9996261158987856,2.403675760774705,8.021390374332582e-05,1411.0734207169132,0.6148735334448524,0.27014492360830694
109,ds109_time109_142.h5,0.0029204769405064405,1,17000.0,0.004,2.176116091581324,0.20928096688811348,263022.1917162171,-0.3261599069924604,-0.3676137286043146,0.25143619677119083,0.9989050087192697,3.393448998615873,0.002593582887700868,1602.7204993679854,0.76228256277503,0.26272813038802834
109,ds109_time109_143.h5,0.0035935295419151432,0,17500.0,0.001,2.2980061397263265,0.03752100666316438,25017.411527319564,0.9275663765049574,-0.47817279404846885,0.006240773833798145,0.9997806586942826,2.347130860666671,5.35714285714306e-05,1638.9567718155201,0.5667759017964527,0.27267261606258236
109,ds109_time109_144.h5,0.0035935295419151432,0,17500.0,0.002,2.5761102258370525,0.2300439279705242,30220.36260973397,0.3733875736380524,-0.46272390096153854,0.010392222448523974,0.9998259845207256,2.3980447642125298,5.35714285714306e-05,1495.4474925321758,0.5664977000471624,0.2737989745251728
109,ds109_time109_145.h5,0.0035935295419151432,0,17500.0,0.003,2.789925526175133,0.2809289210216266,55576.47401966996,0.1611006663659648,-0.44943218711854177,0.03156712270996784,0.9997390475017708,2.3185200082013213,8.03571428571459e-05,1444.7244605465573,0.5812115761842276,0.27749629552476857
109,ds109_time109_146.h5,0.0035935295419151432,1,17500.0,0.004,2.67359441826107,0.26698577157797865,78617.98400041439,0.045051567265228014,-0.44072771908385544,0.08157621760143557,0.9963274013508786,2.39414149357126,8.03571428571459e-05,1436.5486164833312,0.6736548348113814,0.30240039915531125
109,ds109_time109_147.h5,0.0035935295419151432,1,17500.0,0.005,2.156942351974205,0.2098052204786558,388287.0635988567,-0.2873729445227005,-0.3881229247794883,0.4589995950005913,0.998879970928695,3.461868384486417,0.007660714285714576,1677.1372921280881,0.7698607300530774,0.2717562820355758
109,ds109_time109_148.h5,0.004502321475847023,0,18000.0,0.001,2.284261432832308,-0.007458368236380686,18591.83193347499,0.9986318222107582,-0.4612181842799263,0.07317358420181838,0.99978185549057,2.320596459427647,5.376344086022167e-05,1678.6965093546632,0.581177523717853,0.26277641816531944
109,ds109_time109_149.h5,0.004502321475847023,0,18000.0,0.002,2.4470020054676658,0.23388892627546154,42210.1584342518,0.3857231172951452,-0.44402785384553295,0.060702446465313746,0.9998083438993791,2.3182628662773466,5.376344086022167e-05,1534.0614121924207,0.5784992254440815,0.26427339366083
109,ds109_time109_150.h5,0.004502321475847023,0,18000.0,0.003,2.604454231379085,0.2562829853013868,50680.07253374407,0.2708890526725536,-0.4374258071019687,0.05500928756152665,0.9998959204819646,2.3804636472172365,5.376344086022167e-05,1500.2821867669938,0.5784820655312201,0.2647050555544188
109,ds109_time109_151.h5,0.004502321475847023,0,18000.0,0.004,2.6480831921048438,0.29946766634414157,71161.22236783797,0.12648607284466554,-0.42552221463456724,0.04411521936515564,0.9998217851254559,2.373860719715263,8.06451612903325e-05,1456.1488186962758,0.5815925809167954,0.26570647832370314
109,ds109_time109_152.h5,0.004502321475847023,1,18000.0,0.005,2.6765990321790185,0.3042270623244465,119733.34634567377,-0.02377804276297997,-0.40916591912342404,0.07206722065662155,0.9997763910166101,2.477329474958719,0.0007526881720431033,1470.3247116647847,0.6836246290531471,0.29427240303255847
109,ds109_time109_153.h5,0.004502321475847023,1,18000.0,0.006,2.2754617896605174,0.21160894105814254,460783.9093816719,-0.2994350359915859,-0.3661577867976554,0.23607928286834837,0.99899363259645,3.203472449665618,0.005752688172043718,1668.8626468349744,0.7743485539748773,0.2829890785426026
109,ds109_time109_154.h5,0.005706078921446872,0,18500.0,0.001,2.2952074117107624,0.00517088227528828,17108.372400391294,0.8430851910125056,-0.4963969645960866,0.062047548352595114,0.9998995067527932,2.2946514832292615,5.405405405406461e-05,1682.6882037671423,0.5936830278736575,0.28078173409611207
109,ds109_time109_155.h5,0.005706078921446872,0,18500.0,0.002,2.3809192134134047,0.1825105930943769,28274.184821676416,0.47455672990026126,-0.48754214092695825,0.05793535776809922,0.999814030292777,2.326519183082745,5.405405405406461e-05,1599.821580452585,0.5932721622782536,0.28180770238294056
109,ds109_time109_156.h5,0.005706078921446872,0,18500.0,0.003,2.5316804580878975,0.26523922728571114,48186.728671392615,0.22738892918771988,-0.4726460833167044,0.048262434553441064,0.9997304382055623,2.314307917677351,8.108108108109692e-05,1517.30605617411,0.5930645158097778,0.2830680528950204
109,ds109_time109_157.h5,0.005706078921446872,0,18500.0,0.004,2.6867965270921452,0.2875635495348128,74899.53167779677,0.12212153477135725,-0.46147900072508685,0.042305620523985885,0.9998918341766592,2.3245518449930396,8.108108108109692e-05,1484.8962631386362,0.5952515439750148,0.2835355353880456
109,ds109_time109_158.h5,0.005706078921446872,0,18500.0,0.005,2.759254380089155,0.2983328568949941,111243.50994569181,0.06528859452644514,-0.45066337002544005,0.04172940339445781,0.9996264182917426,2.288916168876994,8.108108108109692e-05,1489.5506352298844,0.6085970837968132,0.2867166802551171
109,ds109_time109_159.h5,0.005706078921446872,1,18500.0,0.006,2.7950506679184786,0.26496629685331063,149994.44073854352,-0.031225972686798185,-0.44130866610658687,0.07086081253166783,0.9997959812521838,2.3932974226949058,0.0007297297297298723,1504.1246804073135,0.6793600213061325,0.30502999267748104
109,ds109_time109_160.h5,0.005706078921446872,1,18500.0,0.007,2.275226976964385,0.20955022354161668,536370.0283188514,-0.36595891409139275,-0.4002604910021225,0.2338448673107038,0.9993812367116133,3.209846545200446,0.0025135135135140045,1707.6571502365648,0.7823210672763423,0.30658383229569025
109,ds109_time109_161.h5,0.0072571955017469,0,19000.0,0.001,2.3130823261414286,0.04445739596763176,15731.774914860705,0.822572535099555,-0.4961023515312334,0.06426789888130338,0.9998624788168252,2.2540086114247533,5.26315789473597e-05,1730.457922069967,0.5903647796138003,0.28072565541076394
109,ds109_time109_162.h5,0.0072571955017469,0,19000.0,0.002,2.3427746307395934,0.17164058037362673,27874.77587662426,0.45318180541869885,-0.4876214269113962,0.05673459065968818,0.9999350361659617,2.350610172531141,5.26315789473597e-05,1642.067276910523,0.5892282195565701,0.2814697978218105
109,ds109_time109_163.h5,0.0072571955017469,0,19000.0,0.003,2.4567401213172984,0.24229128379689646,47585.098534958444,0.24129373137297558,-0.4725981625141601,0.048430665046751684,0.9998061822436566,2.3230884946971253,7.894736842103955e-05,1549.070186981824,0.5894870906978962,0.28361725228376056
109,ds109_time109_164.h5,0.0072571955017469,0,19000.0,0.004,2.5644655172092516,0.2992227356496149,69615.87034207102,0.14598348291039842,-0.46136497260953296,0.0440480494581594,0.9998029516669639,2.362872155436372,7.894736842103955e-05,1527.2289042786329,0.5904506789996027,0.2838515646212396
109,ds109_time109_165.h5,0.0072571955017469,0,19000.0,0.005,2.648603382022099,0.3074728153063149,107649.66512101263,0.06179569402157462,-0.45108040034423624,0.03799403127666049,0.9998111840819062,2.3450300146040504,7.894736842103955e-05,1503.948298581755,0.5910321266483596,0.28369071332909546
109,ds109_time109_166.h5,0.0072571955017469,0,19000.0,0.006,2.593095879511307,0.29583296559313577,129943.78503377562,0.043776111960235856,-0.44684508074977564,0.03757054356904645,0.9997855874099048,2.3103933787155113,7.894736842103955e-05,1514.7534336703861,0.59182406784742,0.28398972114002574
109,ds109_time109_167.h5,0.0072571955017469,0,19000.0,0.007,2.6930051066326732,0.2830250285194853,176793.31500281714,-0.0033004509693906293,-0.4383691203026171,0.04487169085146716,0.9996010594489275,2.216228823142913,7.894736842103955e-05,1531.3676817424232,0.6080541041122597,0.2875980941367823
109,ds109_time109_168.h5,0.0072571955017469,1,19000.0,0.008,2.5014162451309185,0.2624531619446686,431519.99797528604,-0.22206878353435916,-0.4104290248074667,0.15877199492586602,0.9995118558020009,2.707624609266599,0.002447368421052226,1681.5350600046186,0.7354407273572563,0.3224732808185135
109,ds109_time109_169.h5,0.009186856953134802,0,19500.0,0.001,2.2381606983489792,0.006905528989571863,19555.67945414481,0.8863795661741553,-0.47832637926543636,0.0645764610494288,0.9997859231105348,2.3188330986964876,5.30503978779795e-05,1777.0896059160189,0.6115292016838096,0.27122079649384645
109,ds109_time109_170.h5,0.009186856953134802,0,19500.0,0.002,2.1863788611487363,0.17213430472337787,31072.447115368755,0.5119708487499995,-0.46792945106969686,0.06421425341906216,0.9998772450748441,2.319236704742812,5.30503978779795e-05,1671.8538515603593,0.6112746745877358,0.2727190931582452
109,ds109_time109_171.h5,0.009186856953134802,0,19500.0,0.003,2.361751834846549,0.2777368478404245,50307.715049707076,0.2574652535456129,-0.4541831906579867,0.05447624881261054,0.9998174557807578,2.323090238018902,5.30503978779795e-05,1587.5835911043255,0.6112048589385726,0.2735016727928308
109,ds109_time109_172.h5,0.009186856953134802,0,19500.0,0.004,2.469598286262411,0.2846860747410562,74086.41093128713,0.12673464152353311,-0.4413084298072377,0.04457066667976653,0.9998898944549216,2.330277590850305,7.957559681696924e-05,1548.6996454563857,0.6109042780108134,0.27490305244934937
109,ds109_time109_173.h5,0.009186856953134802,0,19500.0,0.005,2.529176763251921,0.2826672133320851,87128.55612510999,0.12681164050780283,-0.43631070698955626,0.044342776484982645,0.9997228787643898,2.3746209040393436,7.957559681696924e-05,1532.0798075291702,0.6106824258064989,0.2743746447145357
109,ds109_time109_174.h5,0.009186856953134802,0,19500.0,0.006,2.5722947701407706,0.286098499202863,139246.17429649038,0.03794111593988619,-0.4262413022709946,0.042104113481003895,0.9997364142661739,2.269718626777232,7.957559681696924e-05,1550.7635574584851,0.6112383492557977,0.27505943957771584
109,ds109_time109_175.h5,0.009186856953134802,0,19500.0,0.007,2.5396912314402864,0.3089816725788943,162937.33528747805,0.025928614511143134,-0.4190769795633967,0.04114863842597605,0.9996636123790513,2.1547945253038954,7.957559681696924e-05,1553.3303987896224,0.6114918197729772,0.27403290985293277
109,ds109_time109_176.h5,0.009186856953134802,0,19500.0,0.008,2.6903269711249287,0.3160393308949987,185832.86902351084,0.003133383752916115,-0.41526149608298824,0.04442546051959504,0.9996045845715786,2.1657510750172686,7.957559681696924e-05,1561.6785992193586,0.6123317103571013,0.2745326015187781
109,ds109_time109_177.h5,0.009186856953134802,0,19500.0,0.009000000000000001,2.6641237689279063,0.323019579205727,231595.03115807648,-0.02015003902733884,-0.4089617448799525,0.0502355781851808,0.9996101577421739,2.200928759479797,7.957559681696924e-05,1606.796876264622,0.6201572239934625,0.2753898121026506
109,ds109_time109_178.h5,0.009186856953134802,1,19500.0,0.010000000000000002,2.5211635928750833,0.28378051818736516,408652.6096206504,-0.13985470479400686,-0.390473846624484,0.12063496989303692,0.9996527775806808,2.3738438679576572,0.0006896551724137335,1736.9426247257159,0.7243158570519707,0.3073326842826302
109,ds109_time109_179.h5,0.009186856953134802,1,19500.0,0.011,2.3533207289569624,0.27709862013026054,581762.3828456069,-0.1660060914687662,-0.3773928642147159,0.17113022198089958,0.9995777256524453,2.6150365369467385,0.0006896551724137335,1840.3450287859066,0.7607771551507133,0.31135597524856
109,ds109_time109_180.h5,0.011496809488013515,0,20000.0,0.001,2.1995442248607557,-0.04612371477904542,27955.09582646365,1.0052843808974377,-0.4598724805475408,0.06484119133672141,0.9998861868063504,2.3076898765507057,5.35714285714306e-05,1823.4438701934228,0.6364920972945936,0.2613223296074398
109,ds109_time109_181.h5,0.011496809488013515,0,20000.0,0.002,2.1364547666653526,0.13076432578133868,61154.816764557414,0.5909945474897421,-0.4498020353518211,0.054778125127418933,0.9998742521508057,2.374712253967415,5.35714285714306e-05,1718.5324580988568,0.6358639045587496,0.2626337232860069
109,ds109_time109_182.h5,0.011496809488013515,0,20000.0,0.003,2.2749922875494337,0.25220884231535345,57740.3856610222,0.24683210457328694,-0.43336667197923473,0.056789134782751396,0.9997612861908141,2.4492194270218435,5.35714285714306e-05,1608.8362520521755,0.6350234790464495,0.2637708695664216
109,ds109_time109_183.h5,0.011496809488013515,0,20000.0,0.004,2.3543791414031854,0.3077048591415352,58362.19012392177,0.20660138412574777,-0.4271365074083501,0.05551076152189537,0.9997685259124387,2.31502331295985,5.35714285714306e-05,1596.9036225752168,0.6354198280641754,0.26377223089384555
109,ds109_time109_184.h5,0.011496809488013515,0,20000.0,0.005,2.397485502216297,0.29044638037476744,99998.16854431738,0.11712089173512678,-0.41467117842981355,0.04730450843987692,0.999754813999347,2.346031141415083,5.35714285714306e-05,1560.5928454103841,0.6349322788079749,0.26441871878861617
109,ds109_time109_185.h5,0.011496809488013515,0,20000.0,0.006,2.475014109087361,0.2872398422675604,134974.75185266638,0.09081056548088526,-0.4049995199151924,0.045757698733497,0.9994603132863752,2.2707120957888214,8.03571428571459e-05,1569.1257590580567,0.635144059843601,0.26437003932997444
109,ds109_time109_186.h5,0.011496809488013515,0,20000.0,0.007,2.485215726505475,0.2798636894264084,182977.05366714185,0.055070114703417675,-0.4004378473452193,0.04428617453138988,0.9996442604471306,2.2682955714791624,8.03571428571459e-05,1580.3671527918218,0.6354388204320425,0.2642886563176909
109,ds109_time109_187.h5,0.011496809488013515,0,20000.0,0.008,2.446282098730045,0.2814989272311603,198596.0144921607,0.06182333993391367,-0.3939190662772787,0.04692809806837319,0.9996528236475624,2.1372439461540997,8.03571428571459e-05,1582.7853346304653,0.6353101935878053,0.2634694135402292
109,ds109_time109_188.h5,0.011496809488013515,0,20000.0,0.009000000000000001,2.5628611325120207,0.2913855254699682,232030.66726197297,0.008481296914192823,-0.3880245440071758,0.04996563434089091,0.9995915337107822,2.0186494202616148,8.03571428571459e-05,1621.8043096428437,0.6361423359207306,0.26352258917438415
109,ds109_time109_189.h5,0.011496809488013515,0,20000.0,0.010000000000000002,2.562879994096256,0.2860060853031179,266988.7998543887,-0.009044369878373888,-0.3846379492640957,0.04966002394409799,0.9996497681696507,2.0413296648908035,8.03571428571459e-05,1645.8585135000903,0.6370510952996277,0.2644507769145451
109,ds109_time109_190.h5,0.011496809488013515,0,20000.0,0.011,2.5529104377672103,0.29158021461551575,284806.8344729673,-0.038440450196759055,-0.3797561062724797,0.05331490349580786,0.9992606452762275,1.876923307637596,8.03571428571459e-05,1733.4419067826016,0.6410800073413414,0.26490689161250075
109,ds109_time109_191.h5,0.011496809488013515,1,20000.0,0.012,2.6304281714667423,0.30342388247722774,316506.4191259035,-0.07825613464841763,-0.37696822483945636,0.05831807255019691,0.9994304594992571,1.9303892624091015,0.0006696428571428825,1808.957475050285,0.6489611066174429,0.2671967527215749
109,ds109_time109_192.h5,0.011496809488013515,1,20000.0,0.013000000000000001,2.561329228418202,0.27945865589374086,392796.9450474035,-0.07289219400066849,-0.36411127055530595,0.12891755344821268,0.9997069032083794,1.9633475729019885,0.0006696428571428825,2016.6689536016825,0.7511254721376932,0.2979663066277239
109,ds109_time109_193.h5,0.011496809488013515,1,20000.0,0.014000000000000002,2.1193345639985766,0.24508079255798443,652202.0644352129,-0.09091107803788075,-0.34506920254090695,0.14250440174171158,0.9997729296930898,2.0415065321696058,0.0,2139.913731133204,0.814149205651997,0.28985628167551275
109,ds109_time109_194.h5,0.014162859421707724,0,20500.0,0.001,2.173104641122563,0.018908196211583572,20555.815425202112,0.7434876819886316,-0.4965696732045654,0.06768129658343945,0.9998692368222483,2.272753870447607,5.420054200541702e-05,1817.795510818551,0.6630830167286325,0.282771061554728
109,ds109_time109_195.h5,0.014162859421707724,0,20500.0,0.002,2.1318459161714673,0.13197682709201075,33540.710044572654,0.4462979484887601,-0.4879935814976555,0.06607743451818042,0.9998938397586306,2.3977095248147755,5.420054200541702e-05,1714.4177468260339,0.6627729016508854,0.2831825913449618
109,ds109_time109_196.h5,0.014162859421707724,0,20500.0,0.003,2.2461029387788343,0.24508838858784676,53044.91054743833,0.24050544775157162,-0.4730585931455314,0.060729674431532654,0.9997160687449745,2.2533420064192087,5.420054200541702e-05,1635.922784104834,0.6632114791938406,0.2849694228730913
109,ds109_time109_197.h5,0.014162859421707724,0,20500.0,0.004,2.2563806959785992,0.2604890090840517,60023.44892194112,0.17702710076879272,-0.46589314465460147,0.055806049897279615,0.9997751872093616,2.3158862844950776,8.130081300812553e-05,1605.424510518586,0.6632533956666674,0.28532342788846654
109,ds109_time109_198.h5,0.014162859421707724,0,20500.0,0.005,2.3419082262509026,0.29029780827212703,93571.8882610698,0.08804638983451378,-0.45500510548225537,0.05405093756995915,0.9998399942746732,2.224507484654439,8.130081300812553e-05,1596.7010810011002,0.663351957514382,0.28531059653329743
109,ds109_time109_199.h5,0.014162859421707724,0,20500.0,0.006,2.423589643317746,0.27467921474930224,111746.9344518277,0.044383596478440555,-0.45039592541986095,0.05378928234729299,0.9998827209679996,2.2333810390180697,8.130081300812553e-05,1588.154495442809,0.6633096418347562,0.28528446831421705
109,ds109_time109_200.h5,0.014162859421707724,0,20500.0,0.007,2.4125377723979606,0.3073606554544237,153355.34745383798,0.0646375963016206,-0.44192913530565686,0.05181540758345805,0.9997966758046983,2.1438995061026804,8.130081300812553e-05,1606.3251453349174,0.6635796284127217,0.2856633655438947
109,ds109_time109_201.h5,0.014162859421707724,0,20500.0,0.008,2.3449931788894687,0.2518046834504233,187546.08428061765,-0.0148932287626247,-0.4347694971860911,0.052232780220214776,0.9998745968524613,2.1059829811667923,8.130081300812553e-05,1611.0298220893128,0.663169361536896,0.28626182586948656
109,ds109_time109_202.h5,0.014162859421707724,0,20500.0,0.009000000000000001,2.3832714663848265,0.2935782831510785,205552.94113346213,-0.020581671833857763,-0.4319475037365197,0.053265395964963914,0.9997386061866864,1.9652891818640719,8.130081300812553e-05,1634.2989941985602,0.6633791420193029,0.28573003546482384
109,ds109_time109_203.h5,0.014162859421707724,0,20500.0,0.010000000000000002,2.3538862359556156,0.2840502109474998,257047.74952803284,-0.01428725772834848,-0.4267499961691081,0.05667100054512557,0.9997228894059038,1.8883313923123355,8.130081300812553e-05,1682.4822569413652,0.6634582952682386,0.28511036787167104
109,ds109_time109_204.h5,0.014162859421707724,0,20500.0,0.011,2.37607680709995,0.29502319316092274,261570.21890140857,0.032764646569639296,-0.42438763572335153,0.057465282176208624,0.9997816029571166,1.8289677377372935,8.130081300812553e-05,1743.559778773515,0.6640620219463769,0.2860876923916008
109,ds109_time109_205.h5,0.014162859421707724,0,20500.0,0.012,2.4305184463519467,0.27120058100917166,268564.85529638093,-0.020528324881784545,-0.4198446100768363,0.06933962454156983,0.9995125793555066,1.721613023525071,8.130081300812553e-05,1868.062149080342,0.6668244603735898,0.2865435621016772
109,ds109_time109_206.h5,0.014162859421707724,0,20500.0,0.013000000000000001,2.560242385386007,0.3284819606200817,277955.9252382631,-0.050574173889767704,-0.4177347800553436,0.07621634728444703,0.9994143134496,1.7006309889040314,0.0006504065040650042,2039.5084301296934,0.6706648416030104,0.28665628268730403
109,ds109_time109_207.h5,0.014162859421707724,0,20500.0,0.014000000000000002,2.6181210029498385,0.28012782753783194,384874.41671580216,-0.05612236060201146,-0.4083803718478036,0.13447403465174676,0.9990521806881322,1.752511948440966,0.0006504065040650042,2344.084728976699,0.7567073696865987,0.3127579678361105
109,ds109_time109_208.h5,0.014162859421707724,1,20500.0,0.015,2.3482878307808903,0.289252474375568,424040.7759431512,-0.051925184550272445,-0.401749186072062,0.1555174911433804,0.9996078584853969,1.7713584895344843,0.0,2453.6440009667986,0.8117167977556263,0.32729115439837425
109,ds109_time109_209.h5,0.01714638839241346,0,21000.0,0.001,2.1231111445649704,0.008923290649874849,20841.04931739251,0.797365937711931,-0.4971602433273248,0.07115461913945634,0.9998371365804956,2.2246653698934873,5.291005291005457e-05,1865.2360312792252,0.6624041658901315,0.28260295128365803
109,ds109_time109_210.h5,0.01714638839241346,0,21000.0,0.002,2.1296531807485155,0.1478803193593805,34347.15844372541,0.4498147731132719,-0.48754719227545684,0.0651929198190372,0.9998361093084781,2.2962435659427802,5.291005291005457e-05,1759.619408884073,0.6616877493063432,0.28355959213354204
109,ds109_time109_211.h5,0.01714638839241346,0,21000.0,0.003,2.191073115315793,0.285987249734313,50632.752594201156,0.20928033952297287,-0.47257707506594726,0.05960635094169432,0.9997950026156835,2.290672262115509,5.291005291005457e-05,1667.4459149762379,0.661866255819356,0.28446849724645945
109,ds109_time109_212.h5,0.01714638839241346,0,21000.0,0.004,2.226666911193562,0.29399204172836724,56077.91775774036,0.12483251641491859,-0.4657157973632028,0.0568274952908843,0.9997159498522039,2.305118318937309,7.936507936508186e-05,1640.7938068427559,0.6615992642007267,0.2854195715396265
109,ds109_time109_213.h5,0.01714638839241346,0,21000.0,0.005,2.2666320675156197,0.29547717448875477,87472.95435841854,0.048184258961842016,-0.45432334286838416,0.05340035636038223,0.9998595367240604,2.2104976501713085,7.936507936508186e-05,1630.5422810712269,0.6619716023392701,0.28656999026910734
109,ds109_time109_214.h5,0.01714638839241346,0,21000.0,0.006,2.243720028597646,0.28968705851593857,109676.38614199714,0.09177575800224283,-0.4499094007977015,0.05092716452161653,0.9998331007113803,2.197999355845353,7.936507936508186e-05,1629.4074251075638,0.6618545163956014,0.2859103178324061
109,ds109_time109_215.h5,0.01714638839241346,0,21000.0,0.007,2.2611750375124577,0.2971563664107839,136129.0650653673,0.022442423424418895,-0.44171717294054186,0.04983196184126631,0.9998356069376044,2.0842679691846424,7.936507936508186e-05,1629.185948726384,0.6617093279467166,0.28632580270298874
109,ds109_time109_216.h5,0.01714638839241346,0,21000.0,0.008,2.298268505995669,0.25520409637910735,179140.70620711465,-0.02104516976901678,-0.43497064337403013,0.053784692888626084,0.9997870147812122,2.0324485768151606,7.936507936508186e-05,1633.6987981391528,0.6617543614699518,0.28615869267482674
109,ds109_time109_217.h5,0.01714638839241346,0,21000.0,0.009000000000000001,2.2459245781712727,0.29655674175848046,212380.62963636254,0.01788951353433233,-0.4319068473061523,0.054115744537647704,0.9998152185601856,2.0311800213717337,7.936507936508186e-05,1669.782382969474,0.6619920329847001,0.2866326576323728
109,ds109_time109_218.h5,0.01714638839241346,0,21000.0,0.010000000000000002,2.221369094018866,0.29903363937225513,220807.8750667508,-0.04695169336245885,-0.42688255334140895,0.054824430033333794,0.9996839092129031,1.8386842977110636,7.936507936508186e-05,1721.33514221966,0.6619988922195219,0.286597729909114
109,ds109_time109_219.h5,0.01714638839241346,0,21000.0,0.011,2.199090243895509,0.26782327155375707,259580.08465053036,0.005583130020933219,-0.424466842122928,0.05933249047072363,0.9997909503700693,1.79229770661828,7.936507936508186e-05,1765.2329406803826,0.6620593680762762,0.28691723628451
109,ds109_time109_220.h5,0.01714638839241346,0,21000.0,0.012,2.1323386489179437,0.2918694849382957,243531.51864363637,-0.03741632242888797,-0.41993881113187115,0.06204381472160893,0.9997167591567314,1.6320086037952217,7.936507936508186e-05,1861.1806173937312,0.6622301816610994,0.28685869303173633
109,ds109_time109_221.h5,0.01714638839241346,0,21000.0,0.013000000000000001,2.1989171223616637,0.29867980027779584,247208.80464697105,-0.026822063597339362,-0.41821124194083004,0.06620134804700013,0.9995782515431726,1.5974238609676847,7.936507936508186e-05,2006.3166272811163,0.663077459873634,0.2864985172087511
109,ds109_time109_222.h5,0.01714638839241346,0,21000.0,0.014000000000000002,2.2506379938376435,0.30347772350752,261034.18441496798,-0.03672551758611059,-0.41452697449211184,0.08511038897669636,0.9996189439416459,1.486301787339194,5.291005291005457e-05,2379.544065428612,0.6651308583330178,0.2869603037252617
109,ds109_time109_223.h5,0.01714638839241346,0,21000.0,0.015,2.341094173988259,0.28836221869395945,293274.1007985661,-0.027269292414393874,-0.4129507081671212,0.10463015906961227,0.9990086314334813,1.4205892538538205,0.0,2859.2689105336963,0.667743470246261,0.28663064151888096
109,ds109_time109_224.h5,0.01714638839241346,0,21000.0,0.016,2.7803864279734,0.2518708940089977,292734.4626314213,0.016665526895049753,-0.4102777090525939,0.1975432089456044,0.9957191243725215,1.3379900645888336,0.0,4918.820141347636,0.6931216227501508,0.292393039142428
109,ds109_time109_225.h5,0.01714638839241346,0,21000.0,0.016999999999999998,1.890890879492605,0.2799731380323883,309429.3422075148,0.006343451846971572,-0.403182133172137,0.15619204298996267,0.999576618949209,1.4169326365032968,0.0,3382.9163413388906,0.8574046014191058,0.2561225552226539
109,ds109_time109_226.h5,0.01714638839241346,1,21000.0,0.018,2.0309807431496596,0.28462249282152663,421058.35269335227,0.009109216100429494,-0.39899091770854717,0.14614326966643434,0.9997823840739517,1.5564192190550266,0.0,2888.2126212927456,0.8499371052152741,0.2824789891951441
109,ds109_time109_227.h5,0.020405851312270743,0,21500.0,0.001,2.0575045121967013,-0.028465534327356323,26472.285393488197,0.9203976176854721,-0.4779560216712846,0.07760891388951369,0.9998265565067893,2.2742932160710443,5.366726296958856e-05,1915.9907738938984,0.6934804036553821,0.27248307733955224
109,ds109_time109_228.h5,0.020405851312270743,0,21500.0,0.002,2.039456615218374,0.13625004359559645,40014.07292765314,0.5219400396067968,-0.46782028116173396,0.07355015427567456,0.9998068625938301,2.2871611601454265,5.366726296958856e-05,1782.196033831657,0.6929700779473219,0.27246438067601253
109,ds109_time109_229.h5,0.020405851312270743,0,21500.0,0.003,2.0846086907451378,0.2389431638787607,53817.04057945164,0.24926623881463048,-0.4520074670195743,0.0681775989964773,0.9998506039397419,2.3429984829148864,5.366726296958856e-05,1682.4071378482874,0.6928230079916388,0.2737539333835169
109,ds109_time109_230.h5,0.020405851312270743,0,21500.0,0.004,2.08495904344037,0.27259913620139686,63375.99511259132,0.18921081991822172,-0.44559493489311636,0.06498301895935474,0.9998267313702063,2.3278086761929115,5.366726296958856e-05,1669.4291767338027,0.6930696230377371,0.2743193936623565
109,ds109_time109_231.h5,0.020405851312270743,0,21500.0,0.005,2.1367461568379897,0.29733868839502864,90460.63907461814,0.08459182679339015,-0.4327456135684445,0.06118383419568909,0.9997573507958644,2.2021755586905454,5.366726296958856e-05,1642.8503166586513,0.692906625830355,0.27468200857400443
109,ds109_time109_232.h5,0.020405851312270743,0,21500.0,0.006,2.1261543321597194,0.30557713391159647,110377.69188712383,0.06813109799306676,-0.4275451158639442,0.0591732094281234,0.9997337785810715,2.141234934601992,5.366726296958856e-05,1643.00586643329,0.6928635542713928,0.2757792997873067
109,ds109_time109_233.h5,0.020405851312270743,0,21500.0,0.007,2.1057681045085217,0.2891690551409065,144561.56700307608,0.01145974762764073,-0.41985526316152305,0.061421948952721565,0.9996955022433895,2.1028840737166687,8.050089445438285e-05,1643.937401633503,0.692949925709578,0.2751876563210564
109,ds109_time109_234.h5,0.020405851312270743,0,21500.0,0.008,2.1081518085468187,0.3033468377385842,161944.06698099483,-0.0373082428819324,-0.41635526524071703,0.06004882725397744,0.9996036589377907,2.0675288903726967,8.050089445438285e-05,1659.6363684231114,0.693018829472141,0.27557844791803804
109,ds109_time109_235.h5,0.020405851312270743,0,21500.0,0.009000000000000001,2.1102465127381445,0.28259921008385436,206285.81417780352,-0.010253377054806403,-0.40951082976328207,0.06331688662648098,0.9996260813754666,1.9932498362115194,8.050089445438285e-05,1695.5090325422711,0.6929562444814873,0.27643717470289314
109,ds109_time109_236.h5,0.020405851312270743,0,21500.0,0.010000000000000002,2.111350868453142,0.27905477715035243,217921.46464186013,-0.08142839761081719,-0.4069263934752268,0.06117178281886937,0.9997216421642594,1.8889829829118272,8.050089445438285e-05,1729.0447573057836,0.6930520922042419,0.27695975280622875
109,ds109_time109_237.h5,0.020405851312270743,0,21500.0,0.011,2.033760043010676,0.28121571968537384,209950.84348657538,-0.1081511783496183,-0.4023262945579514,0.06594783626521608,0.9995936428663711,1.7315647960019247,5.366726296958856e-05,1772.8241121353296,0.6933374887845567,0.2763673994890213
109,ds109_time109_238.h5,0.020405851312270743,0,21500.0,0.012,2.1039009122740184,0.2842746391636015,203384.37118094187,0.02302262007832577,-0.3997395631771867,0.06796944527887355,0.9994799161200828,1.6504554352171377,5.366726296958856e-05,1829.2689476037199,0.6932334238959769,0.2774760574018379
109,ds109_time109_239.h5,0.020405851312270743,0,21500.0,0.013000000000000001,2.034219860475409,0.2785049107367453,210295.27191610835,-0.07087206570818436,-0.39528860772666097,0.0799643005561946,0.9989912280666137,1.5047917714590968,5.366726296958856e-05,2041.816288726208,0.6936783315711141,0.27711964876743406
109,ds109_time109_240.h5,0.020405851312270743,0,21500.0,0.014000000000000002,2.0320014018812236,0.2881763236267638,205201.89376668417,-0.07062150440116957,-0.39345337008146575,0.08627622415245809,0.9982954181780066,1.4429596470718846,5.366726296958856e-05,2218.5536938997902,0.6939168983327113,0.2775146882768085
109,ds109_time109_241.h5,0.020405851312270743,0,21500.0,0.015,2.0329360370272087,0.2725286641031043,225522.11636488233,-0.05431912193088434,-0.3898437728355746,0.12337543274339419,0.9987185489444639,1.322295221261115,0.0,3173.489983366528,0.6950894322910165,0.27787415568239276
109,ds109_time109_242.h5,0.020405851312270743,0,21500.0,0.016,2.1127857673041923,0.2307472179611427,243240.59318420483,-0.02062226823370373,-0.38865812553206286,0.2002205790898924,0.9963053582187968,1.2982361505796862,0.0,4530.25680204184,0.697520612534125,0.27841108729361763
109,ds109_time109_243.h5,0.020405851312270743,0,21500.0,0.016999999999999998,3.5046996997432913,0.14709655871879962,226050.1684507781,-0.06803888653952289,-0.3875383209622403,1.2339007818900432,0.0736120571493588,1.2188702836906185,0.0,9318.533857308947,0.8956373885435184,0.15596638810658628
109,ds109_time109_244.h5,0.020405851312270743,0,21500.0,0.018,2.8159704065856848,0.20168847290584319,247130.55324551923,-0.024104538188735904,-0.3880614528582978,0.4679377851249953,0.9875123685152505,1.2329396280367966,0.0,7439.621156355565,0.7113281125061337,0.2661941590783982
109,ds109_time109_245.h5,0.020405851312270743,0,21500.0,0.019,2.0469336740974855,0.2755246825369899,316773.2034864069,0.00839219848421861,-0.38956181329306555,0.1457800595151163,0.9977923244141588,1.3012767046053846,0.0,3948.358154326107,0.6939108629087823,0.2756062929513294
109,ds109_time109_246.h5,0.020405851312270743,0,21500.0,0.019999999999999997,2.0932199947106773,0.2740746204491171,361323.6130950603,0.08559205722200207,-0.3901131347081162,0.11834472771860453,0.9979813600752334,1.328850517394539,0.0,3333.21537311685,0.6938150317455262,0.2769672136143504
109,ds109_time109_247.h5,0.020405851312270743,1,21500.0,0.020999999999999998,2.439386175653835,0.2641081526349295,612585.0466134838,-0.07209381556750875,-0.3870940159460585,0.14246746868795868,0.9983375526634072,1.530268520610571,0.0,2632.79938403388,0.7193615750325072,0.2850804006511753
109,ds109_time109_248.h5,0.020405851312270743,1,21500.0,0.022,2.4873089812542934,0.26666273777718297,776893.1420443016,-0.01140294872088042,-0.3836492564393628,0.15600048899930313,0.9984275081136539,1.716223681028731,0.0,2485.0156027385474,0.7317496870873945,0.28876489235028047
109,ds109_time109_249.h5,0.02390374897341878,0,22000.0,0.001,2.047414181586842,-0.06257248374358904,26428.141307625177,0.9169339032354047,-0.4785462357177191,0.07788302991511534,0.9997215101370356,2.260286395108793,5.244755244754318e-05,1959.0262520167164,0.6921981968888954,0.2722202925421651
109,ds109_time109_250.h5,0.02390374897341878,0,22000.0,0.002,2.000386321592383,0.13798950197386461,40350.17269035461,0.543346102881403,-0.46798977513576223,0.07279278800795734,0.9996549637597287,2.272703367406103,5.244755244754318e-05,1828.365951134008,0.6921510484900478,0.27211854543856573
109,ds109_time109_251.h5,0.02390374897341878,0,22000.0,0.003,2.037931788261835,0.24925318286034748,55003.93629241377,0.25066658341501835,-0.4520953602557448,0.06595408623290569,0.9995350001808447,2.32643039224539,5.244755244754318e-05,1725.8184392710652,0.6919820714727083,0.2729183313370407
109,ds109_time109_252.h5,0.02390374897341878,0,22000.0,0.004,1.9943423543802248,0.2818064721745499,56902.98149569142,0.1795612266775162,-0.4458899078768569,0.06586219317048743,0.9995851628790784,2.3409422655496535,5.244755244754318e-05,1694.8830658089253,0.6921077994420359,0.27404254060428435
109,ds109_time109_253.h5,0.02390374897341878,0,22000.0,0.005,2.0092521562577805,0.27063773290140425,84404.11141136917,0.13896954308016285,-0.43340985228781903,0.06275237173365399,0.999502579391213,2.208077720157381,5.244755244754318e-05,1673.7716625550036,0.6919831792766008,0.27407832896504153
109,ds109_time109_254.h5,0.02390374897341878,0,22000.0,0.006,2.0075131802398416,0.27782187421070503,112468.67332544744,0.09951315177994864,-0.4285034814794031,0.06222998713023777,0.9991842178897667,2.216750001381985,7.867132867131477e-05,1679.9032524047257,0.6921634535129891,0.2752807895205863
109,ds109_time109_255.h5,0.02390374897341878,0,22000.0,0.007,2.0107011311452436,0.2885476895390977,152892.02718829166,0.020484310261964806,-0.41974596688434623,0.05994132107516094,0.9992165924307953,2.1209301276520587,7.867132867131477e-05,1679.8685800869134,0.6921075662525494,0.2755939902217683
109,ds109_time109_256.h5,0.02390374897341878,0,22000.0,0.008,1.987087154346255,0.29372000665374287,161698.68735166005,0.05256938033691941,-0.4174074318170808,0.06117895206465399,0.9992025547252673,2.119051764517743,7.867132867131477e-05,1700.8810870402313,0.6923283239167954,0.2753058542479017
109,ds109_time109_257.h5,0.02390374897341878,0,22000.0,0.009000000000000001,2.0236185061659926,0.26960266998517013,192269.04463781917,-0.0072985674441467295,-0.4103244576191889,0.06042167258636636,0.9983609290510614,1.9916921590635528,7.867132867131477e-05,1729.2807841856452,0.6923564732972467,0.2758138068618223
109,ds109_time109_258.h5,0.02390374897341878,0,22000.0,0.010000000000000002,1.9845583531041622,0.28474750662499404,190874.87595731101,-0.02410708043093034,-0.4072309939545199,0.063384394364574,0.998915706959197,1.9139982865920027,7.867132867131477e-05,1742.611529048845,0.6924033717787573,0.2769356368678828
109,ds109_time109_259.h5,0.02390374897341878,0,22000.0,0.011,1.9917238464225322,0.3049286321271324,202810.3363495912,-0.0076124411134650665,-0.40222049488329437,0.06596548609230768,0.9984298066715745,1.7121672354052573,7.867132867131477e-05,1826.789592559309,0.6925283764654716,0.27674742163264593
109,ds109_time109_260.h5,0.02390374897341878,0,22000.0,0.012,2.003412166161314,0.2975078655771114,197763.48603970266,-0.0840772126089227,-0.400043725899813,0.0660393667744299,0.9982803543674624,1.6611634430584161,5.244755244754318e-05,1866.9843039814607,0.692397728825217,0.27676462206177016
109,ds109_time109_261.h5,0.02390374897341878,0,22000.0,0.013000000000000001,2.0355574108200734,0.32791530847660144,216588.7665647759,-0.030523838015603856,-0.39571853126682643,0.08094505785129816,0.9970364135005683,1.528366891817509,5.244755244754318e-05,2097.0049075269394,0.6925779008749292,0.27683875373545536
109,ds109_time109_262.h5,0.02390374897341878,0,22000.0,0.014000000000000002,2.0140525462511008,0.268638949561105,210579.48371136567,-0.10719034600867412,-0.39347442400824906,0.08221672319431268,0.9978266670640429,1.446202982793729,5.244755244754318e-05,2239.32791263017,0.6926585345216371,0.2775251566065545
109,ds109_time109_263.h5,0.02390374897341878,0,22000.0,0.015,2.031272714149896,0.26425886420537353,217403.57378771738,-0.05238131655843234,-0.3899304902850019,0.12626930531453856,0.9958782521622499,1.3187130539723257,0.0,3298.3616705567656,0.6929532767280963,0.27866713754544936
109,ds109_time109_264.h5,0.02390374897341878,0,22000.0,0.016,2.029462445801013,0.2686419330780033,204404.56013341993,-0.014193432259756743,-0.38876914153658765,0.18290873343347946,0.9939520717218834,1.263143060157001,0.0,4467.006469185424,0.6933440968720617,0.2777732485042622
109,ds109_time109_265.h5,0.02390374897341878,0,22000.0,0.016999999999999998,3.8051326543470547,0.1259573836968725,214170.0444010644,0.0376650178085635,-0.38761684580924927,1.4229865569526086,0.022275489058250674,1.2091236399086285,0.0,9424.380863782719,0.8564474507910489,0.13577210369771472
109,ds109_time109_266.h5,0.02390374897341878,0,22000.0,0.018,2.3769853306399282,0.18829021176297636,233555.55870376894,0.0048850295474382,-0.38805621406884344,0.49063150255740656,0.979720914340119,1.219558906830701,0.0,7413.727435442552,0.6969987837446263,0.27057197291052604
109,ds109_time109_267.h5,0.02390374897341878,0,22000.0,0.019,1.9977644988526575,0.24039575011159217,304374.11047396064,-0.027239612037311556,-0.3894408598300167,0.1406087292069149,0.9973499355449017,1.2826589731165807,0.0,3916.563718893964,0.6921943750541023,0.27626339595689803
109,ds109_time109_268.h5,0.02390374897341878,0,22000.0,0.019999999999999997,2.020704606307464,0.2859407139145305,338588.284358587,0.07059794143575107,-0.3900669323897036,0.11174835442518867,0.9959817722461196,1.3174595245203988,0.0,3306.5683807011283,0.6919434133185695,0.2773405692182927
109,ds109_time109_269.h5,0.02390374897341878,0,22000.0,0.020999999999999998,2.06358518255158,0.28101391347246607,419903.7238934424,0.0026286344161757977,-0.3913074894851152,0.09679104828209838,0.996172860233484,1.3837254569286288,0.0,2750.855848403821,0.6920241288460065,0.27792637843869916
109,ds109_time109_270.h5,0.02390374897341878,0,22000.0,0.022,2.016371759072111,0.26984018359501505,464843.1497275707,0.020584699217726824,-0.3917642740142826,0.08821532024190933,0.9971984323247173,1.3973225421648692,5.244755244754318e-05,2576.079873201795,0.6920011363985529,0.2782690938227991
109,ds109_time109_271.h5,0.02390374897341878,0,22000.0,0.023,2.025874039746776,0.2818266480284253,543920.7165928397,0.0024844974976120835,-0.3920036106769832,0.08550555599594602,0.9972971878589454,1.4427619659691218,5.244755244754318e-05,2410.615549482381,0.6921749504530168,0.2793140439219265
109,ds109_time109_272.h5,0.02390374897341878,1,22000.0,0.024,2.07661921294576,0.2807607854098548,671429.0114541412,-0.013306664574212273,-0.39128557232848005,0.08956440845031119,0.9971747703809951,1.4767397987768591,5.244755244754318e-05,2469.4382752387655,0.6929687068085363,0.2797385429583304
109,ds109_time109_273.h5,0.02390374897341878,1,22000.0,0.024999999999999998,2.2033512008343523,0.2764029872434175,1060311.9781163298,-0.04806528876021211,-0.38558141995460765,0.1370213690516231,0.9950443275974591,1.6451005905564413,0.0006031468531467465,2403.591675343087,0.7009943045812835,0.28171963125399924
109,ds109_time109_274.h5,0.0276092049341839,0,22500.0,0.001,1.9497392257859965,0.0756646927829403,9688.293578662142,2.175200308650154,-0.4724872063947526,0.09186492526490822,0.9988495555131358,2.3416807790037675,2.6666666666667893e-05,2348.1985636397694,0.7276706817943389,0.26006865533275964
109,ds109_time109_275.h5,0.0276092049341839,0,22500.0,0.002,1.9355181666553751,0.0663044016382166,46515.24448486471,0.6411652616270345,-0.44753033930433184,0.0865375673053462,0.9986836049829062,2.3377044290032525,5.3333333333335786e-05,1859.2764582962782,0.7277592438177822,0.25917977388042546
109,ds109_time109_276.h5,0.0276092049341839,0,22500.0,0.003,1.942917089496877,0.16601518327851106,54774.65468405417,0.43099141234696564,-0.4391097882285849,0.08353069760512567,0.99848638146189,2.310444132721343,5.3333333333335786e-05,1790.571047193081,0.7276848548467421,0.2592178259393179
109,ds109_time109_277.h5,0.0276092049341839,0,22500.0,0.004,1.9640136063001017,0.2595188334583933,65484.173514693466,0.22811859390212133,-0.4255193218573052,0.078521070089713,0.9979594666614369,2.297670878364806,5.3333333333335786e-05,1721.10214670246,0.7278993023669751,0.2586988685095382
109,ds109_time109_278.h5,0.0276092049341839,0,22500.0,0.005,1.9618872652537254,0.276444623777103,71874.67344635307,0.17742200265496988,-0.41903090928097064,0.07491130441049046,0.9984230900529832,2.286547477015029,5.3333333333335786e-05,1706.7241906360186,0.7279735717009219,0.2585178526758874
109,ds109_time109_279.h5,0.0276092049341839,0,22500.0,0.006,1.9421967631735164,0.27074892318064125,109256.23411497568,0.13571904153745173,-0.40723440892942264,0.07271435366572951,0.9973506291566472,2.268710412048091,5.3333333333335786e-05,1699.18927111527,0.7279597978182895,0.2575219028856517
109,ds109_time109_280.h5,0.0276092049341839,0,22500.0,0.007,1.973677131220804,0.2807284737741722,136084.1591494427,0.06883745575418697,-0.40405724874186,0.07595552124999533,0.997524545458457,2.1940161877787943,5.3333333333335786e-05,1714.0520761163464,0.7281378186445684,0.25823598636716577
109,ds109_time109_281.h5,0.0276092049341839,0,22500.0,0.008,1.9852008580485792,0.29150604463946483,163269.3409952379,0.010538226164450807,-0.39561806448039627,0.07561241875194699,0.9972088068866501,2.100960390324169,5.3333333333335786e-05,1732.6756147553945,0.7280248219140157,0.2574761201953667
109,ds109_time109_282.h5,0.0276092049341839,0,22500.0,0.009000000000000001,1.9736779027480635,0.28751106281699834,174437.62918457907,-0.009076874906577114,-0.39179682486044,0.07455406459085223,0.9967497810862526,2.0438517463006503,5.3333333333335786e-05,1729.9803560371759,0.7280647101373344,0.25701285385804734
109,ds109_time109_283.h5,0.0276092049341839,0,22500.0,0.010000000000000002,1.975352394029563,0.2968335718508941,191197.2064028947,-0.0538829876435229,-0.3889926062720484,0.07321101205157077,0.9961511132767847,1.9745771592566106,5.3333333333335786e-05,1761.8759279459846,0.7280473201190125,0.25758182224973564
109,ds109_time109_284.h5,0.0276092049341839,0,22500.0,0.011,1.971889843398638,0.2635103110572248,212292.27404320694,-0.11918394381267366,-0.3823349757047617,0.07580956051128437,0.9958683615051107,1.8179618918157123,5.3333333333335786e-05,1824.9514121848429,0.7279292884211571,0.257281457894586
109,ds109_time109_285.h5,0.0276092049341839,0,22500.0,0.012,1.9828732382045968,0.29285727737749856,195628.85884458467,-0.05132705229417632,-0.37982589190087646,0.07563182503452326,0.9951582357541656,1.6781998241652762,5.3333333333335786e-05,1852.856433931551,0.7278703225564602,0.25769262697777595
109,ds109_time109_286.h5,0.0276092049341839,0,22500.0,0.013000000000000001,1.983081677086275,0.295004567177479,191445.3916760163,-0.030014411217476132,-0.37371252641921604,0.08662429116766503,0.9953538350625644,1.519941213952906,5.3333333333335786e-05,2058.317130883558,0.7277987259186651,0.25690241891760585
109,ds109_time109_287.h5,0.0276092049341839,0,22500.0,0.014000000000000002,2.0045049686734164,0.26007915327997866,198296.01308183325,-0.061245330242760174,-0.37088479447144007,0.09342906264683568,0.9950002094646486,1.4741986226402841,5.3333333333335786e-05,2200.256596831467,0.7275792830278643,0.2565396461399082
109,ds109_time109_288.h5,0.0276092049341839,0,22500.0,0.015,2.027128816921988,0.2621509160217958,212988.96633237763,-0.03183518228163217,-0.36650050025847813,0.13473188090377405,0.9949503154851945,1.3424860293585053,0.0,3079.2410597500857,0.7277276458453111,0.2568937978729798
109,ds109_time109_289.h5,0.0276092049341839,0,22500.0,0.016,2.0288029702094685,0.23267660404739202,210579.3297868211,-0.07301836154188898,-0.36499318001379677,0.18777454447675523,0.9949929551624557,1.276883774310123,0.0,4305.031310188668,0.7278702222157786,0.25700299614841216
109,ds109_time109_290.h5,0.0276092049341839,0,22500.0,0.016999999999999998,3.5497613041102762,0.12230999967642386,189673.3210324258,0.0224753309813124,-0.3635777428909946,1.7727428765321445,0.08968769215671034,1.2062218672007528,0.0,9246.814640879804,0.8098415036416287,0.12489727305599628
109,ds109_time109_291.h5,0.0276092049341839,0,22500.0,0.018,1.9396724773601586,0.17208132700465223,226004.71175260254,0.07169735481081653,-0.3641343236722292,0.45651406548783013,0.9780185167826135,1.2354752275225167,0.0,7133.45946001799,0.7274945151887374,0.2502584137653914
109,ds109_time109_292.h5,0.0276092049341839,0,22500.0,0.019,1.998712786726707,0.24195230109309834,260540.82171485803,0.03856091309049986,-0.36496235903864527,0.20979630165720553,0.9874777695180128,1.2778933115754563,0.0,4960.8988241474035,0.7272573785328554,0.2527232818744338
109,ds109_time109_293.h5,0.0276092049341839,0,22500.0,0.019999999999999997,1.9975145671854349,0.27677036359887763,333088.7940193067,-0.07061224819805362,-0.3667021484167924,0.12529513540840967,0.990995328407164,1.3013230588205704,0.0,3280.3903811955884,0.7273998536699967,0.2529917258512443
109,ds109_time109_294.h5,0.0276092049341839,0,22500.0,0.020999999999999998,2.021870918142672,0.27629421885722205,367252.7086852584,0.048178469294397494,-0.3674206952230614,0.10462675355914619,0.9918648334712836,1.3445224436397083,0.0,2929.7655376333864,0.7274942159925677,0.25323629431664274
109,ds109_time109_295.h5,0.0276092049341839,0,22500.0,0.022,2.0215630810932703,0.3111877388813525,471524.6026068522,-0.006373774977955476,-0.36839751596072495,0.09690976467183635,0.9898842162953858,1.406588317397325,0.0,2573.040730373791,0.7276268360189482,0.2534266311656025
109,ds109_time109_296.h5,0.0276092049341839,0,22500.0,0.023,1.9995829684762,0.27086377630483227,530156.534395582,0.036287816502721476,-0.3689045790288512,0.0924442350393067,0.9893986083487479,1.448530908521975,0.0,2481.2332174397784,0.7277180021063112,0.25309464402766674
109,ds109_time109_297.h5,0.0276092049341839,0,22500.0,0.024,2.0014016490066626,0.2909245107237528,600969.2184618516,0.034520383846063214,-0.3688469415799606,0.08832766885975937,0.9873428031701783,1.4193195511594545,5.3333333333335786e-05,2377.4496672773253,0.7277224794353367,0.2528841868348114
109,ds109_time109_298.h5,0.0276092049341839,0,22500.0,0.024999999999999998,1.983583946432938,0.27255154607379317,578807.3534853037,-0.017588278209997883,-0.3685452175400722,0.0905525382531793,0.9884173771832003,1.485908605354731,5.3333333333335786e-05,2316.95855664652,0.7276845644487111,0.2530691904604153
109,ds109_time109_299.h5,0.0276092049341839,0,22500.0,0.026,2.0158932382233052,0.30339470341307173,696261.4281502926,-0.04131617349404203,-0.368020965389774,0.09221403473651936,0.9864224038595092,1.4967220444135285,0.0,2476.5563674869913,0.7277435658297451,0.2541954523411142
109,ds109_time109_300.h5,0.0276092049341839,0,22500.0,0.027,1.9944666166827683,0.2707711688002954,751515.7714552607,-0.034314184370182264,-0.3676328246667128,0.09114354944056335,0.9837255965497377,1.461597977339868,0.0,2463.1251087800606,0.7276591540396437,0.2539790063939267
109,ds109_time109_301.h5,0.0276092049341839,1,22500.0,0.027999999999999997,2.014278817307119,0.29892137970632404,746991.4090681184,-0.006723349320126278,-0.3669853921510938,0.09826754882016193,0.9821808231032475,1.414640967698457,0.0,2632.2045332240514,0.7272852001111363,0.2548687103306764
109,ds109_time109_302.h5,0.0276092049341839,1,22500.0,0.028999999999999998,2.012524761901247,0.2834514932901117,814565.8821395575,-0.05104585323167803,-0.36639805424208766,0.10894952168549911,0.9805484681992342,1.3796025004540624,0.0,2830.3641762916427,0.7272817140676429,0.2556793253897682
109,ds109_time109_303.h5,0.0276092049341839,1,22500.0,0.03,2.135705003991088,0.2563025244080878,1048687.2027499303,0.002609825513308779,-0.363541599587703,0.16329900993653704,0.9819686148258636,1.5179075279367347,0.0,2941.5046050126684,0.7296345461543369,0.25636850632326036
109,ds109_time109_304.h5,0.01585443871410042,0,23000.0,0.001,1.9144468472994711,0.09689548633259926,10703.090403817598,1.744255400578298,-0.514454164765248,0.15054058525278852,0.999423634398507,2.297289160980957,5.4347826086958984e-05,2277.442632386002,0.768341993370306,0.282096763112445
109,ds109_time109_305.h5,0.01585443871410042,0,23000.0,0.002,1.9282873746946039,0.1405224608015203,25615.44241824657,0.44810010375871084,-0.49123771325663756,0.15575500432662764,0.9991512775633318,2.305468124587604,5.4347826086958984e-05,1875.3342651760636,0.7684346381672184,0.2801699865718839
109,ds109_time109_306.h5,0.01585443871410042,0,23000.0,0.003,1.9326644723044843,0.2236394596684368,35379.535138884676,0.2836300198103054,-0.4834419933312064,0.13062647056639654,0.9990606218564783,2.2710213473544925,5.4347826086958984e-05,1801.7929661478536,0.7684728344338932,0.2802393034748112
109,ds109_time109_307.h5,0.01585443871410042,0,23000.0,0.004,1.962810378784802,0.2730911062925052,77523.44360827867,0.14859478525480158,-0.4692179521344739,0.08506811505796227,0.9987169013455901,2.368473952095404,5.4347826086958984e-05,1744.160392217379,0.7684023836618044,0.2782407880402261
109,ds109_time109_308.h5,0.01585443871410042,0,23000.0,0.005,1.9550493943921907,0.2917514604154765,85905.65249497087,0.11957916318623667,-0.46368691978034154,0.06868772070893651,0.9985583682184599,2.216001606908455,5.4347826086958984e-05,1735.4718896567756,0.7682865498222309,0.2777782357464321
109,ds109_time109_309.h5,0.01585443871410042,0,23000.0,0.006,1.9813007031105876,0.29315671577507185,89258.0442671022,0.05518958317729248,-0.45875875239173175,0.06275120138781462,0.9985507703846699,2.239174928701574,5.4347826086958984e-05,1738.683787680947,0.7681980829629143,0.27748035876623384
109,ds109_time109_310.h5,0.01585443871410042,0,23000.0,0.007,2.048650077364365,0.2876584189521738,147572.04227252793,0.042299282378186656,-0.4500265583828393,0.0737828444192606,0.9978635659145486,2.1464254559373392,5.4347826086958984e-05,1759.8626394996288,0.768070215041704,0.2765555638749652
109,ds109_time109_311.h5,0.01585443871410042,0,23000.0,0.008,2.075535300379745,0.2838098869024821,162423.26844591642,0.004947359949452915,-0.4452962319303616,0.08462164526480366,0.9981115802436311,2.1387412055241644,5.4347826086958984e-05,1769.3041663217123,0.7681809441433715,0.2754080322318008
109,ds109_time109_312.h5,0.01585443871410042,0,23000.0,0.009000000000000001,2.1144012373437615,0.3010058887146472,225275.33304649702,-0.05202383299548073,-0.4379643297839941,0.09439444014267116,0.9973534761786129,2.0802455196290914,5.4347826086958984e-05,1813.6866173447518,0.7680825737511926,0.2743686837759849
109,ds109_time109_313.h5,0.01585443871410042,0,23000.0,0.010000000000000002,2.082698112966941,0.2633676461658163,239032.00047449634,-0.07274970087540167,-0.43472289120621666,0.0924986039314187,0.9967860067732951,1.9238219817080453,5.4347826086958984e-05,1834.7603060588494,0.7679419088882696,0.2744676511912204
109,ds109_time109_314.h5,0.01585443871410042,0,23000.0,0.011,2.109416285544858,0.25499598875285456,252040.43395627724,-0.07317956087120281,-0.43188680672120494,0.08511566101175314,0.9961703916604326,1.9771342168058932,5.4347826086958984e-05,1873.9897607316284,0.7677772717040096,0.27477901615752676
109,ds109_time109_315.h5,0.01585443871410042,0,23000.0,0.012,2.149314205662837,0.31141832463983665,220779.56756219646,-0.0417670944246943,-0.42588168533846327,0.06644838112885863,0.9953536865539455,1.706990217323471,5.4347826086958984e-05,2015.1227949169102,0.7677860541015823,0.2746855375209313
109,ds109_time109_316.h5,0.01585443871410042,0,23000.0,0.013000000000000001,2.1955937857749346,0.29462796575135264,228304.69325160794,-0.07626226485282317,-0.42289108334897835,0.06727983530940404,0.9953947831816679,1.5866802410162661,5.4347826086958984e-05,2123.5552924479184,0.7676198756745959,0.27475417953917947
109,ds109_time109_317.h5,0.01585443871410042,0,23000.0,0.014000000000000002,2.196005693933526,0.28077534449795505,263258.57008294016,-0.008123523107538428,-0.42037131730560007,0.07778397382258517,0.9953351091525112,1.5750348955845936,5.4347826086958984e-05,2324.394992164393,0.768039040187812,0.27468653759849915
109,ds109_time109_318.h5,0.01585443871410042,0,23000.0,0.015,2.303137959769263,0.2356302189897015,261084.38975806377,-0.009491147806630382,-0.41633131260324374,0.10590637726647319,0.9942223047988984,1.371063636593421,0.0,3195.4175000121236,0.7679599608714326,0.27727742215953377
109,ds109_time109_319.h5,0.01585443871410042,1,23000.0,0.016,2.3924272256747794,0.21389381341700103,231148.359297888,-0.03658513023509681,-0.4149010399762837,0.16432168448923154,0.9918204856585082,1.3023371601912368,0.0,4293.478960001919,0.7682563575905949,0.2787549296765181
109,ds109_time109_320.h5,0.01585443871410042,1,23000.0,0.016999999999999998,3.0606314626982116,0.181970531386859,217212.18733464554,0.0065568353674316186,-0.4135610196905755,0.5510068571645345,0.9877668053319445,1.2293981722939573,0.0,8148.889103599698,0.7345215866932536,0.2535593683621837
109,ds109_time109_321.h5,0.01585443871410042,1,23000.0,0.018,2.3943592931668864,0.25911708973865155,279868.5118861133,-0.032291957171138835,-0.41139664466888143,0.12284113363125654,0.9931855421212803,1.3545005654113558,0.0,4272.533738371892,0.7350033358150788,0.3144007452619617
109,ds109_time109_322.h5,0.010742246629231421,0,23500.0,0.001,2.083162330606156,0.0915111946307905,10734.445860180971,1.6590647576717865,-0.5140544063120892,0.1503758027200627,0.999942213100152,2.2869251751810338,5.319148936169804e-05,2325.616429623262,0.7687350504493199,0.28152206412924136
109,ds109_time109_323.h5,0.010742246629231421,0,23500.0,0.002,2.117143277218566,0.12950198844129446,26473.21192105528,0.41280918315214393,-0.49156745967880794,0.15630687034582957,0.9998872045177049,2.2905376489051377,5.319148936169804e-05,1916.774396516819,0.7686533220275555,0.2814449474180898
109,ds109_time109_324.h5,0.010742246629231421,0,23500.0,0.003,2.1412042924389496,0.22607558446679898,39336.92189022241,0.2518077579645577,-0.48158783686528606,0.13342521554260123,0.9998715685275292,2.2354921122719307,5.319148936169804e-05,1846.3537237246826,0.7685407927308504,0.27983416591792565
109,ds109_time109_325.h5,0.010742246629231421,0,23500.0,0.004,2.2283910694996494,0.27188180406483076,80631.9632224011,0.08917759335803473,-0.46736755004062536,0.08819237221582543,0.9998121707728497,2.3582220526138933,5.319148936169804e-05,1802.2430776332417,0.7683274705476533,0.2786003277081451
109,ds109_time109_326.h5,0.010742246629231421,0,23500.0,0.005,2.233149701528232,0.2811667833065641,91694.24594359777,0.0787993983381657,-0.46110578634284477,0.07007327609442231,0.9997974558624301,2.3209865793729216,5.319148936169804e-05,1806.681719931077,0.7683186817933417,0.2780384701207376
109,ds109_time109_327.h5,0.010742246629231421,0,23500.0,0.006,2.2581813124513617,0.2830698957630071,114071.65060275613,0.02267741136086346,-0.45509319408844096,0.06636545183247962,0.9998054870486155,2.459325450416916,5.319148936169804e-05,1806.9973104958835,0.7683317164521617,0.2769355906227519
109,ds109_time109_328.h5,0.010742246629231421,0,23500.0,0.007,2.3401683110078766,0.28005634131325885,181406.8378517339,0.0060241778304437645,-0.4463317500032013,0.07691340284156818,0.9997215913961355,2.4374369938872475,5.319148936169804e-05,1838.3824855347261,0.7680510992316123,0.27696421138441996
109,ds109_time109_329.h5,0.010742246629231421,0,23500.0,0.008,2.3723267222433213,0.27901567032706365,209738.8159413194,-0.022197705586545484,-0.44248822084870687,0.08725138372903483,0.9996300475138895,2.3536579365462313,5.319148936169804e-05,1855.7702488784118,0.7678972901164626,0.2776780671419703
109,ds109_time109_330.h5,0.010742246629231421,0,23500.0,0.009000000000000001,2.5081864416687156,0.28042986421114224,307945.7874133053,-0.01870452932553555,-0.4342173652550396,0.09904433836777307,0.9995586505508504,2.3948956704037045,5.319148936169804e-05,1919.6142011255229,0.7675455230419207,0.2769290370837272
109,ds109_time109_331.h5,0.010742246629231421,0,23500.0,0.010000000000000002,2.6036566108137444,0.2832798617901503,316892.76203955046,-0.08248097210084034,-0.43194670037062016,0.09216524744416539,0.9995387393874767,2.3027771759842683,0.0006914893617020745,1978.4735581223406,0.7673101905927673,0.28011613233821203
109,ds109_time109_332.h5,0.010742246629231421,1,23500.0,0.011,2.6417768342077,0.2673715614199358,338440.2354234551,-0.01637863580864142,-0.4280320180574209,0.0925967739480062,0.9995096760985758,2.1918590132377416,0.001329787234042451,2038.923937983628,0.7659058798439997,0.2840017521865443
109,ds109_time109_333.h5,0.010742246629231421,1,23500.0,0.012,2.806409860624465,0.261394681197773,436700.43872738193,-0.07410181484407477,-0.4134621221863516,0.120455998376762,0.9929201054233793,2.1901382150228335,0.0019680851063828275,2146.4733750585783,0.7440515963954121,0.3229098250167013
109,ds109_time109_334.h5,0.008012886000520848,0,24000.0,0.001,2.2174860982132794,0.07668557954001143,9425.118786643223,1.8418718907397214,-0.4918902613257298,0.12319136311416058,0.9999849742480059,2.2474273398719236,5.4347826086958984e-05,2384.120905506908,0.8144795489890917,0.26861461219125676
109,ds109_time109_335.h5,0.008012886000520848,0,24000.0,0.002,2.2108148986242266,0.13154575111711142,48335.89847113474,0.4749063036131218,-0.46673342950323987,0.11823801469908844,0.9999810949038553,2.26083313742376,5.4347826086958984e-05,1951.1239246963462,0.813929031048806,0.2682184761254908
109,ds109_time109_336.h5,0.008012886000520848,0,24000.0,0.003,2.298822855151345,0.21765039936658503,61593.35807202122,0.29489817249730454,-0.4575436287952218,0.11742454128925355,0.9999873088259303,2.536287621705559,5.4347826086958984e-05,1907.143353418395,0.8139604789568111,0.2673183054011343
109,ds109_time109_337.h5,0.008012886000520848,0,24000.0,0.004,2.2984138643032224,0.25226783375058126,69387.72907646949,0.21979200567028415,-0.44917107512506355,0.1165229224696818,0.9999847714224204,2.344351665988983,5.4347826086958984e-05,1861.020443386517,0.8132598971300953,0.26714494275941125
109,ds109_time109_338.h5,0.008012886000520848,0,24000.0,0.005,2.392865493169616,0.29965367548771926,112591.57820232619,0.05933640608827423,-0.435531367963606,0.11496496209287721,0.9999724638464156,2.4913151843813033,5.4347826086958984e-05,1856.0916189325353,0.8127188185512001,0.2676823723651456
109,ds109_time109_339.h5,0.008012886000520848,0,24000.0,0.006,2.424835269973148,0.24348299154833897,161244.45384264307,0.06510641216663575,-0.4295201359781774,0.11704729838161847,0.999963665759072,2.582536097848092,5.4347826086958984e-05,1861.200763746463,0.8119671271919525,0.26811252801577645
109,ds109_time109_340.h5,0.008012886000520848,0,24000.0,0.007,2.452478679892885,0.2574995210970792,208540.8367957213,-0.0012935621991408495,-0.42387690916747073,0.11400390182088778,0.9999727119164158,2.4881539452010815,5.4347826086958984e-05,1873.316714807453,0.8111435433661103,0.2685494111441813
109,ds109_time109_341.h5,0.008012886000520848,0,24000.0,0.008,2.6073238748609016,0.2562697000928287,304234.0136577911,-0.01580522390440726,-0.4129494284238739,0.1271972258863822,0.9999382542522313,2.6373457836021172,0.0006793478260869873,1932.129410739766,0.8062049367002143,0.276668123295715
109,ds109_time109_342.h5,0.008012886000520848,1,24000.0,0.009000000000000001,2.7101143689641845,0.2619120170245004,415232.54355823976,-0.09791082473644944,-0.4021451083350571,0.16209399337921004,0.999947054359096,2.5796389123765167,0.0013043478260870156,1983.6775032188116,0.7882181189892994,0.30139467305693673
109,ds109_time109_343.h5,0.006345732080556124,0,24500.0,0.001,2.3797409634262987,0.07797227682333951,9786.820990376636,1.8402465080474757,-0.4933327782421147,0.12302782620429158,0.9999932974516772,2.269580001647947,5.32386867790613e-05,2447.001261868187,0.8145054234109852,0.26901409421439937
109,ds109_time109_344.h5,0.006345732080556124,0,24500.0,0.002,2.3556835040999493,0.11959475331646341,51120.05536033553,0.47669199210949637,-0.4675110956435635,0.12272324495712418,0.9999936473578032,2.397781222199219,5.32386867790613e-05,2004.0648674772367,0.8134186099712652,0.26788068660268954
109,ds109_time109_345.h5,0.006345732080556124,0,24500.0,0.003,2.345566702014745,0.18522813395165327,64713.442206428066,0.31518291580101676,-0.4572943787629322,0.1199234691123886,0.9999942602767892,2.3853505709585483,5.32386867790613e-05,1938.2737673396239,0.8128115618858415,0.26717541469928635
109,ds109_time109_346.h5,0.006345732080556124,0,24500.0,0.004,2.3977966455394926,0.23619602265840456,75387.32138756779,0.1718612789779312,-0.44912029637010736,0.11809077763685599,0.9999922943981088,2.474025462584434,5.32386867790613e-05,1904.294988232751,0.8120183126416596,0.26788112875933573
109,ds109_time109_347.h5,0.006345732080556124,0,24500.0,0.005,2.5281496227106857,0.24772627548321924,124978.65843152939,0.06710931488886147,-0.43426901092904546,0.11911989005826511,0.9999869093837496,2.6969126544771123,5.32386867790613e-05,1890.0984983074572,0.809352514913446,0.27027619289535326
109,ds109_time109_348.h5,0.006345732080556124,0,24500.0,0.006,2.628263885544,0.26413110319748423,170680.49940758545,0.012654187197374014,-0.4263053085546915,0.12331574113386116,0.9999864038677303,2.6465918250085494,5.32386867790613e-05,1926.997996505452,0.8062274695451331,0.2725963621970174
109,ds109_time109_349.h5,0.006345732080556124,1,24500.0,0.007,2.659744393847049,0.2624414561387529,253464.93873259638,-0.0861778012155687,-0.41923171277189464,0.13776953596950847,0.9999836289369387,2.701667721653066,0.0006654835847382662,1956.7909398341708,0.7919580199512681,0.29263370528178334
110,ds110_time110_1.h5,0.0006956643131826,0,2000.0,0.0005,2.9863049230675234,0.3365668492316719,60171.084608169265,0.051535201772076863,-0.4762249129104868,0.5330394154232491,0.887730286833574,2.392635216544241,0.0004804270462634985,366.8122343687611,0.7479124887639226,0.22320215965580564
110,ds110_time110_2.h5,0.0006956643131826,1,2000.0,0.001,2.352147701373491,0.22770139082071528,1239617.3249136566,0.06270700612667067,-0.41121898533999957,0.14286277227547023,0.9993481281568163,3.9945810119063374,0.0006138790035589148,861.8126816885373,0.7651249431119782,0.2451738098264512
110,ds110_time110_3.h5,0.0006956643131826,1,2000.0,0.0015,2.5200172530230347,0.15413025023385307,13304491.052630275,0.3656946506563784,-0.36565385038832665,0.25316760564926427,0.9985893304139358,5.978154042204844,0.0006138790035589148,1525.5496644090651,0.7729503409387413,0.24680053914330866
110,ds110_time110_4.h5,0.0012687023101654166,0,2500.0,0.0005,2.668454416812294,0.3299418645548585,57847.07298931202,0.05982354593319475,-0.4783317177293883,0.48199014143990976,0.955085329097141,2.3765310524885535,0.0003999999999999143,407.2770845617137,0.7370805585929089,0.1724387595592963
110,ds110_time110_5.h5,0.0012687023101654166,0,2500.0,0.001,2.9658405679788533,0.3261785331273395,199041.41365585435,0.028756535925542677,-0.4712546073498642,0.5638578591101319,0.8816938592140479,2.3832634203556635,0.0003999999999999143,391.12345132386673,0.7397735109544054,0.20891795270858576
110,ds110_time110_6.h5,0.0012687023101654166,1,2500.0,0.0015,2.2021930489192014,0.28312318280404414,1123401.7717270562,-0.1327605729195102,-0.4305309250000252,0.15820657997564097,0.9993564146066775,3.258094559157338,0.006346666666665307,708.3918367537426,0.7833376869062142,0.30569304137458264
110,ds110_time110_7.h5,0.0012687023101654166,1,2500.0,0.002,2.442645558172154,0.23882778511603686,9135180.083065465,-0.1789067957425904,-0.37020798907508945,0.21183670015397094,0.9992985454137973,5.183135231983661,0.006346666666665307,1290.5607499024345,0.7842152347502894,0.22661694242453298
110,ds110_time110_8.h5,0.0005586875166109774,0,3000.0,0.0005,2.9835972034232427,0.3212579787474274,35565.54218499396,0.09756657472128069,-0.47677941604296786,0.503295197536494,0.9702112061135152,2.38674690297674,0.00031914893617018825,463.41150009225987,0.7656161449039156,0.22446428087600367
110,ds110_time110_9.h5,0.0005586875166109774,1,3000.0,0.001,2.2911145395222077,0.19256322263243564,2736834.796709458,-0.07775748694951846,-0.35670888592382716,0.27647746920232436,0.9988389654971246,5.714565561728817,0.00462765957446773,1412.2259236497596,0.7510061391719519,0.23431903988143077
110,ds110_time110_10.h5,0.0005586875166109774,1,3000.0,0.0015,2.4690836322290206,0.14870729291818208,16811508.35860549,-0.21172567681069945,-0.3449314903056131,0.3668523767847638,0.9977368372379177,7.959843221070764,0.0,1913.3296491249082,0.7536869611520469,0.22523302370826886
110,ds110_time110_11.h5,0.0005975933540339593,0,3500.0,0.0005,3.02553467858068,0.32210245653155933,45482.59048606267,0.10595370038831932,-0.4760175742139045,0.461923114004835,0.9781160507662188,2.309750763650502,0.00026619343389544525,505.45289684072895,0.769771189414827,0.2318327315439578
110,ds110_time110_12.h5,0.0005975933540339593,1,3500.0,0.001,2.2028923577328525,0.1959577092187863,1051635.6633417124,0.13615611205546443,-0.3948511462937075,0.2177563952013429,0.9992554514642531,4.2840994238437995,0.004551907719612114,1121.6511972302967,0.7557704539245128,0.2386408991210329
110,ds110_time110_13.h5,0.0005975933540339593,1,3500.0,0.0015,2.3579746159838018,0.14857888476912628,11484686.80973043,0.25114074650944257,-0.35639356207192924,0.3613493808660611,0.9985571335284492,6.786944168894094,0.00393966282165259,1798.7543296637214,0.7618075478651843,0.24106551138447305
110,ds110_time110_14.h5,0.00056666161258795,0,4000.0,0.0005,3.0765966257508834,0.3044595960443877,37151.58055382946,0.1708532902989385,-0.481132972343407,0.4561918175578662,0.9812753420874839,2.3917647236022916,0.00023936170212764118,555.7857379286409,0.7939784262511764,0.23040297449266287
110,ds110_time110_15.h5,0.00056666161258795,1,4000.0,0.001,2.2458377563972483,0.15694208351216954,1847933.5173048296,0.014876438962613392,-0.36812818484740323,0.27133367048531354,0.9988655226401478,5.211900931824116,0.003936170212765655,1407.6649311445017,0.7441077213841136,0.2338000360920477
110,ds110_time110_16.h5,0.00056666161258795,1,4000.0,0.0015,2.4369837865417607,0.09035821026854163,15679675.005193494,0.28136630139582264,-0.34863879624780125,0.40615539422390573,0.9962163767998847,7.575046103111702,0.007260638297871783,1977.6155742622504,0.7494658158166025,0.23505987266367465
110,ds110_time110_17.h5,0.002035765348204625,0,4500.0,0.0005,2.2336082593123305,0.3111655083076685,42251.99110491424,0.2159184231125834,-0.47709227903079027,0.4304977857450463,0.980115382590533,2.3304860386239934,0.00021333333333339866,593.2490939504797,0.7348750648050738,0.1155259783744384
110,ds110_time110_18.h5,0.002035765348204625,0,4500.0,0.001,2.590578894272846,0.30792541246105004,114266.55820480597,0.1154553661926686,-0.4707436259499736,0.34846217920965017,0.9736027896006024,2.348155405191425,0.00021333333333339866,569.296878606267,0.7344427154677037,0.1260839925727004
110,ds110_time110_19.h5,0.002035765348204625,0,4500.0,0.0015,2.8843920109192918,0.32255684975181015,278019.9467284767,0.0453054607052867,-0.4629787727806791,0.30286880423666596,0.9501616527429797,2.3682074795068035,0.0002400000000000735,541.2153393287015,0.736204891826,0.15127646320675311
110,ds110_time110_20.h5,0.002035765348204625,0,4500.0,0.002,3.043234506771198,0.3264556659694372,455023.13208000944,0.02351519865992993,-0.4575945102627685,0.35078573450178774,0.9269842692150175,2.3458521827825045,0.0002400000000000735,539.5602752464663,0.7389147599390097,0.1811197014636834
110,ds110_time110_21.h5,0.002035765348204625,1,4500.0,0.0025,2.2592431202370147,0.2739233455406901,1499093.1191662843,-0.13229928968973717,-0.42156731948214266,0.2130680917721521,0.9992798736511411,3.113326766257075,0.00314666666666763,799.3944301924184,0.810133463492117,0.37382030398398525
110,ds110_time110_22.h5,0.002035765348204625,1,4500.0,0.003,2.4363311000636902,0.24514768676069054,7865503.838072291,-0.12467803462895698,-0.36787804710004685,0.2465888639147576,0.9993312550528568,4.948350323160463,0.00314666666666763,1274.0172187066912,0.8135283029673082,0.2566332967693207
110,ds110_time110_23.h5,0.0005670097498572598,0,5000.0,0.0005,3.0541362157054817,0.27468612314773255,32489.934382479274,0.3749220724525356,-0.4787419380974295,0.471345593677436,0.991937663203812,2.375288186123435,0.0001858407079644575,658.9943914931661,0.7627372549330187,0.2274490159585647
110,ds110_time110_24.h5,0.0005670097498572598,1,5000.0,0.001,2.1918273319395727,0.18462228144033288,1672715.4239057638,0.08735239847500736,-0.3694786235886407,0.3241822668399902,0.9988486017242467,5.197136191238458,0.003238938053094831,1474.1793479062678,0.7508317307842202,0.23496481732421398
110,ds110_time110_25.h5,0.0005670097498572598,1,5000.0,0.0015,2.2664843841490114,0.15371142976533636,9708867.96918355,0.05763732149161125,-0.3500960248006614,0.44295491590347547,0.9980974455067785,7.013702292183072,0.0,1922.6006156309347,0.7542335521480283,0.23395707900335097
110,ds110_time110_26.h5,0.0017655872943757314,0,5500.0,0.0005,2.13181622690407,0.2825631529164506,34186.83096778251,0.37096996408680244,-0.4832999898539223,0.456872836151126,0.9926396184903781,2.306265657355301,0.0001871657754010693,685.6817041204794,0.7166282907519149,0.1263133658247816
110,ds110_time110_27.h5,0.0017655872943757314,0,5500.0,0.001,2.2947282122796877,0.31734060305912426,110990.19690353214,0.10319406607422787,-0.47543485497469046,0.34454545519671015,0.9928389458816215,2.360894397880274,0.0001871657754010693,648.4704571428146,0.7150434655583479,0.1338319055995881
110,ds110_time110_28.h5,0.0017655872943757314,0,5500.0,0.0015,2.502661832960211,0.3222010756142538,234141.20001517248,0.06413335308405381,-0.4684619971717981,0.27087211850790455,0.9898499084359906,2.3199930896415797,0.0001871657754010693,614.9984406928892,0.7146845612636843,0.1459695910505335
110,ds110_time110_29.h5,0.0017655872943757314,1,5500.0,0.002,2.4059654400491777,0.2928466589720906,603998.8709640421,-0.14156731882715506,-0.4457374082935706,0.23439619389143818,0.99914599658237,2.8030044532462814,0.0025401069518716547,751.6916199814827,0.792561213392037,0.32055437955519345
110,ds110_time110_30.h5,0.0017655872943757314,1,5500.0,0.0025,2.3600964357679093,0.2401332693841738,3480115.9057844225,-0.1599376307767107,-0.388698722260111,0.257610320701242,0.9991107826195398,4.0916755172572365,0.0025401069518716547,1202.3917790769751,0.8045660006808013,0.2969812916742652
110,ds110_time110_31.h5,0.0007017095625943533,0,6000.0,0.0005,3.043271473977965,0.2749173623514035,41520.47852522785,0.4029848209439229,-0.4718167723197825,0.4396985791619791,0.9952956291826506,2.3324525880913463,0.00015957446808509412,740.052260096433,0.7907317678600697,0.1991571553328307
110,ds110_time110_32.h5,0.0007017095625943533,1,6000.0,0.001,2.1937887052612135,0.1727873616048179,385349.02566012926,-0.36617185603301194,-0.41573109910681016,0.3233196859954128,0.9987143816670635,3.512579402188877,0.002632978723404053,1053.3928148823534,0.7353528209395394,0.2656525782406444
110,ds110_time110_33.h5,0.0007017095625943533,1,6000.0,0.0015,2.283475494134774,0.08603627668543856,9005086.40387832,-0.08625083999165692,-0.3199718139495822,0.4959467837327719,0.9967555684375101,7.454097916872909,0.007313829787233481,1927.2379265225761,0.7408106885626746,0.23477989652189496
110,ds110_time110_34.h5,0.0005990194307504536,0,6500.0,0.0005,2.700990707792075,0.2700062670407829,45895.07482182376,0.3977482407613804,-0.4828129796349691,0.3993019030400764,0.9697140584877508,2.3764648957179704,0.00013262599469494873,784.3313902493488,0.753286369540445,0.3374380225874705
110,ds110_time110_35.h5,0.0005990194307504536,1,6500.0,0.001,2.143018163834114,0.17564673274137577,586254.2559024142,0.01829763817854137,-0.41226023555575203,0.29100129789140833,0.9984408672484327,4.073283596210236,0.007135278514588243,1277.9534956130067,0.7502604088603354,0.2358553533801406
110,ds110_time110_36.h5,0.0012627846436092387,0,7000.0,0.0005,2.697800065239776,0.18283556043011628,38825.800341324284,0.8573900322285433,-0.480965725078298,0.08233400407535521,0.9941739301921937,2.380809472388718,0.0001339285714285765,849.0927048983074,0.7279220848876006,0.2253926419356694
110,ds110_time110_37.h5,0.0012627846436092387,0,7000.0,0.001,2.9410349384570273,0.30570851207181604,102477.00649126206,0.19143142337121785,-0.4701130864154213,0.13699605630280065,0.9929889986188053,2.479160704971042,0.0001339285714285765,776.6157938915927,0.7271580723404019,0.23407856139422226
110,ds110_time110_38.h5,0.0012627846436092387,1,7000.0,0.0015,2.2331505647355394,0.2497124666486621,359212.2956438429,-0.2168521786697629,-0.4421778841680868,0.27548976727130114,0.9993307051983862,2.9168132640885815,0.00444642857142874,909.6664145331914,0.7845382522504366,0.37489979130796497
110,ds110_time110_39.h5,0.0012627846436092387,1,7000.0,0.002,2.1926463785960952,0.20469586418566288,2317796.450815243,-0.2062096852401716,-0.37972016715812157,0.331631635071301,0.9993207286124011,4.436732785498124,0.00444642857142874,1344.1571203948745,0.788016238379776,0.26359369500427243
110,ds110_time110_40.h5,0.0032293027695796837,0,7500.0,0.0005,2.010856584318498,0.19168005743077365,29259.141815970834,0.7906022869788547,-0.48764507565825727,0.4820431732421216,0.9959570495497534,2.4068783990388956,0.00013333333333337416,888.4754970358209,0.7309540036783992,0.17443211357932972
110,ds110_time110_41.h5,0.0032293027695796837,0,7500.0,0.001,2.0288576718434004,0.28950803064912367,87625.25000508141,0.23429909971931837,-0.47994164740976697,0.4193316925968483,0.9939284865835336,2.428713138321827,0.00013333333333337416,830.3158852126325,0.7305115501157324,0.17487843022546226
110,ds110_time110_42.h5,0.0032293027695796837,0,7500.0,0.0015,2.0785185438650355,0.3346550504554272,248373.18367760413,0.09619062575842818,-0.47008786676012665,0.3205130949574985,0.989844939573777,2.5832477727352563,0.00013333333333337416,805.6062206438053,0.7295845461283154,0.17801462057928794
110,ds110_time110_43.h5,0.0032293027695796837,0,7500.0,0.002,2.3515423249721326,0.32406672369604284,438890.1062844951,0.07034524292649784,-0.46331509331617965,0.29434002907298645,0.9846699010688132,2.605798215333152,0.000160000000000049,793.1155319223119,0.7302734610050113,0.1824140979093942
110,ds110_time110_44.h5,0.0032293027695796837,0,7500.0,0.0025,2.514311016545395,0.3240182714502783,672294.7309262803,0.032705568647763354,-0.45761684021365284,0.2918041955400798,0.9650838488639516,2.623397749690004,0.000160000000000049,786.1451765439886,0.7312870263943304,0.18858285589111873
110,ds110_time110_45.h5,0.0032293027695796837,0,7500.0,0.003,2.7281429882060797,0.3318405974936663,915028.7959262318,0.02980948425273884,-0.45257879374254345,0.3208428630613255,0.9621514825729902,2.7980721017713694,0.000160000000000049,781.9713210946916,0.7319807532851783,0.19913791636015915
110,ds110_time110_46.h5,0.0032293027695796837,1,7500.0,0.0035,2.861327146842707,0.3089920282426962,1293514.3137096956,-0.019207492758491852,-0.44472496004114787,0.3099912732578207,0.9523056617744914,2.7001613124288246,0.0018400000000005634,807.2730545336958,0.754825546173021,0.22819934586208995
110,ds110_time110_47.h5,0.0032293027695796837,1,7500.0,0.004,2.7992795111793782,0.2895393542296274,2563353.86138703,-0.1704137403403969,-0.4155329180281426,0.31225461771556184,0.9995870409016007,3.1853832791017345,0.0018400000000005634,1014.8815049610602,0.8166940251964109,0.3312327454954052
110,ds110_time110_48.h5,0.0008906615686243859,0,8000.0,0.0005,3.2688630089902833,0.14226603686220196,34377.56798609683,0.9883276380476855,-0.4728176795356706,0.48370309941408307,0.9980394151887648,2.333075164430264,0.0001071428571428612,934.6793620907836,0.8106808269511351,0.22281340706063493
110,ds110_time110_49.h5,0.0008906615686243859,1,8000.0,0.001,2.4055201205226773,0.25340377890343324,120149.23302637551,0.04679850825867191,-0.45788319975442976,0.39334570768478494,0.9959107293904551,2.5290433227021056,0.0019821428571429323,905.0799456032138,0.7437863275378924,0.37858817299612074
110,ds110_time110_50.h5,0.0008906615686243859,1,8000.0,0.0015,2.194265781349067,0.05584337143187157,4395779.381975176,-0.4780941399766206,-0.3337120767292963,0.5567993912219507,0.9977142466319969,5.7410740466029475,0.0019821428571429323,1745.5782922775225,0.7420768775222898,0.24376602925964455
110,ds110_time110_51.h5,0.0005758264881044104,0,8500.0,0.0005,3.756613686879846,0.1471774224452974,41289.10686012692,1.0247112113835417,-0.4636643483498387,0.48416176640316966,0.9983083956941727,2.366415507293376,0.00010695187165776776,986.5793787472422,0.8462478056959336,0.26479584059553973
110,ds110_time110_52.h5,0.0005758264881044104,1,8500.0,0.001,2.1577421163416464,0.11822179879569727,1143773.3955876434,-0.13751114378635393,-0.35564423078634383,0.4888977219892215,0.9980218347653285,5.406187528280176,0.0019251336898398197,1676.1583782431417,0.7481200246097797,0.2282694543921804
110,ds110_time110_53.h5,0.0005758264881044104,1,8500.0,0.0015,2.1924632117083074,-0.009422912399264627,7164116.643434346,0.2688280627925475,-0.3495905417193579,0.5773517910964747,0.9974851535910205,6.333463659632759,0.0019251336898398197,2082.4927685525304,0.7521900414988489,0.22031994485256542
110,ds110_time110_54.h5,0.0005772906941621315,0,9000.0,0.0005,3.5877002998075636,0.156216970831058,37623.309318442174,0.865764565581069,-0.4886831435544693,0.4666164005798526,0.9140096174956818,2.322979817319008,0.00010582010582010914,1005.0989332093924,0.8049104635592492,0.288621888299411
110,ds110_time110_55.h5,0.0005772906941621315,1,9000.0,0.001,2.1020059418269823,0.11245479216749721,931801.4425689788,0.09919643756836816,-0.39904598554774734,0.44887923586273404,0.9986769353509837,4.4165756821403415,0.006560846560846767,1609.0418625840277,0.7477473691600298,0.2312354500548495
110,ds110_time110_56.h5,0.0005772906941621315,1,9000.0,0.0015,2.1181170752854905,0.0771636180002031,2753658.5294215726,0.2896378802663338,-0.3839732003098291,0.5183351762413065,0.9984155571897961,5.321156230904147,0.00653439153439174,1845.930418120677,0.750830522850887,0.2296286170528035
110,ds110_time110_57.h5,0.0007716414291329511,0,9500.0,0.0005,3.7554889367122937,0.16542484446031425,43983.39942829312,0.9310275800617419,-0.4797779714760309,0.43193391886161336,0.9988577795535717,2.372698912752191,0.00010704727921498348,1054.9824678836196,0.8539840704162759,0.26344282936705754
110,ds110_time110_58.h5,0.0007716414291329511,1,9500.0,0.001,2.2008417572358976,0.2273408310384537,103870.92440283192,0.16446756522876205,-0.4644076863880015,0.3995868702938837,0.9986107582064588,2.645274849720252,0.0032381801962532504,1073.4474728548726,0.766168220436604,0.37311596669013064
110,ds110_time110_59.h5,0.0007716414291329511,1,9500.0,0.0015,2.1442717302579246,0.0801229326021049,2205170.1762971906,-0.6181157716858905,-0.377337104408586,0.4259238317550545,0.9986087319425081,4.810444581026347,0.0032381801962532504,1660.7580718537868,0.763603161560089,0.18934700019238426
110,ds110_time110_60.h5,0.0012606707736047204,0,10000.0,0.0005,3.475416155625358,0.1571910830387453,71031.10418379129,0.9718380766081441,-0.47915235471681816,0.07209823683231538,0.98938762523289,2.371628081228121,0.0001071428571428612,1093.1131957538007,0.8020807292361403,0.24084226725813918
110,ds110_time110_61.h5,0.0012606707736047204,0,10000.0,0.001,2.873455488593454,0.24376832356852773,112774.41082653494,0.44165726800546123,-0.4747036441049642,0.09516534357623278,0.9866404743237029,2.3818454062650583,0.0001071428571428612,1041.757520281757,0.7980363581981303,0.24380170546195426
110,ds110_time110_62.h5,0.0012606707736047204,1,10000.0,0.0015,2.187735303975191,0.24081909021789194,291757.3238497401,-0.21132203702324753,-0.4409771865837044,0.3942461593374187,0.9994992653852115,3.0188251334230825,0.00313392857142869,1139.006722423243,0.7865555270163711,0.3784858962535896
110,ds110_time110_63.h5,0.0012606707736047204,1,10000.0,0.002,2.2107730157740186,0.1865927402480081,1194614.8772195927,-0.2967593645344711,-0.3972531204545245,0.41382701619195356,0.9992373532863662,4.029903184219064,0.007633928571428861,1415.5442701181937,0.7875276525305819,0.29141066638146473
110,ds110_time110_64.h5,0.0022427384033762653,0,10500.0,0.0005,2.697314720063906,0.13480035169915738,49297.9836869802,0.9000573633889413,-0.4895299016752326,0.361621592354857,0.9919121951293486,2.311012978323738,0.00010582010582010914,1128.459382106839,0.7270222301008581,0.19100530617486117
110,ds110_time110_65.h5,0.0022427384033762653,0,10500.0,0.001,2.776961623981998,0.24087290614470347,92794.3615256925,0.45485552129476686,-0.48396318511867853,0.3592055566050184,0.9938858933856678,2.4119492564226372,0.00010582010582010914,1076.1932952885609,0.7233661831587458,0.19395383246272302
110,ds110_time110_66.h5,0.0022427384033762653,0,10500.0,0.0015,2.9915148184379974,0.29287136758553367,185817.14018364277,0.19259542821411332,-0.4745900779121433,0.29394572722054785,0.98824928500344,2.538822808322986,0.00010582010582010914,1015.9434523323349,0.7125863780718341,0.2004298981919273
110,ds110_time110_67.h5,0.0022427384033762653,0,10500.0,0.002,3.169556067721076,0.2983487971855431,264698.24486968777,0.14642750234072985,-0.46989231499350076,0.25735322143412054,0.9845295309899365,2.4720872553064575,0.00010582010582010914,1000.015024903471,0.7066905645179874,0.2042533389987971
110,ds110_time110_68.h5,0.0022427384033762653,1,10500.0,0.0025,2.332666051247703,0.2693828475106588,579873.3092288183,-0.17632875278206753,-0.44859666678899357,0.34180497058075493,0.9984489763873582,2.701658572007215,0.001296296296296337,1075.5473190250398,0.7974089951133737,0.3332359589485265
110,ds110_time110_69.h5,0.0022427384033762653,1,10500.0,0.003,2.3250127245057057,0.2421957851111467,1342690.0072672456,-0.29102620640552274,-0.4173029807805429,0.386117823130722,0.9994937502766942,3.3131472493202287,0.001296296296296337,1253.1087185144472,0.8042871364332236,0.38870318336748166
110,ds110_time110_70.h5,0.0038049554224962906,0,11000.0,0.0005,2.2638853787946602,0.1758558428585918,16186.623396151257,2.3278724055328683,-0.49765784319714373,0.3359175947195633,0.9941164220523443,2.3271265991772787,0.00010695187165776776,1318.7774493115637,0.7190873844851456,0.10605517581659384
110,ds110_time110_71.h5,0.0038049554224962906,0,11000.0,0.001,2.2571253906725666,0.24428270486188297,93925.02437406602,0.48777260888023705,-0.4842663424115336,0.29837018823876627,0.9882377530082452,2.360852266839232,0.00010695187165776776,1103.7022675598312,0.7173518985390239,0.11153585500282225
110,ds110_time110_72.h5,0.0038049554224962906,0,11000.0,0.0015,2.451205264071038,0.27256931735316325,141159.30914854765,0.29299985854546284,-0.47884193955614734,0.2703183187286089,0.9899003397790761,2.5045105865544937,0.00010695187165776776,1070.9294615908086,0.715785311316647,0.11451166706000723
110,ds110_time110_73.h5,0.0038049554224962906,0,11000.0,0.002,2.7273208041600756,0.3077379962625033,289162.79846954974,0.12765146417041354,-0.4690575008092903,0.22709645285407737,0.9810108539591205,2.5530853585641773,0.00010695187165776776,1047.4432432186186,0.715323158358171,0.12190748652883526
110,ds110_time110_74.h5,0.0038049554224962906,0,11000.0,0.0025,2.8598221297217803,0.3018703927381532,410226.97510125366,0.09816153444368439,-0.4647471555526061,0.19932629834009108,0.9774773756549484,2.6966424136544203,0.00010695187165776776,1037.4307922141704,0.7140092813822996,0.12625105439534154
110,ds110_time110_75.h5,0.0038049554224962906,0,11000.0,0.003,2.9485191548146634,0.32578989369611533,747270.3725043451,0.02600555948173539,-0.4556750699578616,0.15908562368582152,0.9608840229870037,2.7908846643641776,0.00010695187165776776,1013.7477326138494,0.7128596493089541,0.13705427268344042
110,ds110_time110_76.h5,0.0038049554224962906,0,11000.0,0.0035,3.0572814476462518,0.316039090972966,949954.0654725608,0.042730833588237885,-0.451511045449656,0.15351787897792654,0.9717189929760007,2.708110594649222,0.0001336898395722097,1017.0791498186006,0.7130714703284873,0.14188008167568986
110,ds110_time110_77.h5,0.0038049554224962906,1,11000.0,0.004,2.9405729911529646,0.2948157438372151,1465890.5392694413,-0.04810591576843487,-0.4407221537265996,0.2577258379311998,0.960619753676273,2.9881999759096245,0.0012299465240643292,1055.6297358490785,0.7700121647362355,0.17329061381099187
110,ds110_time110_78.h5,0.0038049554224962906,1,11000.0,0.0045000000000000005,2.7131929697742265,0.2832193938040738,2067316.030329018,-0.1868414112303332,-0.42383376007971,0.36872141102941847,0.9993517650594773,2.9188788079606907,0.0012299465240643292,1146.354010811806,0.8284247232806498,0.23456460289231115
110,ds110_time110_79.h5,0.002772188355878499,0,11500.0,0.0005,3.6864779086658284,0.16190339093076433,17995.846376439724,2.6581682128159665,-0.4769412603012105,0.33020731858434865,0.9957448028061414,2.341600517782933,7.985803016859194e-05,1383.3125747412835,0.7501871416029353,0.09758903560482583
110,ds110_time110_80.h5,0.002772188355878499,0,11500.0,0.001,2.827786403940845,0.19604883644014826,105999.85216047443,0.6358871771660428,-0.46364572810007115,0.27889373295842496,0.9872088571691017,2.299384593124284,7.985803016859194e-05,1147.8464607081487,0.7497984372969458,0.10515871376501473
110,ds110_time110_81.h5,0.002772188355878499,0,11500.0,0.0015,3.074569655818532,0.2610874525933071,156646.93547921124,0.3601464281892488,-0.45769801102366053,0.25177969651996,0.9819559556270961,2.3967114947021537,7.985803016859194e-05,1116.045751868399,0.749026954747862,0.11309613400255024
110,ds110_time110_82.h5,0.002772188355878499,0,11500.0,0.002,3.6051122677922818,0.30065387686183376,352728.6051300216,0.13294630844953087,-0.4471006395666823,0.21373979227069234,0.9632230657533528,2.650998221907743,0.0001064773735581226,1113.6699738469758,0.7500482323808316,0.14128131729339533
110,ds110_time110_83.h5,0.002772188355878499,0,11500.0,0.0025,3.5464266866529215,0.3080194993938643,527110.1351336287,0.056368601282440624,-0.4419532255063362,0.2091525719355488,0.743709940596862,3.095865817687289,0.0001064773735581226,1115.433074129828,0.750655522449795,0.1615367813808588
110,ds110_time110_84.h5,0.002772188355878499,1,11500.0,0.003,3.708541284967549,0.3087253930343985,1044007.8251599632,-0.04677264625674054,-0.42781820528987513,0.23376311473674094,0.7315645185417051,3.184023197037424,0.002715173025732126,1148.973282955317,0.7451628205894767,0.25111040618190056
110,ds110_time110_85.h5,0.002772188355878499,1,11500.0,0.0035,3.1326706707886305,0.2784201971799466,1896932.9776715292,-0.18053977004483746,-0.4077346789684607,0.3402361718710571,0.9926753051049751,3.729455189439917,0.004019520851819128,1227.4593593379914,0.7332562750272223,0.35646636287622807
110,ds110_time110_86.h5,0.001327991005994451,0,12000.0,0.0005,7.23732727911773,0.16647008068661595,19142.336688033174,2.4045050586772687,-0.4879269083412646,0.27179664183547836,0.9954084067449515,2.320486314450068,7.978723404254706e-05,1421.967563579751,0.7708114711129553,0.19156852238215427
110,ds110_time110_87.h5,0.001327991005994451,0,12000.0,0.001,3.363240653569428,0.2265927214022383,121555.19699619597,0.45820901010984877,-0.47332106727329826,0.22440343608318827,0.8783728069431851,2.3615829663756465,7.978723404254706e-05,1188.3297377486397,0.7619543428474351,0.23165873139095294
110,ds110_time110_88.h5,0.001327991005994451,1,12000.0,0.0015,2.650854270657804,0.21582676444414117,250663.61004558927,-0.008287530141292717,-0.4592846834579893,0.3267181279345521,0.9875748267642753,2.6250165596866246,0.001329787234042451,1205.854738006311,0.731168243922839,0.39138655174887477
110,ds110_time110_89.h5,0.001327991005994451,1,12000.0,0.002,2.167850785240896,0.007593396967361166,2634401.82708067,-0.8685659549860393,-0.3781619929937584,0.6419538891302803,0.9991048994321858,4.357982518941341,0.001329787234042451,1665.391406167181,0.7294863815235754,0.285510484840777
110,ds110_time110_90.h5,0.0008723980194777004,0,12500.0,0.0005,8.213455371075064,0.1626639533131905,20224.28882778342,2.1851550544780456,-0.4993607048960602,0.21280335900256006,0.995674963962801,2.3145398790549176,8.00000000000245e-05,1458.637643083921,0.7429201571335408,0.25284167360421317
110,ds110_time110_91.h5,0.0008723980194777004,1,12500.0,0.001,2.195098361154047,-0.029316138004975567,916121.1448515999,-0.7621685922563324,-0.4131901226446775,0.6662442034499152,0.9986552779263074,4.219961777880973,0.001280000000000392,1690.8338215982826,0.7344676654876099,0.27006902469388483
110,ds110_time110_92.h5,0.0008723980194777004,1,12500.0,0.0015,2.1788356588058404,-0.06643708758582645,6302165.795639491,-0.5472840412686217,-0.3438453724624772,0.771514245008302,0.9967107433962333,6.358086209281562,0.001280000000000392,2217.347708504752,0.7387718353309997,0.24584638465687547
110,ds110_time110_93.h5,0.0006792028181578542,0,13000.0,0.0005,8.61747777641805,0.13730783280492598,24300.485801254108,2.3948352372268635,-0.4754265031136809,0.2060661623804865,0.9996848957775422,2.3710822361252313,8.050089445437586e-05,1522.890076136369,0.7292407875784895,0.274982799934066
110,ds110_time110_94.h5,0.0006792028181578542,1,13000.0,0.001,2.2375495714078544,-0.010188645955747644,145259.67664482835,0.03870693969564247,-0.44759864646123165,0.39391491270332535,0.9978689037948724,2.719742448600017,0.0033810375670837857,1438.5834484632987,0.7419993740366828,0.30891584578927345
110,ds110_time110_95.h5,0.0006792028181578542,1,13000.0,0.0015,2.1261015945196466,-0.0025453558224712847,7591930.8580929525,-0.3088073962239578,-0.33229773187922307,0.9163470754739558,0.996719637105836,7.116830249484615,0.0,2377.6570988403796,0.7498560782331343,0.2294436947589668
110,ds110_time110_96.h5,0.0005906465844697629,0,13500.0,0.0005,7.175229092060025,0.16636036123349784,28075.548352197282,2.1392071577413505,-0.5005610378754103,0.17094303544380535,0.9996151826139026,2.3228511172907678,7.936507936508186e-05,1547.8081930587484,0.6697603265753972,0.285126785856328
110,ds110_time110_97.h5,0.0005906465844697629,1,13500.0,0.001,2.1844771509889664,0.061251274204406014,357044.8934604164,-0.30822976402642893,-0.4271583376216109,0.5683662899765162,0.9977790497586291,4.142031958203037,0.0066137566137568216,1794.5746525482014,0.7332083548231815,0.25388867842804913
110,ds110_time110_98.h5,0.0005906465844697629,1,13500.0,0.0015,2.1579975733773886,-0.13900110006967492,8330158.278888712,0.3053529975981153,-0.38559362204502917,0.8572142551789893,0.9956765978608552,6.280023427931006,0.0,2456.573991562668,0.7411021501393467,0.22817823530034587
110,ds110_time110_99.h5,0.0005561338443744243,0,14000.0,0.0005,7.23858667567893,0.1351434641477498,25898.697928942107,2.381538161756728,-0.47506025962871584,0.1501980399190996,0.9993450879959093,2.3810692402938236,5.35714285714306e-05,1607.1692070693305,0.6626312940827361,0.27782146946527414
110,ds110_time110_100.h5,0.0005561338443744243,1,14000.0,0.001,2.130540564949308,0.06459354093407543,412249.4093711711,-0.25943354607119445,-0.3963061493159746,0.6266441166362764,0.9979381826326151,4.5043699324911755,0.0032678571428572667,1865.6303797432347,0.7495141887668851,0.24218183123381926
110,ds110_time110_101.h5,0.0005561338443744243,1,14000.0,0.0015,2.1219555042576435,0.01344944010407545,2827279.8861616487,-0.4151136101491821,-0.34763650175889654,0.7753486582607965,0.9979253980100975,6.035792529894176,0.0032678571428572667,2256.2619911301235,0.7532928084739603,0.21792421429946562
110,ds110_time110_102.h5,0.0005565374260395444,0,14500.0,0.0005,6.975034207200452,0.11897542969418029,32102.168847542296,2.5428412087845986,-0.46136358310377307,0.15319687969294432,0.9996801009474522,2.393843577461037,5.30503978779795e-05,1681.7407265068869,0.6390236673955508,0.26973829773024693
110,ds110_time110_103.h5,0.0005565374260395444,1,14500.0,0.001,2.1941719036148033,0.01725345273909129,328211.078360616,-0.059130392076142006,-0.39612604217793246,0.5342461240468429,0.9979603108223863,3.909268748657317,0.001989389920424231,1814.5118213119888,0.7436663667215603,0.24043947734844512
110,ds110_time110_104.h5,0.0005565374260395444,1,14500.0,0.0015,2.1059908555705937,0.07565231467503164,2074988.7712311312,-0.04396432466449462,-0.3402436506247683,0.7965687288334259,0.9975570872393672,5.803202891294912,0.001989389920424231,2199.619198305023,0.7492790430150539,0.22088356449654503
110,ds110_time110_105.h5,0.0005849300035825164,0,15000.0,0.0005,5.184731818833086,0.1583539894040984,22822.039086296954,2.177665073719388,-0.4882687392282575,0.11866992443831881,0.9997419001876486,2.3181339081841155,7.894736842103955e-05,1699.7671967891758,0.6004968755180115,0.2785283864600968
110,ds110_time110_106.h5,0.0005849300035825164,1,15000.0,0.001,2.153492196999148,0.05323973398573845,282922.29469276726,-0.006399076808774939,-0.4301704489165378,0.45988544198125025,0.9975388296013575,3.6453720923627495,0.003947368421051978,1788.1695209070558,0.7376651532864251,0.2455963017369869
110,ds110_time110_107.h5,0.0005849300035825164,1,15000.0,0.0015,2.1062658312208176,-0.04896374570577566,1588570.496505775,0.20134879139467562,-0.3953052288176647,0.6639583531186044,0.9984809753545164,4.642494164630986,0.003921052631578298,2088.544878137326,0.7442182937494504,0.21221067632773635
110,ds110_time110_108.h5,0.0006405050699818866,0,15500.0,0.0005,4.161350533330076,0.1582226216539686,44740.86359270407,1.9175342361471934,-0.5031879142892617,0.08391708422729637,0.9994542471166195,2.347857598801059,8.06451612903325e-05,1700.8532689476283,0.5899519224596295,0.2849589558040306
110,ds110_time110_109.h5,0.0006405050699818866,1,15500.0,0.001,2.3987334269303457,0.07112355446290386,278703.8839803514,-0.042293720872709134,-0.45400817846806896,0.39442197532860723,0.990864235136909,3.5667690055296344,0.003924731182796182,1788.6550915443852,0.7617405142206831,0.242148103767585
110,ds110_time110_110.h5,0.0006405050699818866,1,15500.0,0.0015,2.3978051986554227,-0.051703761141109084,1460065.4913054495,-0.3739915609149871,-0.4220777457786432,0.5057155824935315,0.984270386880768,4.557557578659309,0.0,2047.5902504861779,0.7627959955022183,0.18650281040423952
110,ds110_time110_111.h5,0.0007265785678046515,0,16000.0,0.0005,4.126337654773884,0.15381339411461914,35687.33938287086,2.206364609364932,-0.4901510574254617,0.09247384032809668,0.9998607291005213,2.337359485894,5.35714285714306e-05,1801.6777777462125,0.5751077962239703,0.27529861499309055
110,ds110_time110_112.h5,0.0007265785678046515,1,16000.0,0.001,2.2367087874017737,0.03243189172619365,238326.01808060426,-0.04802262612822424,-0.4452315336697794,0.3066612056783453,0.9989673676418038,3.182417696949571,0.0019285714285715017,1740.0481581086378,0.7587206009712467,0.2605509516886269
110,ds110_time110_113.h5,0.0007265785678046515,1,16000.0,0.0015,2.1450443739917096,-0.07205930826377416,1994227.90360406,-0.8405319236656112,-0.3851855914891817,0.5021142152620717,0.9977429799275624,4.832489114377698,0.0019285714285715017,2057.602644740862,0.760653140454419,0.17978628708090647
110,ds110_time110_114.h5,0.0008501582124555779,0,16500.0,0.0005,3.5686658604913024,0.15014005816866294,47658.89894428848,2.295662425373107,-0.47413286821027534,0.0969736842233115,0.9997642452896724,2.360429778927556,5.347593582888388e-05,1839.3591033021546,0.57117846683038,0.2666140108957502
110,ds110_time110_115.h5,0.0008501582124555779,1,16500.0,0.001,2.346264012832292,-0.009771998349224376,163245.85465818178,0.5082787238518611,-0.45235436632673154,0.16418897889012682,0.9979873124523848,2.645992386440469,5.347593582888388e-05,1648.2691407499547,0.7409968570750469,0.3169401553551521
110,ds110_time110_116.h5,0.0008501582124555779,1,16500.0,0.0015,2.143930764977544,0.014916082804550701,1526239.4000530886,-0.6307788591691695,-0.3694873167953371,0.4764627943039978,0.9985845549687419,4.734736663875017,0.0,2003.9954211812549,0.7646837927052368,0.1981126733995939
110,ds110_time110_117.h5,0.0010221669291772542,0,17000.0,0.0005,3.210977241233154,0.11699538515140939,43459.31866818912,2.5047793037378057,-0.457177949012276,0.0944882498074421,0.9997355415386158,2.304891154338304,5.347593582888388e-05,1901.2450707971982,0.5734909014723979,0.25735529573414473
110,ds110_time110_118.h5,0.0010221669291772542,0,17000.0,0.001,2.7764076313759873,0.03050505282682492,145162.36260332278,1.0403571968038776,-0.4455714854884325,0.09455432499207746,0.9996569145527071,2.4622129202725085,5.347593582888388e-05,1650.5282062347608,0.6081475124783631,0.2644937445839765
110,ds110_time110_119.h5,0.0010221669291772542,1,17000.0,0.0015,2.2039190493457492,0.04187729627281267,768056.1026585714,-0.3984434055090414,-0.3841182722800648,0.3382980035638285,0.9990536359509378,3.73882586102558,0.002593582887700868,1823.773282804581,0.7678308051777377,0.2504026128603918
110,ds110_time110_120.h5,0.0010221669291772542,1,17000.0,0.002,2.16841468746791,0.010470127587965283,4065990.5016913903,-0.4541778031654805,-0.32261590544257757,0.5519887180670023,0.9979891180897755,5.420466886604397,0.002593582887700868,2100.097191402833,0.7735529781496474,0.18595770571606307
110,ds110_time110_121.h5,0.0012577353396703002,0,17500.0,0.0005,2.5711585848661076,0.11038210810386007,48639.27396988918,2.123509240285653,-0.49038475095412376,0.01657437771128658,0.9998439771309192,2.338625748916956,5.35714285714306e-05,1898.4504632868425,0.5721046851197659,0.27166004543522304
110,ds110_time110_122.h5,0.0012577353396703002,0,17500.0,0.001,2.6398606090197405,0.06408259623508239,209289.2704165236,0.8511069327423444,-0.47705246432931303,0.007539904802300543,0.9997870315330101,2.3392433548588394,5.35714285714306e-05,1670.0440252552805,0.5896857673282222,0.27762656338047104
110,ds110_time110_123.h5,0.0012577353396703002,1,17500.0,0.0015,2.3649553232865883,0.08857403602033731,607287.2008535351,-0.2078333045972732,-0.4339303590423394,0.18762471971874364,0.9981675237518728,3.146804546244138,0.0025178571428572383,1733.8738641533737,0.7644341303505073,0.2990766771820187
110,ds110_time110_124.h5,0.0012577353396703002,1,17500.0,0.002,2.1894798651434906,0.06768036178238579,2757457.9046581327,-0.3787216516446944,-0.3703596939919448,0.41316007236931485,0.999186236432412,4.832294230038947,0.0025446428571429536,2032.1119147222923,0.7799009851487279,0.22032942967520555
110,ds110_time110_125.h5,0.0015758125165464582,0,18000.0,0.0005,2.2939776048858427,0.13351902771835134,47138.55630352664,2.262781449172772,-0.4726804331939064,0.07668243695254118,0.999870463451787,2.3230597331803904,5.376344086022167e-05,1971.3728124917336,0.5848454482922829,0.2635180117831844
110,ds110_time110_126.h5,0.0015758125165464582,0,18000.0,0.001,2.598160382023259,0.023708796132915655,160209.7356618584,0.933944526601691,-0.46126381460670945,0.07647257185342744,0.9997918180565502,2.3732460319356603,5.376344086022167e-05,1710.9878946921717,0.5898419017157913,0.26556562614742674
110,ds110_time110_127.h5,0.0015758125165464582,0,18000.0,0.0015,2.8697447350052867,0.16860719121621193,286404.40032699413,0.4492395822392491,-0.45090783446651767,0.07900534059926553,0.9996993431550448,2.4658470127779797,5.376344086022167e-05,1623.4850914281158,0.6231810379197172,0.27177800512889244
110,ds110_time110_128.h5,0.0015758125165464582,1,18000.0,0.002,2.3686940344750296,0.14208621017537992,981340.4311653937,-0.27643688385425946,-0.400173280018223,0.2785308134858412,0.9992440339308136,3.261094504237777,0.005053763440860837,1775.302421748929,0.7730374367974177,0.29394521441055477
110,ds110_time110_129.h5,0.001997127622506406,0,18500.0,0.0005,2.2586006679023884,0.13253435011253378,53221.269687287,1.868034242046972,-0.5069526104135722,0.0668842283841041,0.9998515408126863,2.340424068790014,5.405405405406461e-05,1946.1913701721128,0.5958970015836923,0.2823349346712014
110,ds110_time110_130.h5,0.001997127622506406,0,18500.0,0.001,2.566464579641881,0.061245205200256114,140507.4326124394,0.7615372761846227,-0.49554343547277135,0.06377901866435925,0.999776550855513,2.4059232637825825,5.405405405406461e-05,1709.5407310223122,0.6003987901579229,0.2838898586313805
110,ds110_time110_131.h5,0.001997127622506406,0,18500.0,0.0015,2.7393426316208336,0.19585960486368248,260219.02906473755,0.3606339924574534,-0.4865230530880564,0.06193872623468152,0.9998285062345712,2.5824065794548665,5.405405405406461e-05,1632.0060284356318,0.6128461857140822,0.2858987994088291
110,ds110_time110_132.h5,0.001997127622506406,1,18500.0,0.002,2.8140815520624196,0.20688736660127827,248593.4702689385,0.37457410700426375,-0.4859430025323223,0.061920735583546056,0.9997236305518404,2.5028604456709536,5.405405405406461e-05,1627.1135679555691,0.6111534606339581,0.28709398825060495
110,ds110_time110_133.h5,0.001997127622506406,1,18500.0,0.0025,2.674230418663333,0.17595535913321836,627399.0666120464,-0.1864301077704469,-0.45893771380734827,0.1680119265142355,0.9994063657949566,2.7621238382887103,0.0024864864864869722,1672.770145574911,0.7381462667187193,0.31711478256719894
110,ds110_time110_134.h5,0.001997127622506406,1,18500.0,0.003,2.2599723590439798,0.08962377757958762,2774370.0298128356,-0.4895696241708294,-0.39698081690457615,0.39276309062456843,0.9998276799961983,4.063312167891096,0.0024864864864869722,1928.797417971903,0.7957417857080408,0.2822736437359197
110,ds110_time110_135.h5,0.0025400184256114153,0,19000.0,0.0005,2.188975754305516,0.15698673882580327,52962.57456945919,1.8544421615082678,-0.507655274819879,0.06422786331413495,0.9998245730082765,2.283221560030665,5.26315789473597e-05,2004.1935142391908,0.5917709157186344,0.2816953035618498
110,ds110_time110_136.h5,0.0025400184256114153,0,19000.0,0.001,2.5295010455364126,0.049040277986375225,140182.52659582393,0.7577633893111998,-0.4953587235059673,0.06267046886947696,0.9998067587678378,2.381484577128736,5.26315789473597e-05,1748.0632917518296,0.5939734996197609,0.2832481860300698
110,ds110_time110_137.h5,0.0025400184256114153,0,19000.0,0.0015,2.698967139234213,0.19339627001142135,248813.39489968738,0.42603056211979223,-0.48661344565644665,0.06057049626074453,0.9996714041800666,2.498003034286388,5.26315789473597e-05,1671.8439175729486,0.5981825888366527,0.284706707593721
110,ds110_time110_138.h5,0.0025400184256114153,0,19000.0,0.002,2.6453019155850113,0.17996900417281658,255438.28432245814,0.4436345376811666,-0.48758643187240175,0.06089540738648788,0.9998288182585499,2.4177079779268893,5.26315789473597e-05,1679.0630914838334,0.5976608295018209,0.2838983995933501
110,ds110_time110_139.h5,0.0025400184256114153,0,19000.0,0.0025,2.8050081237229207,0.24757679202020477,376345.60361522465,0.22923464717669137,-0.4790165314152176,0.06038297873397494,0.9996545949077448,2.523978170258394,5.26315789473597e-05,1649.5566801087257,0.606414322198908,0.2855245118269335
110,ds110_time110_140.h5,0.0025400184256114153,1,19000.0,0.003,2.8300465103052392,0.20525522994909773,819773.5114991143,-0.19352279753943025,-0.4554883316126699,0.1501489580165121,0.9996354797757055,2.8584989576452493,0.002447368421052226,1694.9331852359758,0.69068503816528,0.3058214572533491
110,ds110_time110_141.h5,0.0025400184256114153,1,19000.0,0.0035,2.402877617142443,0.14055771557312058,2875302.137397249,-0.47752310399821635,-0.40078296433447314,0.3279908241090863,0.9996677489721038,3.803356473888478,0.002447368421052226,1882.0164118506232,0.7613983321179053,0.30639505937793443
110,ds110_time110_142.h5,0.003215399933597181,0,19500.0,0.0005,2.187541525272815,0.10661173283638914,51297.99043807367,2.0454978842922507,-0.49058290421197265,0.06897459967867807,0.9998545085873626,2.319396013331122,5.30503978779795e-05,2057.9088407432796,0.6125474126651422,0.27236098632731554
110,ds110_time110_143.h5,0.003215399933597181,0,19500.0,0.001,2.4124654140663737,0.03656316151674144,163014.98758068494,0.8300666128786395,-0.4782720433496889,0.06792615199900565,0.999846714481438,2.3706646896312082,5.30503978779795e-05,1791.434730330575,0.6138343851031605,0.2736544301939446
110,ds110_time110_144.h5,0.003215399933597181,0,19500.0,0.0015,2.5949564882010554,0.15746964414036402,290851.6976100886,0.4928971750829062,-0.47015283932167656,0.06535511070252636,0.9998838987960905,2.340212957228661,5.30503978779795e-05,1707.9113475856134,0.6161366419868715,0.2739246271196883
110,ds110_time110_145.h5,0.003215399933597181,0,19500.0,0.002,2.553479996086936,0.16588012789893347,286113.3798225703,0.47211332900313113,-0.4696090617155559,0.06407561586939275,0.9995964613955839,2.320672069682344,5.30503978779795e-05,1704.3939644430818,0.6157564246636601,0.27399341059048266
110,ds110_time110_146.h5,0.003215399933597181,0,19500.0,0.0025,2.669445034141109,0.22328831264825055,396162.72279904934,0.3013640124570411,-0.4609671396161857,0.05871794322178236,0.9996941905455801,2.46585641117377,5.30503978779795e-05,1655.1198200714678,0.6188135415845348,0.27445801110973095
110,ds110_time110_147.h5,0.003215399933597181,0,19500.0,0.003,2.679196351319658,0.317742784522129,482720.38963180897,0.14915362730872334,-0.4522475828222207,0.06189027714130555,0.9996881650428303,2.457732577826924,5.30503978779795e-05,1648.5493893217947,0.6223801830311262,0.27656837240793286
110,ds110_time110_148.h5,0.003215399933597181,1,19500.0,0.0035,2.8727071728651374,0.27418721643782074,970425.1138597305,-0.011421240659930694,-0.43942593381309675,0.09935501630920368,0.9995602973915377,3.0468692422418235,0.0006896551724137335,1699.2963493320729,0.6515519064214255,0.2816560289646455
110,ds110_time110_149.h5,0.003215399933597181,1,19500.0,0.004,2.682206251013969,0.1972006797161865,2772232.240552626,-0.29799458464919715,-0.3975931503512223,0.2469811814883669,0.9990638083505327,3.5788815272319674,0.0006896551724137335,1841.2917014864497,0.7344796601655791,0.29931300303388225
110,ds110_time110_150.h5,0.004023883320804731,0,20000.0,0.0005,2.1561352399354936,0.09858660822914134,60780.134041140744,2.2126971607529233,-0.4718559890846965,0.08003743953730333,0.9998550401988123,2.3515129091274605,5.35714285714306e-05,2131.3889429237574,0.6366787508470324,0.2623851566889505
110,ds110_time110_151.h5,0.004023883320804731,0,20000.0,0.001,2.3480834590365784,-0.015051267139243762,232098.454247339,0.9651627929160049,-0.45846904908386166,0.06440642985302339,0.9998318148310297,2.4345878466481357,5.35714285714306e-05,1850.3280121419025,0.6375794665873542,0.2645379680959117
110,ds110_time110_152.h5,0.004023883320804731,0,20000.0,0.0015,2.313316980952743,-0.021930038248631156,230480.04763470363,0.9243595282341693,-0.4583497959359789,0.06077123160573157,0.9998713013337955,2.3322271548400004,5.35714285714306e-05,1837.9219154042223,0.6372948816949304,0.2637787624021753
110,ds110_time110_153.h5,0.004023883320804731,0,20000.0,0.002,2.4202564301657223,0.1057319763248612,501906.9050956109,0.5665599909883978,-0.4489526028188805,0.055885116940625895,0.999627301277424,2.457216581184027,5.35714285714306e-05,1731.8966510594898,0.6384631685264274,0.26459093558568003
110,ds110_time110_154.h5,0.004023883320804731,0,20000.0,0.0025,2.491590228254023,0.2093936876258602,588457.0803593716,0.3884165601774303,-0.44112096932290673,0.057854953452030525,0.9997512257590171,2.4264792417949965,5.35714285714306e-05,1672.992972691323,0.638890426139312,0.26492633193892545
110,ds110_time110_155.h5,0.004023883320804731,0,20000.0,0.003,2.500196017638457,0.2341105114068016,533755.8191414763,0.24400541163384434,-0.4333371759960331,0.059548477696083346,0.999642837479694,2.485309225261984,5.35714285714306e-05,1642.3480254474266,0.6398241018581732,0.26488531244060276
110,ds110_time110_156.h5,0.004023883320804731,0,20000.0,0.0035,2.607650464179965,0.2836263888973396,604936.2754553378,0.1291959491548261,-0.42453201810343455,0.061315011111106765,0.9996079172062701,2.6842864987285213,5.35714285714306e-05,1640.6992512083066,0.6411205318187946,0.26591810610895517
110,ds110_time110_157.h5,0.004023883320804731,0,20000.0,0.004,2.5832977099656307,0.25580257617521274,637096.3815045533,0.16413819593559717,-0.4242693579385258,0.05837974758769864,0.9996455409784296,2.7221512285943223,5.35714285714306e-05,1637.6710160670627,0.6414146512499317,0.26556550330807344
110,ds110_time110_158.h5,0.004023883320804731,1,20000.0,0.0045000000000000005,2.6513768182168955,0.2762632685352726,1190659.8772570235,0.03367976119221,-0.41605009126485515,0.0651654735476962,0.999709959401252,2.8963361181800424,5.35714285714306e-05,1683.023935439344,0.6472775588950929,0.2661031934535797
110,ds110_time110_159.h5,0.004023883320804731,1,20000.0,0.005000000000000001,2.7978768620280414,0.25238432123901733,2601290.6603924455,-0.16781596970726392,-0.3901527809477544,0.15815615087944251,0.9993605680966364,3.4557781339964486,0.0006696428571428825,1787.3184212792366,0.6901267958094087,0.27523833899516453
110,ds110_time110_160.h5,0.004023883320804731,1,20000.0,0.0055,2.735123867946908,0.22684894132569888,6109017.871769447,-0.23918734681824025,-0.354219559231299,0.27584013206582275,0.9986831164160607,4.168096807152754,0.0006696428571428825,1971.173501288474,0.7438914025715383,0.28509671394066266
110,ds110_time110_161.h5,0.0049570007975977045,0,20500.0,0.0005,2.1733091402515043,0.12104494263645793,52299.09852889619,1.7694654489485961,-0.5097537210992475,0.07063582388567109,0.9998694258759462,2.3554959956105024,5.420054200541702e-05,2100.7998121678893,0.6636080514169662,0.2836052266963621
110,ds110_time110_162.h5,0.0049570007975977045,0,20500.0,0.001,2.314774016326209,0.037768237162216556,166772.6690476398,0.7471475503359319,-0.49681971205104697,0.06869358488952051,0.9998006791079111,2.3610317718446043,5.420054200541702e-05,1834.3065494080402,0.6640388094624898,0.28535460919372035
110,ds110_time110_163.h5,0.0049570007975977045,0,20500.0,0.0015,2.2223883438336456,0.022872706947151267,170367.5011159132,0.7445580376154131,-0.4965576787172203,0.06976623474208116,0.9997033179941609,2.348000326239476,5.420054200541702e-05,1828.298661901795,0.6639234356226864,0.2854221221356211
110,ds110_time110_164.h5,0.0049570007975977045,0,20500.0,0.002,2.3676184475790985,0.16182795179853549,292296.4672417018,0.4251336132909666,-0.48758662518172885,0.06904426395559013,0.9998860335946071,2.4009100708151383,5.420054200541702e-05,1734.125316422935,0.6649480805825535,0.2856166031425055
110,ds110_time110_165.h5,0.0049570007975977045,0,20500.0,0.0025,2.385856080323104,0.2184189697629746,368368.77722941095,0.2642596231753615,-0.47901897038347596,0.06667859311035322,0.9998082205464438,2.29073780351987,5.420054200541702e-05,1675.0246412122635,0.6652512278195145,0.2860047748475116
110,ds110_time110_166.h5,0.0049570007975977045,0,20500.0,0.003,2.4510469021477603,0.2599450779963657,474256.1509929842,0.17009057939110755,-0.4711305796830821,0.06635998420559083,0.9996452044615476,2.4436469686525215,5.420054200541702e-05,1658.8541220156378,0.6657233424024891,0.28711775486627544
110,ds110_time110_167.h5,0.0049570007975977045,0,20500.0,0.0035,2.4182552948302423,0.2573315929174882,472676.8346653767,0.21728013176345598,-0.4715632362247648,0.06841422204231819,0.9998066081449124,2.3396643162588857,5.420054200541702e-05,1652.3899498117635,0.6660290629822571,0.28678440458536353
110,ds110_time110_168.h5,0.0049570007975977045,0,20500.0,0.004,2.44003382589067,0.2742489495843994,641304.4473204651,0.06598007867081056,-0.4645012014739366,0.06841177687597577,0.9997491685462045,2.562920526183887,8.130081300812553e-05,1650.6167354891286,0.6664299129208464,0.28744958578191054
110,ds110_time110_169.h5,0.0049570007975977045,0,20500.0,0.0045000000000000005,2.4983001258573,0.2806276199591844,1109293.3137387116,0.048017091916672645,-0.45583690152544243,0.07141343121011783,0.9997460746379248,2.9904599442748343,0.0006504065040650042,1699.3778005868762,0.6683013674687525,0.28796148770923596
110,ds110_time110_170.h5,0.0049570007975977045,1,20500.0,0.005000000000000001,2.7097012730866448,0.25640545386710767,2119315.704819276,-0.0507010871741304,-0.4431896714209007,0.11189126074375783,0.9995809056427053,3.4816124316388977,0.0006504065040650042,1770.9174561496861,0.6816291447229655,0.2894486456655772
110,ds110_time110_171.h5,0.0049570007975977045,1,20500.0,0.0055,2.755051548246404,0.23734143255932916,5269448.622549055,-0.1881275898179912,-0.40886037232593603,0.22838864858094934,0.9992330710328413,4.194607939655426,0.0006504065040650042,1976.461509165818,0.7238774263841018,0.2986468413781664
110,ds110_time110_172.h5,0.006001235937344712,0,21000.0,0.0005,2.1249609482913216,0.12344753215379245,52555.086794143084,1.805379883555655,-0.5100684404709882,0.0705468840421702,0.9998576923588658,2.305707237593958,5.291005291005457e-05,2136.4458063439797,0.6622889465950752,0.2829578923384949
110,ds110_time110_173.h5,0.006001235937344712,0,21000.0,0.001,2.2316706499605203,0.03200679865566136,171683.16907445664,0.7538516702053443,-0.49673547661970496,0.07035426963372442,0.9999039055074804,2.316425364328227,5.291005291005457e-05,1871.04712733483,0.6623879818832522,0.2850635223170631
110,ds110_time110_174.h5,0.006001235937344712,0,21000.0,0.0015,2.170185663151064,0.02517104873431264,173086.3250401887,0.7283251201532085,-0.4955984642658113,0.06939478395404378,0.9997993001157359,2.4949663744566632,5.291005291005457e-05,1869.3587525433913,0.6625220197344449,0.28542480245901725
110,ds110_time110_175.h5,0.006001235937344712,0,21000.0,0.002,2.2678080716461673,0.15068131708545396,287654.89730624063,0.44213290324791327,-0.48758811538835234,0.06727375279719487,0.9998250117043915,2.376116090287268,5.291005291005457e-05,1768.3198404331436,0.6627457496630688,0.2860858200626207
110,ds110_time110_176.h5,0.006001235937344712,0,21000.0,0.0025,2.246364519030367,0.21338981173514426,348233.96976427827,0.31888705422552105,-0.47954141694389285,0.06653186961465737,0.9998201188309042,2.308421722352927,5.291005291005457e-05,1700.9296947239266,0.6627048380955634,0.28632301337224825
110,ds110_time110_177.h5,0.006001235937344712,0,21000.0,0.003,2.2607861386230543,0.24040294603866474,452865.9757795763,0.22619464829639002,-0.47187870953724725,0.06199854292080636,0.99973524420427,2.252688226623489,5.291005291005457e-05,1664.9367771146292,0.6627369787648122,0.28684257242062755
110,ds110_time110_178.h5,0.006001235937344712,0,21000.0,0.0035,2.2402638580095107,0.2538995153795285,409531.4425345169,0.23035616077457738,-0.47090487202450987,0.06346287150659966,0.999707559010333,2.3133977587346277,5.291005291005457e-05,1671.4313356958423,0.66277249288795,0.2877139708488685
110,ds110_time110_179.h5,0.006001235937344712,0,21000.0,0.004,2.228035325984684,0.2700233564385135,516157.30691549485,0.13688706210144813,-0.4645494772674717,0.06143959715668333,0.9996472547661769,2.2193249119440654,7.936507936508186e-05,1649.9196850434955,0.6626270347175109,0.28738363020054186
110,ds110_time110_180.h5,0.006001235937344712,0,21000.0,0.0045000000000000005,2.153804053367033,0.2949176916515326,675969.6077385556,0.07543285592506174,-0.4586246643541791,0.06010438956326155,0.9997484476495477,2.3441267502683933,7.936507936508186e-05,1649.5030940684803,0.6625282151186341,0.2877586612679025
110,ds110_time110_181.h5,0.006001235937344712,0,21000.0,0.005000000000000001,2.3244676447616577,0.2775120013399237,1022923.6533447693,0.05612247641695085,-0.4525197949672109,0.06413852430886705,0.9996108296644823,2.651440810500247,0.0006349206349206549,1681.255395845453,0.6637519687957268,0.28836365467405933
110,ds110_time110_182.h5,0.006001235937344712,0,21000.0,0.0055,2.382302849910539,0.27893469170877516,1735266.3432608,0.028300717615675406,-0.444183303277999,0.0777398086057165,0.9997017178948336,2.7160416468609325,0.0006349206349206549,1736.4287860537117,0.6659637873700536,0.28917505766154855
110,ds110_time110_183.h5,0.006001235937344712,0,21000.0,0.006,2.377637671111892,0.28348189967302706,1721959.4778960869,-0.004153062802526894,-0.44451120386574716,0.07802192325693953,0.999537995826124,2.872334776442657,0.0006349206349206549,1739.208684445975,0.665981092667787,0.289015313480891
110,ds110_time110_184.h5,0.006001235937344712,1,21000.0,0.006500000000000001,2.497124626672812,0.2561222097031839,3731882.981531837,-0.11247085807815069,-0.4251412988636849,0.1551367581642596,0.999214676618574,3.7124758075552458,0.0006349206349206549,1881.1695868093307,0.6783600465589293,0.2921605482695533
110,ds110_time110_185.h5,0.006001235937344712,1,21000.0,0.007000000000000001,2.6076572295420317,0.22964134584147056,8181198.132218551,-0.1473417957693025,-0.3956711961924193,0.25221514005668516,0.9987107973577762,4.222616493236733,0.0006349206349206549,2083.842569741992,0.7023344053580093,0.2972594542126965
110,ds110_time110_186.h5,0.007142047959294761,0,21500.0,0.0005,2.0560902987042864,0.11175957686416971,48255.791129599456,2.00941906166413,-0.4916577179905218,0.08043995821685833,0.9998341857512506,2.2756905816057436,5.366726296958856e-05,2217.3077099197826,0.6931222121752868,0.27313248424566433
110,ds110_time110_187.h5,0.007142047959294761,0,21500.0,0.001,2.0988647013463106,-0.032924472787887904,205517.9504710237,0.8847269079616086,-0.4780708745675952,0.07880067150811701,0.9997594507025238,2.318507453623913,5.366726296958856e-05,1909.0974745945493,0.6934324094488311,0.2738038661088062
110,ds110_time110_188.h5,0.007142047959294761,0,21500.0,0.0015,2.0847632380519108,-0.05495679565422629,211306.32317447383,0.9235436929129414,-0.4777146036160154,0.08062126390797339,0.9998262686186479,2.3505047319603607,5.366726296958856e-05,1909.0400378565996,0.6934127272435514,0.2742873135092408
110,ds110_time110_189.h5,0.007142047959294761,0,21500.0,0.002,2.0932821120135237,0.1333681827085349,333433.38160819415,0.5152508407533073,-0.4668244547425691,0.07641616604331906,0.999838263080389,2.270965742598632,5.366726296958856e-05,1805.4094701539668,0.6933218098847191,0.27601287234705907
110,ds110_time110_190.h5,0.007142047959294761,0,21500.0,0.0025,2.0770837867400123,0.19814466049289692,398972.3588638373,0.3560756621039309,-0.4582676683404022,0.07360460634226337,0.9997781652933121,2.309981424633882,5.366726296958856e-05,1725.6600765937467,0.6931168784465979,0.2764083132683874
110,ds110_time110_191.h5,0.007142047959294761,0,21500.0,0.003,2.077446017539195,0.2501184952162827,469807.03009605326,0.2630107715500853,-0.4511165126418858,0.0708049257711941,0.9996888678817283,2.330180207149472,5.366726296958856e-05,1692.7894488379761,0.6933359247479797,0.27690591165738604
110,ds110_time110_192.h5,0.007142047959294761,0,21500.0,0.0035,2.100360539588779,0.2279545820373765,468324.02617813624,0.2526075222745189,-0.45012387468214116,0.07363005028976523,0.9997659792165858,2.293993518792744,5.366726296958856e-05,1687.114033601727,0.6930913464154145,0.27711508956811076
110,ds110_time110_193.h5,0.007142047959294761,0,21500.0,0.004,2.036107196813506,0.2755763422230042,508337.21604042896,0.22425305487648325,-0.4435029074437934,0.06834586086053905,0.9997310794914747,2.2885088546557326,5.366726296958856e-05,1657.5603754159458,0.6930032019448817,0.2779513573647167
110,ds110_time110_194.h5,0.007142047959294761,0,21500.0,0.0045000000000000005,2.039079282163241,0.2728160560610504,630528.4918417216,0.1594368154223085,-0.437247233087308,0.06720927357141776,0.999654272188787,2.17686612523089,5.366726296958856e-05,1638.4329353465803,0.6929250704941764,0.27876290991025604
110,ds110_time110_195.h5,0.007142047959294761,0,21500.0,0.005000000000000001,2.023903328545768,0.26405082101419475,715058.4041734717,0.09320059953730514,-0.43082001951505383,0.06859056061685688,0.9996136292600184,2.2592290565737136,5.366726296958856e-05,1641.3970461511512,0.6928712895061951,0.2791047167613069
110,ds110_time110_196.h5,0.007142047959294761,0,21500.0,0.0055,2.020745390324115,0.27236772888648053,742196.5710549157,0.09618075988023483,-0.43191782436200354,0.06526146093215864,0.9996428509977028,2.191988600841672,5.366726296958856e-05,1639.1780046890756,0.6928887583745093,0.27878306434574485
110,ds110_time110_197.h5,0.007142047959294761,0,21500.0,0.006,2.037342980161046,0.28594836567173987,995831.9960051468,0.07188857087697514,-0.42633601686740596,0.06633484803868941,0.9996725348550864,2.166547533630428,5.366726296958856e-05,1643.0899462250816,0.6929177605346075,0.2790642552035047
110,ds110_time110_198.h5,0.007142047959294761,0,21500.0,0.006500000000000001,2.059552850305768,0.283159809151432,1333948.439606375,0.06333880697884119,-0.42122217055551675,0.06884005513794074,0.9988841505072958,2.2213430855202163,5.366726296958856e-05,1668.6770434658736,0.6932178507260809,0.27910174835763324
110,ds110_time110_199.h5,0.007142047959294761,0,21500.0,0.007000000000000001,2.1303155083227012,0.2667798154564929,2060416.5943330002,-0.05150825779626684,-0.4146685017584067,0.08398253493604257,0.9992333437327299,2.3969802443277635,0.0006171735241502685,1728.725933834327,0.6948453002723037,0.27975680719604584
110,ds110_time110_200.h5,0.007142047959294761,1,21500.0,0.0075,2.1214943102049766,0.2998736215419384,1875626.7598801516,-0.018089982283178443,-0.4146861600092773,0.08348570462600076,0.9995410329392633,2.507890682791798,0.0006171735241502685,1741.0984014697153,0.6948703322024476,0.2795271913290967
110,ds110_time110_201.h5,0.008366312140696573,0,22000.0,0.0005,1.9996526557237067,0.10834432791428128,47911.94795927289,2.042885794084948,-0.49346082288858095,0.08167118413790965,0.9994996480746239,2.239743567634934,5.244755244754318e-05,2265.470775755348,0.69235611464105,0.2715281675549513
110,ds110_time110_202.h5,0.008366312140696573,0,22000.0,0.001,1.9929911990553668,-0.07885853156129774,202633.65893047492,0.9427236522940883,-0.4779832917831756,0.08035001668107382,0.9994876853476181,2.282105247225468,5.244755244754318e-05,1940.8548131996743,0.6921742831737426,0.27368977828541313
110,ds110_time110_203.h5,0.008366312140696573,0,22000.0,0.0015,2.013393640924604,-0.045057636123865485,201316.53526999042,0.9168481705371062,-0.4782091679920347,0.08083105422305698,0.9997597483829753,2.276102529875926,5.244755244754318e-05,1945.8419306024969,0.6921447026427883,0.2739153602143077
110,ds110_time110_204.h5,0.008366312140696573,0,22000.0,0.002,2.0204688300014157,0.11409934321389748,329710.02963738487,0.5354875640773258,-0.4678781500556564,0.07727153168010643,0.999553705742759,2.402301075632771,5.244755244754318e-05,1825.309996393292,0.6922437527777539,0.27491552513784523
110,ds110_time110_205.h5,0.008366312140696573,0,22000.0,0.0025,1.9867726124726826,0.21677932806077704,387232.0930951828,0.34965154246860386,-0.460178944802859,0.0739028780534582,0.9990430783750962,2.3089105153460454,5.244755244754318e-05,1757.545342775456,0.6920809167272981,0.27559395664013114
110,ds110_time110_206.h5,0.008366312140696573,0,22000.0,0.003,2.024067107587088,0.2519602315620795,424854.629605326,0.24146509890012768,-0.45171251866837314,0.07237415181886583,0.9990813032100414,2.340080814242948,5.244755244754318e-05,1724.5176974093738,0.691937443808654,0.27659489275070265
110,ds110_time110_207.h5,0.008366312140696573,0,22000.0,0.0035,1.9921227830361663,0.22689712288911879,458747.41646927904,0.2587815668140972,-0.45150803610356266,0.07158155422758236,0.9988920644161525,2.276631773861857,5.244755244754318e-05,1720.0931481322957,0.6921380180086971,0.2760391600839352
110,ds110_time110_208.h5,0.008366312140696573,0,22000.0,0.004,2.019548591164419,0.2438260426407184,483824.2854952943,0.16586122386514968,-0.4449323007882246,0.06858281054289804,0.9988748724583904,2.3014818910845007,5.244755244754318e-05,1686.1629124186466,0.6919259805938351,0.27702545728441136
110,ds110_time110_209.h5,0.008366312140696573,0,22000.0,0.0045000000000000005,1.9908357321991403,0.2916886380665069,581243.9389012456,0.16461749740473344,-0.4386328549024883,0.0668012460961173,0.9985680528936973,2.196687333059726,5.244755244754318e-05,1678.1869190779344,0.6920910994994193,0.2777903707545962
110,ds110_time110_210.h5,0.008366312140696573,0,22000.0,0.005000000000000001,2.003809160706695,0.2546734790116105,738784.9777492713,0.11087444923915774,-0.4335785851082085,0.06455114535909161,0.9981526550509205,2.2293089826790453,5.244755244754318e-05,1673.5312048409048,0.6920568543676487,0.27814527803680855
110,ds110_time110_211.h5,0.008366312140696573,0,22000.0,0.0055,1.9714605907334426,0.29004806575861974,729637.039722672,0.14325200841136107,-0.4337700893814069,0.06745871618174044,0.9986360974444384,2.178931883049377,5.244755244754318e-05,1670.16285890115,0.6920912316829951,0.27809528209114237
110,ds110_time110_212.h5,0.008366312140696573,0,22000.0,0.006,1.9868967382694107,0.2766385921588097,901848.8255352305,0.10034458123830803,-0.42827548413076527,0.066860041842235,0.9976796802038211,2.2821795576946267,5.244755244754318e-05,1677.420858342052,0.6921473892069198,0.2782161068637933
110,ds110_time110_213.h5,0.008366312140696573,0,22000.0,0.006500000000000001,2.009413596988301,0.29288314307704644,1173838.7430730576,0.05007281711672589,-0.42305503528610855,0.06860189603703343,0.9975260760760136,2.1789379682275754,5.244755244754318e-05,1692.2147689338794,0.6922822800932754,0.27907442036109126
110,ds110_time110_214.h5,0.008366312140696573,0,22000.0,0.007000000000000001,1.9824399348440616,0.2898401800089605,1505430.2214038093,0.03904056212442311,-0.41872710655684675,0.06977867056187236,0.9967667642266063,2.3114161724260747,5.244755244754318e-05,1705.0158977982005,0.6921549823258679,0.2794752813130336
110,ds110_time110_215.h5,0.008366312140696573,0,22000.0,0.0075,1.9977539609299024,0.3026187429663951,1545108.2574074112,0.014820355140592953,-0.41939399105536923,0.0681623514045453,0.9973199917532749,2.235241367733191,5.244755244754318e-05,1720.6668014243166,0.6923487847879201,0.279404274588925
110,ds110_time110_216.h5,0.008366312140696573,0,22000.0,0.008,2.0005134065126287,0.28292890934295145,2087834.6464767817,0.010822121958586057,-0.4139941989894049,0.06998221222806267,0.9966753740085014,2.237454165922225,5.244755244754318e-05,1746.076709583648,0.6923992976369333,0.27953257823569333
110,ds110_time110_217.h5,0.008366312140696573,1,22000.0,0.008499999999999999,2.0189295465609614,0.2971096819323259,2756911.7352205664,-0.058873794659013566,-0.40810714711630475,0.08564630220935006,0.9961206551068005,2.4852103566295223,0.0006031468531467465,1809.125371691689,0.6929310126019285,0.2798496884094786
110,ds110_time110_218.h5,0.008366312140696573,1,22000.0,0.009,2.126208024164984,0.26679264950359804,4208636.16995716,-0.1390212082825997,-0.39424327040309765,0.1422216105063384,0.995922570241722,2.5596302625551055,0.0006031468531467465,1915.6007525234816,0.6956103360985455,0.280858742887545
110,ds110_time110_219.h5,0.009663221726964365,0,22500.0,0.0005,1.9458969638246104,0.10538975831488284,75787.45740942631,2.2110461672498087,-0.47295728980829393,0.09295056628548029,0.9987111493448491,2.379692927800166,2.6666666666667893e-05,2340.0714172885996,0.7276216369988845,0.25936495027603745
110,ds110_time110_220.h5,0.009663221726964365,0,22500.0,0.001,1.9455439466933913,0.07844051644023664,76150.17537665322,2.191503329195103,-0.4729159734774348,0.09333884499090818,0.9986438196709669,2.366535508684194,2.6666666666667893e-05,2340.9067316365827,0.7277187591251749,0.2590458624570037
110,ds110_time110_221.h5,0.009663221726964365,0,22500.0,0.0015,1.9725808527378523,-0.08670932153305388,238892.46946492523,0.9817873067267541,-0.4601158889351173,0.09164170784799454,0.998547299872257,2.4216809338580503,2.6666666666667893e-05,1998.6982609783188,0.7278065751746908,0.2584650663663437
110,ds110_time110_222.h5,0.009663221726964365,0,22500.0,0.002,1.9921992759180198,0.07374663988672947,362649.9913499109,0.6040489322408531,-0.4498407112041492,0.08837941532147495,0.998032234975004,2.3555044803785434,5.3333333333335786e-05,1860.1923130900632,0.7275645203345432,0.2575706271994088
110,ds110_time110_223.h5,0.009663221726964365,0,22500.0,0.0025,1.9662361475701335,0.16912395269106217,442495.88143688586,0.4381190640117557,-0.4427103666025,0.08820270115140107,0.9977756343996118,2.339345147832124,5.3333333333335786e-05,1793.4316715097261,0.7277961648566807,0.25651224584857896
110,ds110_time110_224.h5,0.009663221726964365,0,22500.0,0.003,1.9640900456172354,0.17707281728507862,445262.1094233288,0.4090449529419405,-0.44300166948273967,0.08842096200790661,0.9975882938466566,2.3728587889922523,5.3333333333335786e-05,1798.6660316719913,0.7279215686926467,0.2567593102293537
110,ds110_time110_225.h5,0.009663221726964365,0,22500.0,0.0035,1.9980535968287123,0.21883404097325543,533513.3804511293,0.27868031042974434,-0.43581928371308687,0.08432511503123166,0.996578182617482,2.3819167363169265,5.3333333333335786e-05,1761.8872334510102,0.7278066078848467,0.2559012246738223
110,ds110_time110_226.h5,0.009663221726964365,0,22500.0,0.004,2.0010859003342394,0.2739453198844801,551355.5970984523,0.232000001601157,-0.4303273281964411,0.08321140531931898,0.996591262537773,2.3434716667813222,5.3333333333335786e-05,1724.359923518623,0.7278277365488416,0.25522781239366354
110,ds110_time110_227.h5,0.009663221726964365,0,22500.0,0.0045000000000000005,1.952812428777189,0.28741257056184977,645148.3455523824,0.16540793193257333,-0.4234151547901906,0.08331014702097563,0.9959249456044315,2.2575241399869084,5.3333333333335786e-05,1713.8469467601578,0.7279300240303318,0.25419926640440593
110,ds110_time110_228.h5,0.009663221726964365,0,22500.0,0.005000000000000001,1.9602871542635294,0.26302044982426964,675049.1679286624,0.15794629764633933,-0.423600116607334,0.08445670575584274,0.9960334884620321,2.2660624802058718,5.3333333333335786e-05,1704.5901869132872,0.7278447512427634,0.2546414859085293
110,ds110_time110_229.h5,0.009663221726964365,0,22500.0,0.0055,2.0289207364154667,0.2938687924344421,847656.4808625373,0.1016609042411543,-0.41913292842040795,0.08163351044940502,0.9960599988566629,2.401131002710532,5.3333333333335786e-05,1711.242061666487,0.7278918535387345,0.2532717081489427
110,ds110_time110_230.h5,0.009663221726964365,0,22500.0,0.006,1.9991134602731935,0.27190494562803535,1038182.2061156379,0.08178140957222643,-0.41340427601912605,0.08399151453158261,0.9944386956449336,2.3107708157240965,5.3333333333335786e-05,1708.1752010228504,0.7280134391927933,0.25295483086990267
110,ds110_time110_231.h5,0.009663221726964365,0,22500.0,0.006500000000000001,1.9969178688283207,0.24187154377061604,1039673.952352782,0.07046500821074651,-0.41429290482601,0.08302335004600922,0.9943605225918151,2.2780741778737372,5.3333333333335786e-05,1708.0463401401664,0.7279200437146922,0.25326409070532835
110,ds110_time110_232.h5,0.009663221726964365,0,22500.0,0.007000000000000001,2.0074094567038228,0.26255263697892994,1256126.635940577,0.03394277716926578,-0.40961324517367786,0.08228726979842976,0.9934156533761953,2.2038518812638586,5.3333333333335786e-05,1717.499989242171,0.7280305580637566,0.2521893036702169
110,ds110_time110_233.h5,0.009663221726964365,0,22500.0,0.0075,1.9991157106516486,0.28284384787519756,1535022.1509244437,0.038315266371807453,-0.40401523180252663,0.08316840439676862,0.9920182961452884,2.2400469797844393,5.3333333333335786e-05,1729.6121597832025,0.7280069853942829,0.2525004819490494
110,ds110_time110_234.h5,0.009663221726964365,0,22500.0,0.008,2.040837407311656,0.2879463099652335,1878057.5810865043,0.040819688795225025,-0.3992087697008159,0.08143862354883297,0.9913162949326659,2.154645383306777,5.3333333333335786e-05,1769.4164185375366,0.7279234108973134,0.2522825792372853
110,ds110_time110_235.h5,0.009663221726964365,0,22500.0,0.008499999999999999,2.0246330305433156,0.2784297260116517,1936592.8826726489,0.020103305834408555,-0.399421390774174,0.08419749576238741,0.9900405254493744,2.367484175986808,5.3333333333335786e-05,1774.1698692882444,0.7279849964108802,0.25215333128418227
110,ds110_time110_236.h5,0.009663221726964365,0,22500.0,0.009,2.041909272726594,0.2890774583873865,2579418.7649074756,0.05913067725954615,-0.3931400683313726,0.08407667736262675,0.9898633983986985,2.3314904739387425,5.3333333333335786e-05,1820.5849286696534,0.727839690320547,0.2516131192705524
110,ds110_time110_237.h5,0.009663221726964365,0,22500.0,0.0095,2.015223092316048,0.2897276057365027,3349293.934267348,0.03198675836215331,-0.3888716083084549,0.08182039631044716,0.9859514233832951,2.576747180609205,0.0033866666666668224,1888.188646740166,0.727841849838384,0.25236619876781935
110,ds110_time110_238.h5,0.009663221726964365,1,22500.0,0.009999999999999998,2.010369083844053,0.271356945109825,3268514.375429581,-0.017669955284120093,-0.3882222513503475,0.0875229721313698,0.9859170962146815,2.5496928755721844,0.0033866666666668224,1871.30722458407,0.7277598044133429,0.2515467692620119
110,ds110_time110_239.h5,0.009663221726964365,1,22500.0,0.010499999999999999,2.028673141564259,0.27152503837143005,4143560.6617264864,0.04018763437652097,-0.38340169244510036,0.08978599215428572,0.9835754335578675,2.725200413567721,0.0033866666666668224,1949.9116950306661,0.7276001062686607,0.25213346433222145
110,ds110_time110_240.h5,0.009663221726964365,1,22500.0,0.011,2.0514034110470534,0.26973088134530343,4522750.432636259,-0.011902231152712363,-0.37553976900374036,0.11846755464980473,0.9822396083689804,2.7820713398040744,0.002720000000000125,2046.1218374003972,0.7281148429267399,0.2526354882696512
110,ds110_time110_241.h5,0.009663221726964365,1,22500.0,0.0115,2.0873672280378375,0.2666038093684684,5402922.438074744,-0.020980903518488,-0.36380241299270133,0.16835912248161694,0.9781066863028702,2.487807469345453,0.002720000000000125,2188.4662695450334,0.7290257405027191,0.25443146943251266
110,ds110_time110_242.h5,0.005549053549935148,0,23000.0,0.0005,1.9444708583734442,0.10806261484296797,84557.93705890182,1.661788759870863,-0.5155947772479685,0.15149941557708418,0.9992546486424954,2.2458592695163615,5.4347826086958984e-05,2283.8910686013987,0.7684230928094021,0.28065864884426667
110,ds110_time110_243.h5,0.005549053549935148,0,23000.0,0.001,1.9281596818511422,0.10175098154641127,88014.99907477768,1.6391127572691504,-0.5165442504083793,0.15033469652110557,0.9990319498856912,2.26919982505946,5.4347826086958984e-05,2285.4385552739573,0.7685514264223081,0.28129802872722265
110,ds110_time110_244.h5,0.005549053549935148,0,23000.0,0.0015,1.9759389632728737,-0.00741139610891528,163340.8982794055,0.7317099483038393,-0.5026985918353482,0.16279420841959172,0.9986368177355728,2.3967949170346827,5.4347826086958984e-05,1979.720091679105,0.7684449061876294,0.27804338132577844
110,ds110_time110_245.h5,0.005549053549935148,0,23000.0,0.002,1.9741381684286117,0.13999423294538338,217707.05515137306,0.38329495272114006,-0.49381368984112944,0.15518803256907124,0.9980715421205394,2.276173738620738,5.4347826086958984e-05,1863.1703088655142,0.7684285813499523,0.2763950559595449
110,ds110_time110_246.h5,0.005549053549935148,0,23000.0,0.0025,1.9841657961159687,0.1290721692685819,218161.89346162818,0.39188352066178833,-0.49358486212832664,0.1564612681125446,0.9982928068158772,2.2927063845757796,5.4347826086958984e-05,1866.0994355381717,0.7683596634648886,0.27606444215961284
110,ds110_time110_247.h5,0.005549053549935148,0,23000.0,0.003,2.0080222930121003,0.2139584034923645,374964.6848387656,0.2250470349024134,-0.4861094780545444,0.1337841516455191,0.9976788711005085,2.351362723476469,5.4347826086958984e-05,1806.3159468071242,0.7685225919173815,0.27362462195274256
110,ds110_time110_248.h5,0.005549053549935148,0,23000.0,0.0035,2.04805715536973,0.2369765272942037,586904.5308793917,0.13624944720503418,-0.4791773397303026,0.11340062857073593,0.9972718247357862,2.394012576789126,5.4347826086958984e-05,1781.9118167797249,0.768489661446355,0.2713783142994187
110,ds110_time110_249.h5,0.005549053549935148,0,23000.0,0.004,2.09423816899608,0.2602828023916186,799253.2158796168,0.023584730746465117,-0.47314625558695267,0.09193420218431975,0.9965393195854472,2.485031471340138,5.4347826086958984e-05,1774.2077599753466,0.7683597565218577,0.2694711586914395
110,ds110_time110_250.h5,0.005549053549935148,0,23000.0,0.0045000000000000005,2.05659105511518,0.25252158314545126,777017.5024434661,0.044707257191375846,-0.4731643967181643,0.09268138093899038,0.9967943399739169,2.4079984786727584,5.4347826086958984e-05,1767.1123132627054,0.768156152954317,0.269465313597998
110,ds110_time110_251.h5,0.005549053549935148,0,23000.0,0.005000000000000001,2.101633223055957,0.2397033065642027,961193.060185969,0.03382245915632448,-0.4673874440422049,0.08395870326452395,0.9960257169115934,2.5885149603316626,5.4347826086958984e-05,1779.176413665572,0.7683301399144384,0.2674797912072336
110,ds110_time110_252.h5,0.005549053549935148,0,23000.0,0.0055,2.1236280776238274,0.21917861744762002,1450894.549113967,-0.031763833932486,-0.4610089468232973,0.08201582407360045,0.9949902364663499,2.6897856438632206,0.0013586956521739746,1801.227559291288,0.7682493136170698,0.26521797560447097
110,ds110_time110_253.h5,0.005549053549935148,1,23000.0,0.006,2.1114665668831196,0.25478942982169017,1383267.4524957153,-0.03573742483753109,-0.4614836668873744,0.0814481598587786,0.9956321315272708,2.5446357945437272,5.4347826086958984e-05,1787.9236552490595,0.7681000567420955,0.2657013940659982
110,ds110_time110_254.h5,0.005549053549935148,1,23000.0,0.006500000000000001,2.1978053566411053,0.25528657378794084,1995775.509436841,-0.10039813449577986,-0.4545482107791392,0.09768090955132011,0.9944266336620428,2.730258897191596,0.0020108695652174824,1826.5301940254076,0.7676983872950771,0.2651968058026732
110,ds110_time110_255.h5,0.005549053549935148,1,23000.0,0.007000000000000001,2.323373470247033,0.18822198884404973,4206952.918278458,-0.24483191000000604,-0.4354261066077927,0.1898283285952489,0.9936327672561717,2.9359269435381923,0.0020108695652174824,1934.5597162284707,0.7656259960730275,0.2737390269757694
110,ds110_time110_256.h5,0.003759786320230998,0,23500.0,0.0005,2.1547246862404976,0.11992861582919856,86174.85469985237,1.6944542508818095,-0.5144615145559502,0.15238176737464923,0.999941791092179,2.304654081455405,5.319148936169804e-05,2339.453107401876,0.7686082319878373,0.2798029362512456
110,ds110_time110_257.h5,0.003759786320230998,0,23500.0,0.001,2.1508175538209944,0.10447388757664955,87644.43890503576,1.6290874795294867,-0.5144935681344741,0.14992336312571292,0.9998983493257393,2.3593931548913423,5.319148936169804e-05,2336.012955090207,0.7685751361217021,0.28032526957085596
110,ds110_time110_258.h5,0.003759786320230998,0,23500.0,0.0015,2.175178432995985,-0.040147691490974635,172134.4420372427,0.6798626926191129,-0.5000658621844035,0.16115230786049514,0.9998608541728297,2.369392178048343,5.319148936169804e-05,2036.7470415663104,0.7684234389198863,0.2779554157278559
110,ds110_time110_259.h5,0.003759786320230998,0,23500.0,0.002,2.321599564358681,0.14740663400951393,274055.34547382325,0.3061988516845452,-0.4893788986002151,0.1518467701331647,0.9997351924303859,2.52874312305965,5.319148936169804e-05,1936.1700104042202,0.7682940666556122,0.27639646888155983
110,ds110_time110_260.h5,0.003759786320230998,0,23500.0,0.0025,2.2806811512223963,0.16560160556115,256235.90726863052,0.3185364255702871,-0.49027185607413803,0.15989468564364417,0.9998035762444347,2.518542283146623,5.319148936169804e-05,1937.9957174121882,0.768717728786716,0.27653629015177167
110,ds110_time110_261.h5,0.003759786320230998,0,23500.0,0.003,2.392972974146614,0.22450700278382607,513284.2737446523,0.1280413295534004,-0.4804374013805148,0.13722687489004126,0.999797422744584,2.803811824072326,5.319148936169804e-05,1902.6239698522957,0.7681338262028754,0.2745030695370109
110,ds110_time110_262.h5,0.003759786320230998,0,23500.0,0.0035,2.4750303200288943,0.28271800173992667,918524.0426395063,0.0117245822649935,-0.471916285974699,0.11999307090242291,0.9997502200943947,2.901040094490601,5.319148936169804e-05,1913.3189882147476,0.7677834733972164,0.2736653541147741
110,ds110_time110_263.h5,0.003759786320230998,1,23500.0,0.004,2.574962105547594,0.21204747003796687,2040490.168318153,-0.20104150176142166,-0.4514167482209198,0.16716894076014935,0.9995591202289178,3.3200960205246877,0.001329787234042451,1950.83753975586,0.7622726324512137,0.2875763145795847
110,ds110_time110_264.h5,0.003759786320230998,1,23500.0,0.0045000000000000005,2.4973405595579687,0.18632274198468424,2086086.75183757,-0.24565100083948613,-0.4513777070939657,0.16866293301378765,0.9995561476677933,3.2750390813170007,0.001329787234042451,1953.7099058855422,0.7620506196301943,0.2868526535759582
110,ds110_time110_265.h5,0.0028045101001822966,0,24000.0,0.0005,2.286846312177356,0.09057912810702051,81765.12471631175,1.7931511995905818,-0.4933971020124737,0.12367240945656222,0.9999849631710567,2.343965772091781,5.4347826086958984e-05,2411.5170059398088,0.813973981737169,0.2683941994449262
110,ds110_time110_266.h5,0.0028045101001822966,0,24000.0,0.001,2.2308918652634224,0.0744508665135235,84962.4932938317,1.7600304645745102,-0.493023638242325,0.12315207567074399,0.9999821011305846,2.4241777398559545,5.4347826086958984e-05,2387.840705253127,0.8141406423951765,0.26844833427039744
110,ds110_time110_267.h5,0.0028045101001822966,0,24000.0,0.0015,2.3192060479218384,-0.04544747034231422,262839.72572605294,0.6983522839586996,-0.4777295963463958,0.12096620340459319,0.9999750842661767,2.400878429504363,5.4347826086958984e-05,2079.7869478790008,0.8134762097217924,0.2669918697080086
110,ds110_time110_268.h5,0.0028045101001822966,0,24000.0,0.002,2.4236742066335677,0.17986627815692247,473747.0287017495,0.34868963040811096,-0.46395027315944726,0.12284720070087601,0.9999647961873824,2.6551243244841674,5.4347826086958984e-05,2003.3717253801735,0.8121647040707289,0.2660510726482623
110,ds110_time110_269.h5,0.0028045101001822966,0,24000.0,0.0025,2.471304725254724,0.16124230162461384,521356.2897840412,0.29899362576011346,-0.46488617051242975,0.12292188650913505,0.9999683021113573,2.698934582685177,5.4347826086958984e-05,1994.9598507327637,0.8127395100608715,0.2666404994071852
110,ds110_time110_270.h5,0.0028045101001822966,1,24000.0,0.003,2.5878121795485147,0.17792444370529736,903330.8265834644,0.037774518198227906,-0.4501423873258364,0.14341582041154252,0.9999579125728135,3.2784285930891928,0.0006793478260869873,1967.1304750504257,0.807368561023997,0.27215049710678363
110,ds110_time110_271.h5,0.0028045101001822966,1,24000.0,0.0035,2.672685119942753,-0.022092499481637606,7206586.131632391,-0.6410485230437093,-0.3771181384040123,0.45236783814361675,0.9952022948746383,4.092961987493411,0.0013043478260870156,2275.965638231429,0.7702047505500768,0.2889883009658496
110,ds110_time110_272.h5,0.0022210062281946435,0,24500.0,0.0005,2.4084311593654024,0.0962309621361308,82305.27405366584,1.7355365269658138,-0.49289194261661523,0.1224882687051164,0.9999942119799345,2.382656495491421,5.32386867790613e-05,2446.9243591537265,0.8134650943028593,0.268269965472562
110,ds110_time110_273.h5,0.0022210062281946435,0,24500.0,0.001,2.4265908173927695,0.09527623772201221,78891.37885784546,1.7882205600875725,-0.4930303882519827,0.12234020028881587,0.9999905205222236,2.3111701316130646,5.32386867790613e-05,2459.297977366882,0.81353502305203,0.2676916914628361
110,ds110_time110_274.h5,0.0022210062281946435,0,24500.0,0.0015,2.4946426288204995,-0.05475291532857529,289202.21194729203,0.6540516435397232,-0.47662926356075136,0.12712481627762265,0.999995054604519,2.5464591268524503,5.32386867790613e-05,2135.939321925406,0.8118003218945794,0.26677785093056333
110,ds110_time110_275.h5,0.0022210062281946435,0,24500.0,0.002,2.5885543777917692,0.142735587808833,561780.3474474063,0.1957515749194002,-0.46204082767493576,0.1367308151027925,0.9999861910697112,2.8764116735742307,5.32386867790613e-05,2070.6106833140343,0.8046949293113415,0.27522597113999525
110,ds110_time110_276.h5,0.0022210062281946435,1,24500.0,0.0025,2.606695889616465,0.16216624057406226,541852.610707667,0.1466263856229979,-0.4618737011964202,0.129508613806241,0.9999871202223274,2.7406528982082063,5.32386867790613e-05,2070.502999048615,0.8052229068499875,0.2745259749278839
110,ds110_time110_277.h5,0.0018334158701817185,0,25000.0,0.0005,2.5479218157330785,0.08632465935166755,84101.25669497906,1.7581479414067263,-0.4927045684325341,0.12466554727563446,0.9999979447725871,2.389573514219089,5.2173913043476745e-05,2526.4056166171595,0.8126270563392105,0.26661522849928915
110,ds110_time110_278.h5,0.0018334158701817185,0,25000.0,0.001,2.5403970877145228,0.07073255113838117,81869.66148098135,1.7195989171652082,-0.49279188077408076,0.12332566368255783,0.9999939372079606,2.3615148025980464,5.2173913043476745e-05,2502.0466619211797,0.8129684340567261,0.26758898279551346
110,ds110_time110_279.h5,0.0018334158701817185,0,25000.0,0.0015,2.5945374377165407,0.019074584109069148,283552.07737757766,0.6171448166203872,-0.4767848970733061,0.12627752526045108,0.9999979022766994,2.506647764771303,5.2173913043476745e-05,2192.0875366861223,0.8084947228141522,0.2710755365967824
110,ds110_time110_280.h5,0.0018334158701817185,1,25000.0,0.002,2.7083130787002774,-0.14542004620257476,1906553.1446669577,-0.8543516029632229,-0.4207815654190611,0.32113132387822,0.9947091053928473,3.3654080109072333,0.0006521739130434592,2300.4602685634136,0.7386460079622704,0.2964695902668437
110,ds110_time110_281.h5,0.0018334158701817185,1,25000.0,0.0025,2.709036804840837,-0.14513941691902832,1840484.1940272925,-0.8134500710836442,-0.4213878450125098,0.3147827875635961,0.9934723866366648,3.3245117865533595,0.0006521739130434592,2283.147804312843,0.7385718257544297,0.29591382842397457
110,ds110_time110_282.h5,0.0015606904267795668,0,25500.0,0.0005,2.6614283949448425,0.05925395381753318,131115.4198640584,1.9626391505934595,-0.46940314541957406,0.15561678589746095,0.9999970317844753,2.348703829871801,2.673796791444194e-05,2602.0750023404003,0.8633656562516969,0.2546844084639881
110,ds110_time110_283.h5,0.0015606904267795668,0,25500.0,0.001,2.6798548166806064,0.06206854581262,128676.38472625916,1.9234040513193211,-0.46852070571307924,0.1553610405151602,0.9999984843437851,2.4118833448554318,2.673796791444194e-05,2599.9085263833463,0.8634511788190374,0.2536836615839609
110,ds110_time110_284.h5,0.0015606904267795668,0,25500.0,0.0015,2.618118080392894,-0.030772554010068287,339255.7801176584,0.659137882648337,-0.4507104800611598,0.1642745598180712,0.9999978665784993,2.6492069818360493,2.673796791444194e-05,2254.1023229224966,0.8507044838205504,0.2668256119855602
110,ds110_time110_285.h5,0.0015606904267795668,1,25500.0,0.002,2.5893280227732745,-0.27111627386830217,7141304.32626535,-1.1088734518490873,-0.3303207617385533,0.7156510918348322,0.9946483076823708,5.401341846882931,0.0006417112299466066,2751.625129009543,0.7466965377420075,0.2479356504140966
110,ds110_time110_286.h5,0.00136054144957584,0,26000.0,0.0005,2.7126149740634635,0.0723962199086099,128845.33886724737,1.886468643572102,-0.46953076960146856,0.15622729755726317,0.9999974210523523,2.451464833381039,2.6223776223775055e-05,2630.7187964140608,0.8612755248669755,0.2557646545307686
110,ds110_time110_287.h5,0.00136054144957584,0,26000.0,0.001,2.7408053507491155,0.10375846779138942,125796.74218796902,1.8674787288436736,-0.46866316897538857,0.15472068676194287,0.9999990235400229,2.3982758476178367,2.6223776223775055e-05,2637.0580817033683,0.861804078389213,0.2552420894752157
110,ds110_time110_288.h5,0.00136054144957584,1,26000.0,0.0015,2.7325846593594743,-0.12912124476153974,435489.3114639409,0.3104426322114039,-0.4420702624019501,0.19122526239258184,0.9941031158303476,2.612726393273881,2.6223776223775055e-05,2316.387427677865,0.7920972566907384,0.30421890016761155
110,ds110_time110_289.h5,0.00136054144957584,1,26000.0,0.002,2.5852352289368175,-0.32219292717809744,12711797.003100192,-1.018635207059758,-0.3065450364879914,0.8734246944845929,0.9885665614094236,6.511960246134434,0.0006293706293706014,3053.40850940235,0.7258546886566679,0.24141023441082496
110,ds110_time110_290.h5,0.001208857013201143,0,26500.0,0.0005,2.7224194054889232,0.11552235608846173,85605.16573455853,1.3463038477693283,-0.5175336253815274,0.19281544812120222,0.9999992155180977,2.3064262027620437,5.3908355795148626e-05,2573.02081205294,0.9163080335904628,0.2822705159845824
110,ds110_time110_291.h5,0.001208857013201143,0,26500.0,0.001,2.7380127977947826,0.11467214586168772,83023.14481104884,1.3301550181471418,-0.5179997977279706,0.19220366874606212,0.9999988963059094,2.357750651622951,5.3908355795148626e-05,2563.0671149293235,0.916004638249235,0.28300880270730666
110,ds110_time110_292.h5,0.001208857013201143,1,26500.0,0.0015,2.661128980321813,-0.23159901267432925,3219169.8456835914,-1.3012061676241529,-0.40468369617415273,0.6411732371879394,0.9934847625893845,5.088549493491994,0.0006199460916442093,2803.4971013400686,0.753427024156221,0.2618142525098388
110,ds110_time110_293.h5,0.001208857013201143,1,26500.0,0.002,2.6805686622823695,-0.2582092859078855,3235535.5409155954,-1.2754585817483615,-0.4054328523649903,0.657033754094409,0.991471905232424,4.976859833449122,0.0006199460916442093,2810.9037176557363,0.753485784979698,0.26172921333135934
110,ds110_time110_294.h5,0.0010909729500749124,0,27000.0,0.0005,2.831826511548715,0.09812097781734708,79964.18513817097,1.354873980608307,-0.517493815273013,0.196606442439887,0.9999986705555901,2.290829925656251,5.291005291005457e-05,2587.92533088551,0.9120513696689306,0.2852010529837554
110,ds110_time110_295.h5,0.0010909729500749124,0,27000.0,0.001,2.7877129883573524,0.08590529771200206,84682.34946637985,1.3489483811868508,-0.5173736977851133,0.19162496459853248,0.9999992691241921,2.382195928571249,0.0002116402116402183,2615.0480227245744,0.9122554899624441,0.283536747153093
110,ds110_time110_296.h5,0.0010909729500749124,1,27000.0,0.0015,2.6384344784455553,-0.29152207413523645,5005576.453527331,-1.2357499739869375,-0.37847546310317887,0.8308994519055907,0.9949329557990244,6.100840154178403,0.0006084656084656276,3045.2793927133,0.7334684704932932,0.25505391482370204
110,ds110_time110_297.h5,0.0010909729500749124,1,27000.0,0.002,2.6337940517360097,-0.28043692655289687,5096864.550541611,-1.2130785112084757,-0.37871123790235833,0.8290818055004372,0.9945621821454846,5.884296900678816,0.0006084656084656276,3052.4279541267683,0.7330663379522027,0.25620199452669334
110,ds110_time110_298.h5,0.0009974857615825932,0,27500.0,0.0005,2.9713371664170483,0.08593620234076482,115655.64583551142,1.5639278220333903,-0.4934267878592429,0.23513762275568365,0.9999995734731758,2.3515716498748778,2.727272727272648e-05,2690.4140575560978,0.9736187800684449,0.2740882922692555
110,ds110_time110_299.h5,0.0009974857615825932,1,27500.0,0.001,2.889708429473156,0.07562781269570173,118675.09997578384,1.4771713447945674,-0.49417350584144093,0.24360044433489275,0.9999995641722018,2.6068111501893276,2.727272727272648e-05,2675.683495782869,0.974482682074713,0.2746280709507061
110,ds110_time110_300.h5,0.0009974857615825932,1,27500.0,0.0015,2.542732572297524,-0.3585458396307327,7685947.08764505,-1.018944018212708,-0.34710178906292244,0.9718417284543507,0.992260761512987,6.668621341579769,0.0005999999999999825,3173.625695177841,0.7642960964174746,0.24509393875378843
110,ds110_time110_301.h5,0.0009974857615825932,1,27500.0,0.002,2.4899969525239785,-0.3869001300943864,7809354.581470875,-1.0115352960345008,-0.348182325827055,0.9465342373849888,0.9935653654604724,6.402932572597181,0.0005999999999999825,3175.1998909152035,0.7642656156480993,0.24467617188921764
110,ds110_time110_302.h5,0.0009221192384324033,0,28000.0,0.0005,3.0315373772270804,0.08564426700491379,119966.98958827025,1.54143345056847,-0.494617224429642,0.24695187295970822,0.9999995758099937,2.37004599514024,2.67857142857153e-05,2750.922774016178,0.9630691614645116,0.28256670878478696
110,ds110_time110_303.h5,0.0009221192384324033,1,28000.0,0.001,3.0549019022259087,0.07630279745770596,120290.67913401475,1.5680761786361768,-0.49385694973257055,0.24659614948215264,0.9999993928466705,2.3635973831134165,2.67857142857153e-05,2753.2422839070778,0.9632382684584071,0.2811502206471857
110,ds110_time110_304.h5,0.0009221192384324033,1,28000.0,0.0015,2.5058033811425378,-0.33272731598069893,9313446.292174008,-0.8181106528040563,-0.34839679625106057,1.0561391836316911,0.9908061450390031,6.736355407214422,0.0,3315.782585604371,0.7470459042544102,0.24412948221482456
110,ds110_time110_305.h5,0.0009221192384324033,1,28000.0,0.002,2.531464156290887,-0.33452851004210704,9077096.387624566,-0.8250060638050106,-0.34670524129001,1.073900750800138,0.989945238034138,6.799565194671102,0.0,3294.3597139868034,0.746800707424446,0.2450516828806462
110,ds110_time110_306.h5,0.0008605449197432365,0,28500.0,0.0005,3.14454090020941,0.058999660764281314,121262.94198950386,1.468773245599936,-0.49391069124205617,0.2447035923722381,0.9999997286117699,2.388405872167585,2.6315789473683317e-05,2790.581949224037,0.936313579532321,0.2985391794400037
110,ds110_time110_307.h5,0.0008605449197432365,1,28500.0,0.001,3.111360476018096,0.07418995120554972,120567.81573767107,1.4814879899922666,-0.49200693481535623,0.24773509911513264,0.9999994375408131,2.3474875119824623,2.6315789473683317e-05,2781.857520132794,0.936640185204269,0.2961046672929399
110,ds110_time110_308.h5,0.0008096777554955596,0,29000.0,0.0005,3.1382573698894833,0.06086552952261415,145768.57225028542,1.5160862386100082,-0.46311755603537386,0.3523647996693009,0.9999997117300605,2.4398408662307998,2.7223230490019262e-05,2830.7501462654504,0.9367960910233232,0.30528939804943717
110,ds110_time110_309.h5,0.0008096777554955596,1,29000.0,0.001,3.259367791852544,0.07443357321275723,141894.1519327871,1.57187453415006,-0.4635137454731952,0.35099443152201837,0.9999998831243327,2.406388070033948,2.7223230490019262e-05,2878.9992967586504,0.9364152998771058,0.3044201086212559
110,ds110_time110_310.h5,0.0007672762218490395,0,29500.0,0.0005,3.054191416356964,0.04156972754367594,173521.92587494443,1.229957248611406,-0.4593095911505626,0.366594325995761,0.9963111386005034,2.5408608362849368,2.676181980374587e-05,2935.1977570694944,0.8386697623323971,0.29264699670978406
110,ds110_time110_311.h5,0.0007672762218490395,1,29500.0,0.001,3.0238365113484043,0.024940334535039188,174125.740425653,1.1846764313890696,-0.45853933906053,0.36178894817985763,0.9970099925987496,2.537580093628271,2.676181980374587e-05,2922.337958121532,0.8390330870598972,0.2925454379073677
110,ds110_time110_312.h5,0.0007316755628743679,0,30000.0,0.0005,3.1015891862825047,0.015931527715985938,210942.82062768913,0.6816341042496765,-0.4496728146774183,0.39628088444677007,0.9952860092930073,2.8603488332683713,2.6315789473683317e-05,3035.7065807021486,0.7796856079320862,0.269197882496327
110,ds110_time110_313.h5,0.0007316755628743679,1,30000.0,0.001,3.2122987961757254,0.022523828061518092,207303.3572924058,0.7195431254584763,-0.4514821481883015,0.39541113712120735,0.9966520027604358,2.8250421932841943,2.6315789473683317e-05,3021.752166591609,0.779791628207218,0.26922121628631096
111,ds111_time111_1.h5,0.002382289545987445,0,2000.0,0.001,2.839199163388078,0.3269883083899273,9864.161379827508,0.13943433051571275,-0.46839610010343125,0.42483629935158107,0.980118942977587,4.410675291268334,0.0004787234042553656,197.11722308496462,0.7820470931654577,0.21810634771005485
111,ds111_time111_2.h5,0.002382289545987445,0,2000.0,0.002,3.162516293927965,0.3296003119096727,45338.76586520061,0.040341434781384994,-0.45379914428455376,0.33681971502655317,0.9568737161691081,4.378052695808408,0.0005585106382979266,185.373218043468,0.7710911083621049,0.23391019515558678
111,ds111_time111_3.h5,0.002382289545987445,1,2000.0,0.003,2.7880599309823637,0.29700937593685695,145191.52016186446,-0.12617247257801956,-0.4163887667508418,0.3029950651787144,0.9945621151685972,5.193110844554036,0.015638297872341944,223.65454090384537,0.7702169466767381,0.32469872190253984
111,ds111_time111_4.h5,0.002382289545987445,1,2000.0,0.004,2.899591993534018,0.24965032039275503,1105975.6926392976,-0.1468050672028825,-0.33118860213403734,0.3580749027182767,0.995785163072307,7.9515152157473015,0.015558510638299381,385.6985204038649,0.7750720394711493,0.23684613475456723
111,ds111_time111_5.h5,0.005499313917863636,0,2500.0,0.001,2.3832290279690396,0.3116798808211524,8433.169309298286,0.16851994838314074,-0.4819393204299742,0.38346214267465245,0.9816511070970637,4.449955903492785,0.0003999999999999837,224.38991675347788,0.7324817508915432,0.2083410685926944
111,ds111_time111_6.h5,0.005499313917863636,0,2500.0,0.002,2.586959246454819,0.3168366093883989,41490.80230626291,0.05939867624914403,-0.46562111300699033,0.31347378315241264,0.9683929425931264,4.302085059801431,0.00047999999999998044,210.05515199867062,0.7270214660404769,0.21947359133157962
111,ds111_time111_7.h5,0.005499313917863636,0,2500.0,0.003,2.801155919592364,0.3202313149265025,82889.92950185336,0.010327171566186621,-0.4550597648459782,0.33779606508335736,0.9472504629423565,4.341742323510434,0.00047999999999998044,202.71156796149603,0.7257681807233596,0.23391386161749242
111,ds111_time111_8.h5,0.005499313917863636,0,2500.0,0.004,2.914938658332638,0.3321280859121128,121384.17341085241,0.020203761326028923,-0.44584024153092816,0.39876776567535926,0.9118742542789326,4.1727132567053955,0.0005599999999999772,194.49016036629473,0.7214479974513384,0.24828676366394867
111,ds111_time111_9.h5,0.005499313917863636,0,2500.0,0.005,3.191688000020633,0.33439979943806103,191366.90862238646,0.02332600437177844,-0.43632548442380004,0.56273017503686,0.6104490110214901,4.180204327029969,0.0005599999999999772,186.28771826480784,0.6879468448966153,0.23523520965405584
111,ds111_time111_10.h5,0.005499313917863636,1,2500.0,0.006,2.6754094130315678,0.33940543049660044,298210.36408249533,-0.01856588740970825,-0.42469288084821366,0.5102377241239061,0.980494041023369,4.341328207898976,0.011439999999999534,192.47921571208406,0.8274516360386557,0.25963685460726965
111,ds111_time111_11.h5,0.005499313917863636,1,2500.0,0.007,2.636487576513675,0.29344280646752674,674323.7854440457,-0.09761279213825227,-0.3933574614648232,0.3106543757700791,0.9962441525832976,5.240229832885416,0.011439999999999534,246.28592572157757,0.8302775442922342,0.33559357603196227
111,ds111_time111_12.h5,0.006323554505895383,0,3000.0,0.001,2.156714245543377,0.30812060856005774,10574.842130762247,0.20256711568850036,-0.46492782277822814,0.3247477186782148,0.9935988535107937,4.293901797193931,0.00031999999999998696,254.73758708902002,0.7330833762115451,0.13163227039062228
111,ds111_time111_13.h5,0.006323554505895383,0,3000.0,0.002,2.157422435894429,0.3259450961369831,29882.316783953487,0.08430660003536086,-0.4529302513401536,0.2585957075915395,0.9922005981283996,4.3012238965070715,0.00031999999999998696,242.34713918818946,0.7303745212239817,0.13812352449708565
111,ds111_time111_14.h5,0.006323554505895383,0,3000.0,0.003,2.247518246380948,0.32497612676201887,74263.12326256005,0.01741693489030759,-0.4388615354011304,0.2209765264904336,0.990552869682449,4.3344931626778616,0.0003999999999999837,230.8609555946952,0.7270404144459375,0.15384749763297798
111,ds111_time111_15.h5,0.006323554505895383,0,3000.0,0.004,2.370037939708158,0.31561580838942144,108623.18194863558,0.014963015727496613,-0.43018332323231373,0.24927187752572422,0.9795433041212902,4.269408459491277,0.0003999999999999837,221.7393638527381,0.724484405788754,0.17153009455207163
111,ds111_time111_16.h5,0.006323554505895383,0,3000.0,0.005,2.615050614005354,0.3362450952794281,162227.46709458396,0.03175821790329197,-0.41923772943504806,0.2757822049211605,0.9579419769573513,4.22425728414891,0.00047999999999998044,212.37748045032944,0.7176221719739768,0.20248386768016519
111,ds111_time111_17.h5,0.006323554505895383,0,3000.0,0.006,3.054032427744811,0.3150374891040281,212322.07820207463,0.007099264644934236,-0.4124180039073955,0.3482388546538241,0.722411151190584,4.293219750036664,0.00047999999999998044,201.70691783143943,0.6875243323596228,0.22013859777143202
111,ds111_time111_18.h5,0.006323554505895383,1,3000.0,0.007,2.9963997538241514,0.3286755681821038,283260.03664309595,-0.015114758773239348,-0.4053106194841207,0.41273534664663314,0.9440253717369893,4.154148300680129,0.00047999999999998044,202.202760780012,0.7945511385634559,0.2259748341371856
111,ds111_time111_19.h5,0.006323554505895383,1,3000.0,0.008,2.696730607428061,0.3015299131728836,680050.4544908626,-0.10363183020038082,-0.3755224797701361,0.36210256349137965,0.995765460853069,5.181101604299548,0.009519999999999612,253.7975079683314,0.8353723933915759,0.30726944118668265
111,ds111_time111_20.h5,0.003326838412843535,0,3500.0,0.001,2.996936894261115,0.2539468179005545,8417.441359721372,0.4408911855463165,-0.46702090139692215,0.2859772109466746,0.9971370359209594,4.27991287870733,0.00024032042723631797,285.51748948241567,0.7941140092854058,0.2461165281773059
111,ds111_time111_21.h5,0.003326838412843535,0,3500.0,0.002,2.8383447803291677,0.3112728239734025,25822.217937832942,0.13205845268265218,-0.4527749124587246,0.21614984779014976,0.9972819826236221,4.26623648753004,0.0003204272363150906,266.6720470013377,0.7686047650630738,0.25253522901251524
111,ds111_time111_22.h5,0.003326838412843535,0,3500.0,0.003,3.1038471900035827,0.32428543737956284,59041.46749688902,0.03167671277089789,-0.439850585602326,0.17023767286241698,0.9944018810477717,4.3363882564775285,0.0003204272363150906,257.2372508453266,0.7437346647092846,0.259344220147962
111,ds111_time111_23.h5,0.003326838412843535,1,3500.0,0.004,2.7170504262488264,0.3139082017894017,106854.65795779278,-0.08354716441289556,-0.42063472774665517,0.31176257535349694,0.9950182590089417,4.751129463037551,0.0003204272363150906,263.0314567119515,0.7875573068176202,0.3419201111245557
111,ds111_time111_24.h5,0.003326838412843535,1,3500.0,0.005,2.6136131386212718,0.2706550551311354,377060.7709565134,-0.27378486112359623,-0.37508981136566694,0.4079818539753947,0.99743090141682,5.880643070380427,0.025233644859813387,334.7584146402097,0.7958609636288175,0.3330562786557851
111,ds111_time111_25.h5,0.0029459440984192947,0,4000.0,0.001,3.341436607154971,0.26385462387696157,9657.940386713006,0.4108643217478868,-0.47626121186552994,0.22806401555194397,0.983436289706936,4.1979774537020305,0.0002393617021276828,309.2765238742636,0.7459134184550703,0.25628827046221836
111,ds111_time111_26.h5,0.0029459440984192947,0,4000.0,0.002,3.078708743559149,0.2924437929835504,21170.41522189909,0.15727481850089844,-0.46450500530024835,0.19198698587866675,0.969548435169824,4.39263109700002,0.0002393617021276828,293.66198477491,0.7400177523254923,0.26386036453524847
111,ds111_time111_27.h5,0.0029459440984192947,1,4000.0,0.003,3.2758665797420914,0.3065421697373124,58032.168831821866,0.027859165353314855,-0.4492757001796663,0.1585758623757062,0.9384224484811109,4.4412449550042075,0.00031914893617024376,288.9079262297235,0.7461785660314697,0.3000875303189164
111,ds111_time111_28.h5,0.0029459440984192947,1,4000.0,0.004,2.4930724645224625,0.2482950035273246,311124.27310537855,-0.27951348146061294,-0.3821815409961699,0.5105135764106938,0.9975905710628974,6.125553121088837,0.007819148936170972,375.8641716626233,0.75108719825685,0.31596372101001635
111,ds111_time111_29.h5,0.00318113708096038,0,4500.0,0.001,2.808146358509081,0.18012840969476918,6960.137224646932,0.8415019266940819,-0.46774411676506644,0.21007401912950133,0.9979553422196307,4.273762220759538,0.00016064257028114426,355.3590105469545,0.6746281280859862,0.31779915994964497
111,ds111_time111_30.h5,0.00318113708096038,0,4500.0,0.002,2.9255627471540198,0.30535906145277913,25852.01266168104,0.1967262262226732,-0.4493290608269436,0.1648726798339344,0.9979513914111674,4.2393204627891645,0.0002409638554217164,317.4667382053743,0.6698944659509954,0.31897123045749154
111,ds111_time111_31.h5,0.00318113708096038,0,4500.0,0.003,2.9786579765642993,0.31275334780534236,49015.84731921088,0.1011325487332874,-0.4387106678980256,0.13383618381407042,0.9972475275719217,4.344285720279493,0.0002409638554217164,310.39134961991516,0.6705310830927655,0.3207190261785738
111,ds111_time111_32.h5,0.00318113708096038,1,4500.0,0.004,2.650259767786812,0.28436898716684367,155048.6789922874,-0.2428477859583734,-0.4006584688960431,0.3380236618223193,0.9974043169833053,5.15555086998735,0.01357429718875669,340.8774458994607,0.7761001951102291,0.3781264101686298
111,ds111_time111_33.h5,0.00318113708096038,1,4500.0,0.005,2.5627881674241038,0.2343092032762033,440058.2300550041,-0.30586542044147524,-0.36523295691408064,0.3793230348182037,0.997053612575787,6.064163207685648,0.013493975903616118,398.3754073562527,0.787775315179268,0.33013135806387167
111,ds111_time111_34.h5,0.00972531468352936,0,5000.0,0.001,2.058415182956446,0.19946846659092243,6692.250325298298,0.74959490660521,-0.494822327373472,0.16821831137361726,0.998226714880396,4.190802805280906,0.00023999999999999022,369.7822581877805,0.7266330363425131,0.33316693926506363
111,ds111_time111_35.h5,0.00972531468352936,0,5000.0,0.002,2.0588818119118204,0.2876064943302532,18647.914626481288,0.2562741802878644,-0.4810045323997,0.14282846016029419,0.9975497781988142,4.1600461387844225,0.00023999999999999022,339.6677318020283,0.7259383943940065,0.33253526978926884
111,ds111_time111_36.h5,0.00972531468352936,0,5000.0,0.003,2.0709218380898116,0.2997441303516145,46006.78697864185,0.16928440891181815,-0.465267937143455,0.10946997578574312,0.9971032711238369,4.150497045862625,0.00023999999999999022,319.5984065897867,0.7243981578364631,0.3316188236714587
111,ds111_time111_37.h5,0.00972531468352936,0,5000.0,0.004,2.0441706208720407,0.3353354159174673,79502.40463012349,0.06601901945390297,-0.45454514889305886,0.09469472836364498,0.9929169436352697,4.405552643724015,0.00031999999999998696,308.5780739169615,0.7233447499209744,0.3313933001063835
111,ds111_time111_38.h5,0.00972531468352936,0,5000.0,0.005,2.079567942067566,0.29924712996763336,128796.7475462901,0.032306463956984915,-0.44539419427061444,0.09918458582849062,0.9933591418544996,4.102968151942098,0.00031999999999998696,301.24070517735936,0.7220952015147856,0.3327310650356469
111,ds111_time111_39.h5,0.00972531468352936,0,5000.0,0.006,2.131117111239856,0.29550979662977417,164828.78509949922,0.032792797100635415,-0.4382703180686914,0.08994003085198343,0.9873354430771722,4.355443703611546,0.00031999999999998696,291.82049252650165,0.7208309486656488,0.3339346480882443
111,ds111_time111_40.h5,0.00972531468352936,0,5000.0,0.007,2.237064075088999,0.33090493633062734,175459.28687810947,0.04959951586357029,-0.43392082608163746,0.08595894807448361,0.9841564639649201,3.9942671489912325,0.00031999999999998696,281.4610874874178,0.7195385519667727,0.3353505474086079
111,ds111_time111_41.h5,0.00972531468352936,0,5000.0,0.008,2.330029933125513,0.30315413673201175,200069.15931527698,-0.01726212821869236,-0.42916994024685895,0.08743671637476139,0.9826782567255586,3.9270903799472294,0.00031999999999998696,271.7727409744943,0.7167266280776425,0.33632433299690145
111,ds111_time111_42.h5,0.00972531468352936,0,5000.0,0.009000000000000001,2.710270879479835,0.31434913660686536,259335.30244430483,0.007566332243548807,-0.4234045504720123,0.10617150880591919,0.9759716107410522,3.6732574121008654,0.00031999999999998696,265.1966021668537,0.7087369310948161,0.32674057788117405
111,ds111_time111_43.h5,0.00972531468352936,1,5000.0,0.010000000000000002,3.0619570500767104,0.3074761691021769,325115.6274401632,-0.00516485411393897,-0.417243510627196,0.20307412168958408,0.8804813247655225,3.8738736971538996,0.00023999999999999022,263.605910990456,0.7436224025735199,0.3003510321559535
111,ds111_time111_44.h5,0.00972531468352936,1,5000.0,0.011,2.6171851815606257,0.28242674693378855,533636.034013775,-0.08733013702479063,-0.40289675488443477,0.3582335749613765,0.9961370554920636,4.31375535695398,0.005679999999999769,292.7290718932614,0.8428865015825703,0.2736560430352163
111,ds111_time111_45.h5,0.0028267976369084507,0,5500.0,0.001,2.6896165942093955,0.13116011510160153,10186.08482650697,0.8361138304070233,-0.46547387466535456,0.1530357494285674,0.9992955820072368,4.2983080832681795,0.00016042780748662389,412.1964840765398,0.7839180523834386,0.3128366300453193
111,ds111_time111_46.h5,0.0028267976369084507,0,5500.0,0.002,2.6980170181843444,0.2663561877368237,35447.246540416614,0.25508272861738573,-0.4488752459049108,0.12769157990988012,0.9993209338985317,4.413575340565944,0.00016042780748662389,379.9860877048317,0.779749873601467,0.3122144408608918
111,ds111_time111_47.h5,0.0028267976369084507,1,5500.0,0.003,2.915781852844445,0.2792605981897871,56235.21582051681,0.031001696135713432,-0.4332493762689012,0.1592215937805473,0.9989569467143187,4.627303184321327,0.00024064171122993583,369.6848497953867,0.7684754455551784,0.3341854591508378
111,ds111_time111_48.h5,0.0028267976369084507,1,5500.0,0.004,2.4699606315291334,0.20814494684654838,332326.3267468226,-0.37553956852975295,-0.36823888487175865,0.5391057486438642,0.9983258607590614,6.462412162969764,0.00577540106951846,459.24854855519055,0.7599702864760367,0.31172728955179524
111,ds111_time111_49.h5,0.00245472145516534,0,6000.0,0.001,2.539666722859155,0.1353076744196895,11213.876865225286,0.8591709141299633,-0.4625677998385941,0.14724506898083375,0.9995062449036098,4.3041914964575945,0.00016129032258063725,437.7650997192789,0.7244092249294949,0.26615384532025194
111,ds111_time111_50.h5,0.00245472145516534,0,6000.0,0.002,2.754679901283338,0.27221853827051334,31926.265823571954,0.2570825665692273,-0.445136821715104,0.13561817707468704,0.9992655411838397,4.300359463501328,0.00016129032258063725,402.02698349521575,0.7232264096080632,0.2673655935007948
111,ds111_time111_51.h5,0.00245472145516534,1,6000.0,0.003,2.815154395161646,0.2563624038699037,48930.30657983978,0.09467978916215596,-0.4344547587245626,0.15922735182851394,0.9895167274261676,4.749310528929649,0.00016129032258063725,397.1976623810519,0.7383046691724945,0.29102498114229347
111,ds111_time111_52.h5,0.00245472145516534,1,6000.0,0.004,2.4307704787022244,0.1910484617275856,274992.57627203886,-0.3088402868008526,-0.37315318288927535,0.5030796147097323,0.9981437968321452,6.079466624220285,0.009838709677418872,476.93474324037635,0.7810089685069335,0.28698134349663795
111,ds111_time111_53.h5,0.0037565064619387223,0,6500.0,0.001,2.275116056136139,0.13817922573295438,12057.599159942974,0.7777875495448546,-0.4795482624077764,0.14182221463774478,0.9995071274479957,4.201470958897776,0.00015915119363396624,452.1327396753363,0.6574022084139016,0.2612719174107488
111,ds111_time111_54.h5,0.0037565064619387223,0,6500.0,0.002,2.455891206797359,0.20742837038247064,21943.86322264534,0.4791455588682295,-0.47245836100481226,0.1381043505716697,0.9996959727029208,4.262255085642696,0.00015915119363396624,429.7552327403647,0.6566374205138278,0.2610817405357273
111,ds111_time111_55.h5,0.0037565064619387223,0,6500.0,0.003,2.647019820995879,0.2838877700739193,43682.60416416556,0.20484043999427734,-0.4563135884671645,0.11899192410413678,0.9990511461517148,4.287144638343636,0.00015915119363396624,406.07811214231367,0.6535026858943093,0.2616772624609064
111,ds111_time111_56.h5,0.0037565064619387223,1,6500.0,0.004,2.7734355114460705,0.2549970908625434,90701.76378253667,-0.024502219195020544,-0.4376908449564432,0.1474829527508997,0.9994435585668422,4.437036372942645,0.00015915119363396624,401.4527912384483,0.6855121603908825,0.2764444109161977
111,ds111_time111_57.h5,0.0037565064619387223,1,6500.0,0.005,2.625344918106059,0.23957357988906947,173030.12615772506,-0.23460162468225595,-0.41236433483709656,0.28026716145270375,0.9974753506727756,5.456992445687578,0.009469496021220991,425.4442830952803,0.7393479080610754,0.3024934516948864
111,ds111_time111_58.h5,0.007423665525213897,0,7000.0,0.001,2.1504406455873664,0.11411305189722398,12321.15909506043,0.7480822673129511,-0.49956115489472774,0.14517084425590013,0.9995529417752822,4.21546216450273,0.00015873015873013596,464.1484160223507,0.6696616779488305,0.2765148510795217
111,ds111_time111_59.h5,0.007423665525213897,0,7000.0,0.002,2.1492327824480064,0.20885028651986626,21399.622635555097,0.3973822322091234,-0.4897746567222345,0.13322383640435834,0.999767963113665,4.197374776109684,0.00015873015873013596,443.692120404402,0.6689337792111945,0.27773826180556815
111,ds111_time111_60.h5,0.007423665525213897,0,7000.0,0.003,2.229387611855163,0.25303517499402384,41885.506906872804,0.22458347021827707,-0.4739872479992654,0.11960032485621488,0.9996069918849723,4.19589998743032,0.00015873015873013596,413.187308763718,0.6675215050408296,0.27780820974882137
111,ds111_time111_61.h5,0.007423665525213897,0,7000.0,0.004,2.248772716552604,0.2801770046972394,53678.421903254624,0.13249942645187288,-0.46784854323544156,0.10684888662094723,0.9995954644015902,4.397917738519556,0.00023809523809520392,405.0360062868214,0.6664924253331537,0.27749216573781044
111,ds111_time111_62.h5,0.007423665525213897,0,7000.0,0.005,2.2553575373712156,0.2557708095691231,88999.0588291616,0.09705031597446602,-0.45609927496536107,0.09806087177205848,0.999413080537341,4.053117609448267,0.00023809523809520392,388.910035979646,0.6654902546028452,0.2764181887714898
111,ds111_time111_63.h5,0.007423665525213897,0,7000.0,0.006,2.2653521019316,0.3002107639791751,101184.73908518598,0.05145632925973147,-0.4513352134130062,0.09152141924467846,0.9995852103974047,4.060139038074072,0.00023809523809520392,379.6586281075143,0.6645987807247012,0.27603432740923395
111,ds111_time111_64.h5,0.007423665525213897,0,7000.0,0.007,2.2735218935731925,0.31317191180709425,165470.1780794702,0.05206036597276731,-0.4422812867755703,0.09290924978617154,0.9996684694914477,4.536354265679198,0.00023809523809520392,375.7075323498297,0.6647064980941704,0.2746284443528177
111,ds111_time111_65.h5,0.007423665525213897,1,7000.0,0.008,2.6069273034112386,0.30785903342200327,304544.137004194,-0.08403544321583013,-0.4187870965663018,0.2458439701183253,0.9990159264600487,4.684402323122336,0.004047619047618467,396.73196588325396,0.7007917670278595,0.2869319244998836
111,ds111_time111_66.h5,0.007423665525213897,1,7000.0,0.009000000000000001,2.7334248006029616,0.2554331747418661,484207.1181217574,-0.23300075709310125,-0.4015081192452477,0.32805042592434464,0.9982653791557304,5.111459054119884,0.013015873015871149,417.13048195085406,0.7296793042320011,0.2958462913334761
111,ds111_time111_67.h5,0.014140657422248473,0,7500.0,0.001,1.9694637179939667,0.11299273806100607,6507.9605250292425,2.4047605599644863,-0.4735500557953599,0.1849120352007967,0.9994621310856755,4.311783309398777,7.999999999999674e-05,585.9667889513469,0.7289394832568403,0.2574782211000101
111,ds111_time111_68.h5,0.014140657422248473,0,7500.0,0.002,2.0106775303449376,0.2013255089778907,26839.2374891949,0.5179771303129096,-0.44983267138286,0.16974322362431554,0.9993766358764197,4.309283887260215,0.00015999999999999348,476.3026560999759,0.7288720285716102,0.25655240818299446
111,ds111_time111_69.h5,0.014140657422248473,0,7500.0,0.003,1.995636277941093,0.24513143993398834,39164.23736788212,0.4153522494680696,-0.4428910460145445,0.1580260827354153,0.9992798556814791,4.263161091146897,0.00015999999999999348,456.16102171001944,0.7288151765588508,0.25637819153429536
111,ds111_time111_70.h5,0.014140657422248473,0,7500.0,0.004,1.9958259937735843,0.25545845102116194,59717.0367613427,0.1893959662169701,-0.42750994707920575,0.13430214927955456,0.9991059313622627,4.204114594006002,0.00015999999999999348,427.21364998996256,0.7286244469933258,0.2559096445482235
111,ds111_time111_71.h5,0.014140657422248473,0,7500.0,0.005,2.0020904832880473,0.27883108937954537,76615.77942455898,0.13551093057465763,-0.42119185876919346,0.12380947018997988,0.9986844617977098,4.230245222683237,0.00015999999999999348,415.2406266763886,0.7284920490290521,0.2544437586707313
111,ds111_time111_72.h5,0.014140657422248473,0,7500.0,0.006,2.003255423975293,0.2794455414587491,97046.94758324212,0.06353451443868684,-0.41057091683799624,0.11079280006304153,0.9982094976801306,4.156686359089661,0.00015999999999999348,395.8413350962944,0.7282731394927373,0.25429586820132233
111,ds111_time111_73.h5,0.014140657422248473,0,7500.0,0.007,1.9736220782565816,0.2984728698789285,118410.02614376805,0.0321983714684297,-0.4059692559485262,0.10841486865592023,0.998378310762151,4.040378842803716,0.00015999999999999348,385.89908117023356,0.728234634530737,0.25413428993028503
111,ds111_time111_74.h5,0.014140657422248473,0,7500.0,0.008,1.9749219450613367,0.3263511135113166,158825.18475968327,0.016921396305404922,-0.3985425082282893,0.09969044431269958,0.9978184179630641,3.9069606426994326,0.00015999999999999348,370.9149149792702,0.7279668306297514,0.2530223230178833
111,ds111_time111_75.h5,0.014140657422248473,0,7500.0,0.009000000000000001,1.9945958104418076,0.29206458865335616,170978.638676342,0.008332425448269084,-0.3947120744841273,0.09908086410949721,0.9974129785583977,3.7525209511108355,0.00015999999999999348,363.23236592654115,0.7277009082453144,0.2525408509693457
111,ds111_time111_76.h5,0.014140657422248473,0,7500.0,0.010000000000000002,2.0029343629558074,0.2915819503750512,183760.96367966296,0.054986090822039514,-0.3917221269081843,0.09527756567773422,0.9959387980216626,3.6850627603269905,0.00015999999999999348,355.7318971195737,0.7275354961432862,0.2520860205697387
111,ds111_time111_77.h5,0.014140657422248473,0,7500.0,0.011,2.01885226079561,0.30265045496512744,191162.7440895035,-0.030208449476820054,-0.3866735497006231,0.09205913547880622,0.9952803113670365,3.4103484229410337,0.00015999999999999348,338.8897152638599,0.7269228447122612,0.2516753837172792
111,ds111_time111_78.h5,0.014140657422248473,0,7500.0,0.012,2.023173595081302,0.3026663399530848,191343.37989517784,0.007139068494320783,-0.38522148801039635,0.09687933729398811,0.9958107629174786,3.303119072238661,0.00015999999999999348,329.733130828298,0.7265058258547865,0.2511446654364019
111,ds111_time111_79.h5,0.014140657422248473,0,7500.0,0.013000000000000001,2.038779536853379,0.30315936315053094,197348.098690657,0.019480268271973702,-0.38190658212035156,0.09318909734938495,0.9933735595863635,2.941307714714133,0.00015999999999999348,319.01841862221653,0.7258257820587559,0.24817673371771617
111,ds111_time111_80.h5,0.014140657422248473,0,7500.0,0.014000000000000002,2.0533887724081596,0.2987452469581753,193744.87202642986,-0.027079439213451163,-0.38030977886989226,0.10429956928528056,0.9912615957072541,2.8295457518177307,0.00015999999999999348,315.5099729985341,0.7248456770267007,0.24604265315474283
111,ds111_time111_81.h5,0.014140657422248473,1,7500.0,0.015,2.096839676015336,0.30480996669012905,223829.26303929684,0.017309673755246266,-0.37743107920169444,0.13052482711908783,0.9921910264663919,2.6067317730338395,0.00015999999999999348,310.2118943132573,0.7232421742276172,0.23232291815708048
111,ds111_time111_82.h5,0.014140657422248473,1,7500.0,0.016,2.6878142389574786,0.31359794142402964,302694.74774098943,-0.05858306566928468,-0.37151691678956433,0.24009121628439126,0.9755235029782808,3.0044230958077676,0.00015999999999999348,326.68860287689284,0.7560535497275671,0.2270121308057321
111,ds111_time111_83.h5,0.0052509473860070655,0,8000.0,0.001,2.460163277361083,0.11393744820101248,5897.6461669595365,2.293227208571914,-0.47210249714020003,0.20556896283896606,0.9998511567743985,4.337498517777111,7.978723404256094e-05,616.7919628733206,0.7941938891781645,0.25104136581123854
111,ds111_time111_84.h5,0.0052509473860070655,0,8000.0,0.002,2.2977685865798136,0.18113535999330854,33022.0427334661,0.45508194872807406,-0.4465384747432215,0.20195513277720875,0.9998759301874941,4.279099340065678,0.00015957446808512188,507.68077508524595,0.7935234331842074,0.2496310781278287
111,ds111_time111_85.h5,0.0052509473860070655,0,8000.0,0.003,2.312083886684296,0.22978999019877433,46600.866583332536,0.2966175477237755,-0.4359493844834225,0.19349668818093974,0.999861382214876,4.809868188552029,0.00015957446808512188,490.17401815029575,0.7931799648466102,0.2478397612815005
111,ds111_time111_86.h5,0.0052509473860070655,0,8000.0,0.004,2.3253222067203456,0.24819055358879205,68625.68293453171,0.15543907421976555,-0.42740119233469165,0.1880269484860223,0.9999095850162546,4.657834859143393,0.00015957446808512188,475.55474261740983,0.7925346584410367,0.24642881802783997
111,ds111_time111_87.h5,0.0052509473860070655,0,8000.0,0.005,2.4317553827692087,0.28479200739331856,124125.59950270149,0.014324881668400638,-0.41083497255492674,0.15909059475895643,0.9997924173107613,4.86145777423593,0.00015957446808512188,470.99226611032685,0.7907087794114105,0.2454188440193967
111,ds111_time111_88.h5,0.0052509473860070655,1,8000.0,0.006,2.5691740455909953,0.2959151875464038,177946.59559507278,-0.0026991689774815164,-0.40290153425717895,0.16260222443635514,0.9996996912836571,5.627766192804677,0.00015957446808512188,470.02754283289113,0.7879441482381356,0.24999220586527227
111,ds111_time111_89.h5,0.0052509473860070655,1,8000.0,0.007,2.7366195448882586,0.23181645949597707,464697.9008165995,-0.23251785356162827,-0.3570302045676704,0.31602566748482797,0.993057732423008,5.704572680384094,0.003909574468085486,495.1103327684498,0.7627677529712936,0.2800860368546218
111,ds111_time111_90.h5,0.0031845794001691932,0,8500.0,0.001,3.198896519479476,0.11218557206004465,6724.227909373427,2.2241055801343395,-0.47163806644588746,0.24925407797956659,0.9999335454714474,4.203826044998422,8.021390374331194e-05,645.927648032159,0.8696176678520013,0.23350337342170224
111,ds111_time111_91.h5,0.0031845794001691932,0,8500.0,0.002,2.5185434851966644,0.16240422752936157,64578.398447869375,0.4459926468915986,-0.44242719833152666,0.20621345409583777,0.9998723056604728,4.580876775113966,0.00016042780748662389,532.7960367231273,0.8654321339698339,0.23194331161697096
111,ds111_time111_92.h5,0.0031845794001691932,0,8500.0,0.003,2.624652823416594,0.24134308871226606,85400.61903765111,0.20182031477888257,-0.43029208157877186,0.21182061264499508,0.9998848490741311,4.933188012475602,0.00016042780748662389,521.4164599337441,0.8601551897050994,0.23577636723100096
111,ds111_time111_93.h5,0.0031845794001691932,1,8500.0,0.004,2.682975461128651,0.20561843170521188,140583.50723644637,-0.12740625875132872,-0.40328197656157055,0.29565297816417113,0.994938353460652,5.094671796025238,0.0036898395721923494,525.5561326803148,0.812515777851483,0.27631026273131376
111,ds111_time111_94.h5,0.0031845794001691932,1,8500.0,0.005,2.7488126873204033,0.11719570882933672,514737.4150727064,-0.4762387553068278,-0.35298612634792903,0.5455097053025668,0.9980648342143477,6.626724423633914,0.0,600.0615186361551,0.7790583785595551,0.2641122331810571
111,ds111_time111_95.h5,0.0025321114764007167,0,9000.0,0.001,3.332432716037593,0.16046517619120282,7453.13774187188,1.5687488171644182,-0.5206581741230452,0.23264187145756854,0.9999513310258393,4.138653208776434,0.00015873015873013596,642.2169854473184,0.9099093708169421,0.22857564195386845
111,ds111_time111_96.h5,0.0025321114764007167,0,9000.0,0.002,2.5977684917674893,0.09822916988777508,20924.90373731713,0.5756177710980666,-0.5029924646348883,0.22953858942303582,0.9999507317359955,4.539841717280532,0.00015873015873013596,563.9699883410087,0.9043120955513527,0.22890641609106513
111,ds111_time111_97.h5,0.0025321114764007167,1,9000.0,0.003,2.8578109449432256,0.030922168344010847,244496.39002811367,-0.5685247525696135,-0.4335516966646628,0.4879516552132922,0.9975663955874957,6.132825392519707,7.936507936506798e-05,617.3354661664031,0.7770670805905027,0.27664005993588137
111,ds111_time111_98.h5,0.0025321114764007167,1,9000.0,0.004,2.6704285420684744,0.010887565046189707,832434.2234687535,-0.3818159002356165,-0.38453363855483513,0.758676560034901,0.9964411794428784,7.788678685505204,0.0,710.0163218639518,0.7646708085604991,0.25231702776286685
111,ds111_time111_99.h5,0.0023741955914181184,0,9500.0,0.001,5.272889864299351,0.08470515973189396,10368.281236857141,2.408687695931685,-0.4416459245513333,0.33386645184074853,0.9999542809611675,4.390685207108066,0.0,732.0602956327838,0.9935764367929573,0.17527666871887554
111,ds111_time111_100.h5,0.0023741955914181184,0,9500.0,0.002,2.9091874938258164,-0.01283088300126467,35184.39116858272,0.9890163601287834,-0.42144289482999175,0.3264602977350794,0.999935966780694,4.622643628368343,8.097165991902827e-05,627.451478006989,0.9902702348328654,0.17632849056460748
111,ds111_time111_101.h5,0.0023741955914181184,1,9500.0,0.003,2.521252047487482,0.13031603613537368,60869.182324266396,0.47659729452432315,-0.4071314551657808,0.31419801967327465,0.9999191180495218,4.648372505619053,8.097165991902827e-05,592.4686318277419,0.960898242765273,0.19144456200983861
111,ds111_time111_102.h5,0.0023741955914181184,1,9500.0,0.004,2.7165178486772357,0.07836342518387984,647087.2572872516,-0.47600608340522715,-0.3117853905648743,0.6813917883933435,0.9972966230092395,7.052775026416992,0.0,702.699106091687,0.802219503639924,0.22979845776724267
111,ds111_time111_103.h5,0.0024935201039528094,0,10000.0,0.001,4.775646867147471,0.09594281976024721,11584.0891951384,2.058098670142253,-0.46925371596528637,0.3291876505180355,0.9999755841406883,4.297635946787632,7.894736842105343e-05,739.730025129661,0.9687959993569786,0.16495354323828307
111,ds111_time111_104.h5,0.0024935201039528094,0,10000.0,0.002,2.7333087493188972,-0.011155886918023938,31742.10029724136,0.8750623717630158,-0.45000874392821716,0.319521489922288,0.9999639103080936,4.380085362895013,7.894736842105343e-05,640.1419865137341,0.9638533903367591,0.1656117825920497
111,ds111_time111_105.h5,0.0024935201039528094,1,10000.0,0.003,2.4488029271315543,0.10693214781857141,58134.25080545755,0.45542714422951297,-0.4357105960281329,0.3151655559380324,0.9999436111755028,4.494141642737107,7.894736842105343e-05,600.0879680320204,0.933576618818651,0.17796297187655713
111,ds111_time111_106.h5,0.0024935201039528094,1,10000.0,0.004,2.856787859759185,0.07335326741096493,204413.51364813186,-0.3077758537386628,-0.3953857739056685,0.4596358233693649,0.9938882380284699,5.666894729980099,7.894736842105343e-05,641.5078614848146,0.79865816194427,0.23157700234855383
111,ds111_time111_107.h5,0.002848483255329871,0,10500.0,0.001,3.3794497758913646,0.07978102890502115,11053.759586008406,1.4374709273254325,-0.5243397664888563,0.3268321094404064,0.9999874116679537,4.048037432362273,7.936507936507839e-05,710.5862063428102,0.9369370229115577,0.16727384371167942
111,ds111_time111_108.h5,0.002848483255329871,0,10500.0,0.002,2.317659520223496,-0.0007504480383182521,24138.099537160568,0.5237316832386106,-0.5070376798652187,0.3351212009550851,0.9999642984971326,4.178592276035559,7.936507936507839e-05,622.3774508551354,0.9298337604111572,0.17045889559391186
111,ds111_time111_109.h5,0.002848483255329871,1,10500.0,0.003,2.3907792049237693,0.1614937311638711,44058.14037096854,0.19352932594982,-0.4923104249961661,0.34486032628221497,0.9999606911390309,4.479231652086266,0.00015873015873015678,603.8657893645881,0.8908942553284102,0.1952281323506845
111,ds111_time111_110.h5,0.002848483255329871,1,10500.0,0.004,2.556858292882864,0.10757023585697811,192640.34713276612,-0.2424705491625029,-0.4518738910983578,0.407621930922506,0.9953548614879022,5.369940224301,7.936507936507839e-05,627.6222098967231,0.801520421218235,0.24899337920663117
111,ds111_time111_111.h5,0.003471823230254613,0,11000.0,0.001,3.5412632400978508,0.05318072154488784,10153.705080623879,1.6369144220850478,-0.4975586544092369,0.3732041338242603,0.9999847401814659,4.083548181404039,8.021390374331541e-05,763.4777242158342,0.9190082948680988,0.1484052832470526
111,ds111_time111_112.h5,0.003471823230254613,0,11000.0,0.002,2.3585706634343704,-0.01865280195574548,41136.47550884505,0.6996076520587156,-0.47851480965376575,0.3610987064817559,0.9999490266869624,4.454613122232504,8.021390374331541e-05,668.6210483287748,0.9107328947901452,0.14986122343928895
111,ds111_time111_113.h5,0.003471823230254613,0,11000.0,0.003,2.149513322008671,0.08849261629294825,71739.87567412629,0.351086709569933,-0.465886154047584,0.3458828404935384,0.9999640134273249,4.2222786571536215,8.021390374331541e-05,624.5256467614516,0.8974771534579972,0.15147816710198786
111,ds111_time111_114.h5,0.003471823230254613,1,11000.0,0.004,2.4651815577458027,0.1145638800748019,121381.75786455927,0.0505947548709384,-0.44294408926020834,0.3668360065296303,0.9860075535524906,4.56416805149485,8.021390374331541e-05,608.6824523784982,0.8494048733637508,0.20744241218839318
111,ds111_time111_115.h5,0.003471823230254613,1,11000.0,0.005,2.682382901327294,0.15039502412739503,369159.51144577324,-0.329875584184573,-0.3988595758541129,0.46412941128786556,0.9961608151261848,6.065911244780469,8.021390374331541e-05,664.3590585274017,0.8097508981107131,0.23593813421457246
111,ds111_time111_116.h5,0.004446179378358087,0,11500.0,0.001,4.506545900049523,0.03203935830730309,16336.305079460606,2.2766097024063208,-0.4342992511991564,0.4435519923775845,0.999487009388109,4.641671998290876,0.0,848.3715887265352,0.8716170153387902,0.12500135578583885
111,ds111_time111_117.h5,0.004446179378358087,0,11500.0,0.002,2.364509743848892,-0.13731611634980712,52960.751836271695,1.0328532634967087,-0.4099534861664074,0.4254696043001819,0.9999261402014875,4.379244557882663,7.905138339920834e-05,729.9914021901787,0.8637028735916321,0.12563065656217484
111,ds111_time111_118.h5,0.004446179378358087,0,11500.0,0.003,2.10439779434086,0.059000746709479746,90320.90402034274,0.5714298552031489,-0.39528967152363403,0.3999132724184388,0.9997160034095569,4.5024634805471875,7.905138339920834e-05,682.5157878996665,0.8533540384354398,0.125625794766869
111,ds111_time111_119.h5,0.004446179378358087,0,11500.0,0.004,2.1285562503681357,0.1512493643069488,112129.57019866852,0.3284273217759302,-0.38198097731562697,0.3796366050869216,0.9995328857631521,4.409376536209446,7.905138339920834e-05,647.6684837659674,0.8371053721407449,0.12566565775854993
111,ds111_time111_120.h5,0.004446179378358087,1,11500.0,0.005,2.2815852133321575,0.2185534607624935,134974.25121614183,0.1406701197566249,-0.3716095266014273,0.3444483107503662,0.9998500366672949,4.461954976924606,7.905138339920834e-05,624.2766875191343,0.8155210666643306,0.12922954948341428
111,ds111_time111_121.h5,0.004446179378358087,1,11500.0,0.006,2.5365599967023065,0.17076274512227374,245283.29752422514,-0.0988613849783088,-0.3473838787843803,0.3644236585069247,0.9980760028868262,4.8373956044398785,7.905138339920834e-05,617.260504041626,0.7986374841591546,0.18063755547695243
111,ds111_time111_122.h5,0.0058914253090244575,0,12000.0,0.001,2.727403381716783,0.01721855325929189,14691.289942459396,1.5755703712946425,-0.4989547159926,0.4179448993220254,0.9995134910945472,4.226082697775777,8.064516129032209e-05,805.5250054176889,0.8018707010831034,0.136870096589938
111,ds111_time111_123.h5,0.0058914253090244575,0,12000.0,0.002,2.1754429836024323,-0.06030901813316247,49601.805457294744,0.6381273871197681,-0.4779628362540294,0.404827860973072,0.9998140289242434,4.1040232990629715,8.064516129032209e-05,712.580983684861,0.7946116583029709,0.1377269874324061
111,ds111_time111_124.h5,0.0058914253090244575,0,12000.0,0.003,2.1635434294961406,0.07225714110667858,87926.39053544714,0.3574761152044325,-0.462701977684757,0.38190345397458914,0.9996148895200521,4.393579498511922,8.064516129032209e-05,660.3522308351186,0.7837038924348465,0.13710060399516313
111,ds111_time111_125.h5,0.0058914253090244575,0,12000.0,0.004,2.2829221692860835,0.13524664050426205,127513.23999389107,0.2243947258272364,-0.4512003257779873,0.3547576264875917,0.9996673478939619,4.334030165473447,8.064516129032209e-05,639.503657980457,0.7689481116995943,0.13670375247733652
111,ds111_time111_126.h5,0.0058914253090244575,0,12000.0,0.005,2.285875374838616,0.15032195292055395,117309.9935114284,0.2686201331488092,-0.4522836577403554,0.35913841777516614,0.9998361343743244,4.404131057800058,8.064516129032209e-05,637.0825474480257,0.7713526277565182,0.136440000857142
111,ds111_time111_127.h5,0.0058914253090244575,1,12000.0,0.006,2.4255807423066025,0.18588021540522104,144449.8115680093,0.10117136612498394,-0.44108112362103585,0.32896575840988534,0.9998557650244432,4.36287082334644,8.064516129032209e-05,617.527344028472,0.7526566506713014,0.1376022902012875
111,ds111_time111_128.h5,0.0058914253090244575,1,12000.0,0.007,2.484784890337325,0.12745798969760758,252935.6937354547,-0.0871685597676143,-0.4223776164327361,0.3309696059306251,0.9997818776033941,4.527179714418826,8.064516129032209e-05,606.0411607766669,0.7657291212204056,0.17101505242109286
111,ds111_time111_129.h5,0.0058914253090244575,1,12000.0,0.008,2.498848978577745,0.11354817209144308,586214.3023763667,-0.24035277326939194,-0.3892153017247904,0.39004120250073804,0.9981742214757888,5.464271500515741,8.064516129032209e-05,633.41767399327,0.786758555557663,0.20618937213225472
111,ds111_time111_130.h5,0.007938010834947955,0,12500.0,0.001,2.338505227610875,0.049868191509722326,16115.025636504997,1.2035558723493682,-0.5333863674514523,0.4116204277956853,0.9998909543013628,4.288680076191097,7.999999999999674e-05,814.2243216272581,0.7326165011345643,0.14360142418527277
111,ds111_time111_131.h5,0.007938010834947955,0,12500.0,0.002,2.286746771093117,-0.08795264109392509,47361.73258272952,0.5264029885308976,-0.5127602515854969,0.40212190484699006,0.9998970174774127,4.029402233532734,7.999999999999674e-05,713.3802614722515,0.7277303866833547,0.1437716158490325
111,ds111_time111_132.h5,0.007938010834947955,0,12500.0,0.003,2.4336357833800704,0.07596542472032364,88123.80220981294,0.2776282227061507,-0.4985134550534884,0.3812732435770107,0.9998259490832376,4.241147706455556,7.999999999999674e-05,674.4559969880806,0.7208872561916995,0.1433361908060466
111,ds111_time111_133.h5,0.007938010834947955,0,12500.0,0.004,2.335109793651741,0.0938519567855518,84984.34501945705,0.25232308346696863,-0.4985836260376912,0.37755847264538267,0.9998196470217012,4.112424454464693,7.999999999999674e-05,671.8590548204982,0.7211619604641043,0.14355386405889972
111,ds111_time111_134.h5,0.007938010834947955,0,12500.0,0.005,2.5222753004229075,0.19515063119450682,114263.2167516333,0.18999604109905355,-0.4873169780544891,0.3463483303269423,0.9998692174738252,4.258027451710601,0.00015999999999999348,652.4714290993401,0.7100577418116921,0.14308450249823418
111,ds111_time111_135.h5,0.007938010834947955,0,12500.0,0.006,2.5144402756619813,0.2017434028802645,140791.9927036186,0.11920873528760575,-0.4773207176795083,0.31530131057959654,0.9997698752602171,4.117923749870226,0.00015999999999999348,621.7640004344727,0.6978094914394166,0.1427678032649117
111,ds111_time111_136.h5,0.007938010834947955,0,12500.0,0.007,2.569964464387853,0.19728652221399456,179157.5575809708,0.10220102786496196,-0.47138051900396555,0.2798117774932654,0.9996777869542616,3.991528831685808,0.00015999999999999348,607.2896453178203,0.6850418188894811,0.1433141130279436
111,ds111_time111_137.h5,0.007938010834947955,1,12500.0,0.008,2.4849755904264326,0.22368915342081608,284826.7715944811,-0.0770710935739217,-0.4555347330757701,0.26606593505052234,0.999802037505897,4.328646673382146,7.999999999999674e-05,594.3497509185007,0.6974514441866997,0.15927247723849336
111,ds111_time111_138.h5,0.007938010834947955,1,12500.0,0.009000000000000001,2.517668664616811,0.16634510190740737,646191.2335615035,-0.21528001403261696,-0.42525162147066736,0.3181876999014978,0.9997727314370036,5.300065848154044,7.999999999999674e-05,622.9497494932311,0.7411805968994829,0.19113699081679703
111,ds111_time111_139.h5,0.010681195339611971,0,13000.0,0.001,2.3393362139924636,0.006041855026150067,21328.730821575486,1.9180016032606455,-0.4641844192404504,0.47873515191546295,0.9998149981625707,4.401318816472727,0.0,907.6437819462769,0.7103960273486617,0.12300558346404636
111,ds111_time111_140.h5,0.010681195339611971,0,13000.0,0.002,2.232826061061237,-0.17235683568777782,67279.38405796168,0.8001492512972292,-0.43948019736168015,0.46848607624056937,0.9995578574091603,4.266814529585338,7.957559681698312e-05,776.3982664749999,0.7062874518442493,0.12341704666590349
111,ds111_time111_141.h5,0.010681195339611971,0,13000.0,0.003,2.313263127768161,0.0062699627207298825,103660.04166653636,0.452956175797577,-0.42437030368537204,0.42158039586158197,0.9996158256221517,4.18525144701146,7.957559681698312e-05,718.9989776889408,0.7005214811034407,0.12257877804914233
111,ds111_time111_142.h5,0.010681195339611971,0,13000.0,0.004,2.3556057297313138,0.004996344908508421,116898.2059132192,0.440261595371529,-0.42427998931978206,0.4360497425818753,0.9997917096319084,4.262361672299141,7.957559681698312e-05,718.3436385056233,0.7002461661649242,0.1231236406373191
111,ds111_time111_143.h5,0.010681195339611971,0,13000.0,0.005,2.426090026210348,0.0659186102534679,146932.4001300623,0.2751517332154678,-0.41157837229811134,0.40766337863673885,0.9995304136564744,4.165516267182101,7.957559681698312e-05,684.8749737692514,0.6903777123238521,0.12296410768775301
111,ds111_time111_144.h5,0.010681195339611971,0,13000.0,0.006,2.4860696100638853,0.12620099164067566,179916.20621871453,0.2179412594637799,-0.40144491840870855,0.3622191415217778,0.999834503675613,4.117739656751314,7.957559681698312e-05,660.9565697025477,0.6814659819381783,0.12245162665183729
111,ds111_time111_145.h5,0.010681195339611971,0,13000.0,0.007,2.540120272142966,0.1326396130673686,194676.56172375267,0.06432933004310397,-0.3921002625473683,0.3177827849960952,0.9997745267057438,3.9480907812225032,7.957559681698312e-05,630.1394574964912,0.6720167371820518,0.12230988741481215
111,ds111_time111_146.h5,0.010681195339611971,0,13000.0,0.008,2.57799322623963,0.2409356040413153,212827.33576527465,0.04912464069566696,-0.3862665129972338,0.26563737299427653,0.9998793939158602,3.8650579705182553,7.957559681698312e-05,613.2503005025487,0.6598456780165726,0.12221446369281991
111,ds111_time111_147.h5,0.010681195339611971,0,13000.0,0.009000000000000001,2.379111724975931,0.19229076209044726,208089.1308002395,-0.018582424096187954,-0.3805599136829629,0.21876772740772926,0.9998593726410188,3.7969725496564375,7.957559681698312e-05,579.5935194223938,0.647854117210406,0.12205510435948343
111,ds111_time111_148.h5,0.010681195339611971,0,13000.0,0.010000000000000002,2.4521527627738466,0.19365331476741154,227140.75670655502,0.01917569616272706,-0.38088794606722676,0.21734438776098328,0.9999257405783475,3.665977819268385,7.957559681698312e-05,578.2937455276676,0.6493881896119806,0.12182234978877494
111,ds111_time111_149.h5,0.010681195339611971,1,13000.0,0.011,2.393146344033094,0.21679669568526871,203066.11847726564,0.01547115984926031,-0.3767790878432518,0.18035881925322916,0.9997364213179897,3.456849743711147,7.957559681698312e-05,557.6846057840141,0.6394727789943387,0.12233783951945819
111,ds111_time111_150.h5,0.010681195339611971,1,13000.0,0.012,2.3721989719109304,0.22464234991205356,204662.10531554965,-0.10079755583382947,-0.37370503817231693,0.1388155029518396,0.9998439543666326,3.393303306583308,7.957559681698312e-05,538.9237543848559,0.632346776479165,0.12275307547618108
111,ds111_time111_151.h5,0.010681195339611971,1,13000.0,0.013000000000000001,2.4284216888775854,0.21634541931042772,304220.23324864794,-0.06397823030457912,-0.36236195057542775,0.14046775592542668,0.9997639948759731,3.4397504297010353,7.957559681698312e-05,541.5358083923882,0.6457427148458081,0.1328443787351054
111,ds111_time111_152.h5,0.010681195339611971,1,13000.0,0.014000000000000002,2.5255002881797264,0.20190578748467525,474340.8871444183,-0.12729983421248084,-0.34714614851872805,0.17078393596864017,0.9998968164543898,3.785592577649774,0.0,561.2938750152398,0.6753160007823114,0.14667618501986965
111,ds111_time111_153.h5,0.01414304609460278,0,13500.0,0.001,2.255568938636149,0.004140095765949869,26255.035988105567,1.515272235963891,-0.5018998002761204,0.4470359813370005,0.9996465717186094,4.123379954492608,7.936507936508012e-05,894.2487219219939,0.6852748473636777,0.13126084572052346
111,ds111_time111_154.h5,0.01414304609460278,0,13500.0,0.002,2.3175936946989273,-0.16789693490931268,109317.98724534907,0.6423396317602965,-0.4787966644124179,0.4322371065923175,0.9995679637178818,4.178973872242564,7.936507936508012e-05,774.2303066474386,0.6827720544488306,0.1310368563370508
111,ds111_time111_155.h5,0.01414304609460278,0,13500.0,0.003,2.385583111341491,-0.14917447945535112,103727.41579398452,0.6157592153165085,-0.4788921736012413,0.4355880825846895,0.9999122659394132,4.128501351237249,7.936507936508012e-05,775.334378124309,0.6823888359767802,0.1312638442058383
111,ds111_time111_156.h5,0.01414304609460278,0,13500.0,0.004,2.368241066706558,-0.0021326345506591515,142544.77116903814,0.3021205355881219,-0.4627625339978989,0.4155042046376456,0.9998800539946705,4.175331589882198,7.936507936508012e-05,722.3762445416378,0.6785691368687591,0.1309670850020764
111,ds111_time111_157.h5,0.01414304609460278,0,13500.0,0.005,2.4169412059077104,0.05175899007333351,125253.94019917445,0.22934401043844593,-0.45036671260150046,0.4021767604613622,0.9997536055495988,3.960367985624898,7.936507936508012e-05,688.1222668174216,0.6742489025857047,0.13098119320029122
111,ds111_time111_158.h5,0.01414304609460278,0,13500.0,0.006,2.406612524488826,0.12544332238227485,157867.36125795526,0.13556949727935677,-0.4420894405036568,0.35613266121997916,0.9997557064163971,4.1227137371607405,7.936507936508012e-05,664.6761339085916,0.6695944048243897,0.13049231992672725
111,ds111_time111_159.h5,0.01414304609460278,0,13500.0,0.007,2.3844476519057065,0.19647146043030217,217971.08798328176,0.048918528435478295,-0.433327724001032,0.29950758194441485,0.9999255310576403,4.053007335051216,7.936507936508012e-05,632.5065953002385,0.6635111029023736,0.13025691874968395
111,ds111_time111_160.h5,0.01414304609460278,0,13500.0,0.008,2.3710517591622438,0.14640561462919188,222020.46948396062,0.07942824889749783,-0.4333238917524397,0.2953840688037325,0.9997843845640721,3.900421090651057,7.936507936508012e-05,637.2342828493164,0.6627001584213332,0.13089488656222217
111,ds111_time111_161.h5,0.01414304609460278,0,13500.0,0.009000000000000001,2.287713105858508,0.15726512490325684,271090.2400934261,0.025765235770935715,-0.42812259977556866,0.24390596431509798,0.9999420529226126,3.8662101734378966,7.936507936508012e-05,612.0784217868046,0.6570897874106844,0.1304658850972499
111,ds111_time111_162.h5,0.01414304609460278,0,13500.0,0.010000000000000002,2.240169127288814,0.2011407200347748,211521.36356214463,0.007712579212010902,-0.4227211925200643,0.2052232950182906,0.9999577387885523,3.553469411967552,7.936507936508012e-05,583.7158100745564,0.6515487334534925,0.13081955844282447
111,ds111_time111_163.h5,0.01414304609460278,0,13500.0,0.011,2.2161433502653036,0.21767004339188456,154109.1364898443,-0.011911509217590472,-0.41965300843637815,0.16338528982312728,0.9998482862939919,3.4790414743105327,7.936507936508012e-05,563.3741041326199,0.64674520747721,0.1307164065798731
111,ds111_time111_164.h5,0.01414304609460278,0,13500.0,0.012,2.186329611025334,0.19145680294210066,162891.8058335755,0.017255445331567854,-0.4172212685077609,0.12370544701205187,0.9998140877115922,3.063823704686744,7.936507936508012e-05,541.635943933121,0.641591806110904,0.13128116011476473
111,ds111_time111_165.h5,0.01414304609460278,0,13500.0,0.013000000000000001,2.136119052958205,0.2449630151208313,187636.92611146328,-0.010121840501348438,-0.41564917880840196,0.09601051964729407,0.9998345382721137,2.874199633157608,7.936507936508012e-05,531.6008674247819,0.6388318219576152,0.1317436851590521
111,ds111_time111_166.h5,0.01414304609460278,0,13500.0,0.014000000000000002,2.1317841243136084,0.2765597702186515,187802.43570946335,0.02658903070186216,-0.4155430198066473,0.095812740352135,0.9997447007895914,2.9499267867641006,7.936507936508012e-05,535.1003949887199,0.6388925459549887,0.13243636589024727
111,ds111_time111_167.h5,0.01414304609460278,1,13500.0,0.015,2.078295182709267,0.2419838442469675,198618.47560330847,-0.006532543988809814,-0.41375985559174155,0.07329550807565959,0.9999161585170085,2.6769400114072246,7.936507936508012e-05,524.0487064310464,0.6366272812287092,0.1328520313422184
111,ds111_time111_168.h5,0.01414304609460278,1,13500.0,0.016,2.3024181748172716,0.21394632842540418,336500.24022829515,-0.04227098931097569,-0.4006133558237959,0.09736188586717229,0.999783630330149,3.033446069649191,7.936507936508012e-05,540.4872179902289,0.651801030148907,0.13997495318084832
111,ds111_time111_169.h5,0.01414304609460278,1,13500.0,0.017,2.499858864358099,0.1962386833497416,486269.4461335214,-0.12874328865190401,-0.3860812270003998,0.07102204197734506,0.9996807942259947,3.229541137592191,0.0,565.0273506153871,0.6764885832010176,0.15083078467245514
111,ds111_time111_170.h5,0.01827520471353066,0,14000.0,0.001,2.3659480384421037,0.0016363700459658403,19638.348029557375,1.054845574976424,-0.5388987481696953,0.44217075652393667,0.9998100993194453,4.124012856067231,7.936507936508012e-05,874.8302902552701,0.6827805418435304,0.14042302796308395
111,ds111_time111_171.h5,0.01827520471353066,0,14000.0,0.002,2.2463912856319217,-0.1407733554081112,65107.55089112582,0.42344182908424294,-0.5161849488895267,0.43380176430123774,0.9998865813219698,4.191328464746415,7.936507936508012e-05,765.4110186296768,0.6812823035723294,0.14018227931041136
111,ds111_time111_172.h5,0.01827520471353066,0,14000.0,0.003,2.2559503192822903,-0.19406386795999375,67005.65957792549,0.40908753136473713,-0.5170396699719446,0.43857859923958264,0.9998215475886758,4.148736834876205,7.936507936508012e-05,765.3864741235199,0.68193012136117,0.14056609391001756
111,ds111_time111_173.h5,0.01827520471353066,0,14000.0,0.004,2.2670274117103255,-0.009144608339507476,123889.08822518615,0.24582720988996368,-0.5020413260007652,0.4129769713406747,0.9998962302753204,4.096728714022701,7.936507936508012e-05,726.9826888177927,0.6798274992927539,0.1408696127125122
111,ds111_time111_174.h5,0.01827520471353066,0,14000.0,0.005,2.2415305911864247,0.10161344520663773,168741.94834193352,0.11227223382891716,-0.49262772719436504,0.36908765033119445,0.9999295670320345,3.9423084285957937,7.936507936508012e-05,695.5772966022369,0.6777376121200006,0.14044789488400594
111,ds111_time111_175.h5,0.01827520471353066,0,14000.0,0.006,2.156185650155191,0.08524334512327769,189449.84739448494,0.0839046132369695,-0.48276459157882595,0.3324224351238295,0.9998873168814484,3.9837461250156836,7.936507936508012e-05,663.5826841272808,0.6754830724517197,0.14062880390154298
111,ds111_time111_176.h5,0.01827520471353066,0,14000.0,0.007,2.191654340390203,0.14049979710505767,178283.59516163875,0.09662658887272928,-0.4831247968121491,0.33583399796401686,0.9998637587363336,4.023698563511567,7.936507936508012e-05,663.3928640180036,0.6753057905446923,0.14056447993135346
111,ds111_time111_177.h5,0.01827520471353066,0,14000.0,0.008,2.193408848686997,0.08781231816523372,213691.39433165384,0.09134218626276934,-0.47701446516700735,0.29225617215113364,0.9999201283248259,3.900046565716011,7.936507936508012e-05,641.6466421338124,0.6730353466186357,0.14083544593994038
111,ds111_time111_178.h5,0.01827520471353066,0,14000.0,0.009000000000000001,2.131833106532689,0.1700496730143326,218329.86389346072,0.028071383086275076,-0.4719414471440372,0.24136308322004033,0.9996886850852983,3.663184979993384,7.936507936508012e-05,616.8761514470652,0.6704133116451938,0.1406433387342163
111,ds111_time111_179.h5,0.01827520471353066,0,14000.0,0.010000000000000002,2.1061931406990846,0.1960716081135465,208981.11582550948,0.008904803337573488,-0.4688139204579488,0.19114712346440713,0.9998414508834864,3.53160202748553,7.936507936508012e-05,592.955615942001,0.6679234786508099,0.14069923688944036
111,ds111_time111_180.h5,0.01827520471353066,0,14000.0,0.011,2.0654072849593184,0.21838045116675642,211286.96255335247,0.05401684548818963,-0.4649737958002348,0.1486437059809946,0.9998142318432988,3.2609228889044557,7.936507936508012e-05,568.9553429587144,0.6656715794437519,0.1409961746167687
111,ds111_time111_181.h5,0.01827520471353066,0,14000.0,0.012,2.0594752371435043,0.21779447353943127,190186.71247194402,0.01474620334409482,-0.46512170730727165,0.1502026783628391,0.9999132772311174,3.3528585724892026,7.936507936508012e-05,574.0627822559271,0.6658178919363452,0.14131109522720403
111,ds111_time111_182.h5,0.01827520471353066,0,14000.0,0.013000000000000001,2.0708279684203403,0.25505926079010144,173941.1757973825,0.02253917752838682,-0.4635546478535319,0.11597126270114765,0.9998810478412805,2.9769146983086063,7.936507936508012e-05,551.2233961350678,0.6639907073595737,0.1419141199537423
111,ds111_time111_183.h5,0.01827520471353066,0,14000.0,0.014000000000000002,1.9905332328063772,0.24672915168658682,184796.00855618232,-0.001636550824093694,-0.46148269198514563,0.08954779164625762,0.9998207871387859,2.718169380633313,7.936507936508012e-05,537.2750944912005,0.6625923984542319,0.1427615957638298
111,ds111_time111_184.h5,0.01827520471353066,0,14000.0,0.015,1.9907917998706794,0.22038769669307068,173538.75322585212,0.04045880095392996,-0.46017696282241066,0.06742002625820091,0.9998129127272055,2.5717355950094123,7.936507936508012e-05,524.573951971484,0.6617949459147526,0.14352892673420398
111,ds111_time111_185.h5,0.01827520471353066,0,14000.0,0.016,1.948516842439489,0.2244569075735252,181393.75606851312,-0.001842207353395013,-0.4593092711965128,0.05960748858826157,0.999864620189129,2.3785358554358287,7.936507936508012e-05,521.1911558494996,0.6612371717784636,0.14427743611931668
111,ds111_time111_186.h5,0.01827520471353066,0,14000.0,0.017,1.994619732211674,0.24874533190445947,175912.02019664753,-0.012550195895845079,-0.45912116166524175,0.059267435006073815,0.9998182007680029,2.3683145680389304,7.936507936508012e-05,524.3226129018921,0.6613584536474864,0.14441214570254776
111,ds111_time111_187.h5,0.01827520471353066,0,14000.0,0.018000000000000002,2.002121022577916,0.26594667139451333,200755.87110904872,-0.047272966981941104,-0.45723491946484185,0.061007695460639444,0.9998254775487044,2.3044968489543947,7.936507936508012e-05,528.2408765246723,0.6619766832361363,0.14556635230572595
111,ds111_time111_188.h5,0.01827520471353066,1,14000.0,0.019000000000000003,2.3053764472157106,0.2228280569349086,394968.76479474094,-0.08894091974514629,-0.44339663508771887,0.1252871818278437,0.9998400863255145,2.693362573861955,7.936507936508012e-05,567.5365116527532,0.6748684763962719,0.15087447248415728
111,ds111_time111_189.h5,0.02299395641128306,0,14500.0,0.001,2.090582016880298,-0.023403265971707388,33709.47709286587,1.8029437794913672,-0.4625954589882111,0.5363124351015996,0.999611175950963,4.254019764842132,0.0,982.2924330214186,0.7017155179222554,0.11891391212978934
111,ds111_time111_190.h5,0.02299395641128306,0,14500.0,0.002,2.001095636671198,-0.29112013841605555,95633.3522914274,0.818961082954649,-0.43752996551867834,0.5242127201828523,0.9997213563384116,4.264982002593003,7.957559681697618e-05,838.4581219749203,0.7014759625939277,0.11903495424259006
111,ds111_time111_191.h5,0.02299395641128306,0,14500.0,0.003,2.0411407044546586,-0.27672762838044873,92203.45037599941,0.8169177614566157,-0.4375565775938052,0.5098057583491102,0.9998111493560857,4.2465260305451356,7.957559681697618e-05,833.3465081421241,0.7011029041967117,0.1187921255001646
111,ds111_time111_192.h5,0.02299395641128306,0,14500.0,0.004,1.974934760475524,-0.12066031129958055,161119.42879923328,0.38380356760494855,-0.42204381160135873,0.49000928053132536,0.9998421433164515,4.2030601653233965,7.957559681697618e-05,774.1950659059828,0.7003618875893777,0.11917882967885636
111,ds111_time111_193.h5,0.02299395641128306,0,14500.0,0.005,2.0035995710553154,-0.006930554689887236,216131.06230053934,0.2489113051508618,-0.40942459042257195,0.4344556785877231,0.9997165068379604,4.272179344326653,7.957559681697618e-05,732.1422098142946,0.6997711158023492,0.11864295481711395
111,ds111_time111_194.h5,0.02299395641128306,0,14500.0,0.006,2.007331649517422,0.07833104949262659,244619.36932762968,0.14655036814813568,-0.39782397492382043,0.3750267074050944,0.9995508245481106,4.036927067160309,7.957559681697618e-05,697.7675146098559,0.6986892570005048,0.11859766402930254
111,ds111_time111_195.h5,0.02299395641128306,0,14500.0,0.007,1.985521856040576,0.0635995613449325,248359.17562322752,0.1120262433128753,-0.3985207001082542,0.38290259171421864,0.9997441456874112,4.015891450289375,7.957559681697618e-05,701.7529574215389,0.6986784427300254,0.11894825912368345
111,ds111_time111_196.h5,0.02299395641128306,0,14500.0,0.008,1.9954151448777495,0.15346139509299683,263519.8141762499,0.043988977466119,-0.3915609844108805,0.3202816968991487,0.9994469510249864,4.1313864312536435,7.957559681697618e-05,669.5059909733285,0.6973137391180063,0.11883872622673884
111,ds111_time111_197.h5,0.02299395641128306,0,14500.0,0.009000000000000001,2.0230784402073527,0.14252756012122236,259277.49096516857,-0.017976513781778322,-0.38558189586217956,0.25708647946715674,0.9994946488926779,3.9093626497985428,7.957559681697618e-05,637.5403486567658,0.6961897721279388,0.11870779499436336
111,ds111_time111_198.h5,0.02299395641128306,0,14500.0,0.010000000000000002,2.0425546755019828,0.18459504756012035,233579.68572175998,0.025645174300782014,-0.38121887564554613,0.2040795033352332,0.9994808723189326,3.677592144601647,7.957559681697618e-05,609.5629523318282,0.6955190734029784,0.11869629843272864
111,ds111_time111_199.h5,0.02299395641128306,0,14500.0,0.011,1.973965635751676,0.1757987629575417,217712.50076558118,-0.004690636438875469,-0.3818293509440314,0.2036088103805091,0.9996038359179799,3.5888367082675554,7.957559681697618e-05,611.0985176715539,0.6951650907628847,0.11883009101151146
111,ds111_time111_200.h5,0.02299395641128306,0,14500.0,0.012,2.01269223975985,0.17799968038097602,189881.26316200686,-0.00013299317375678804,-0.3795406375277768,0.15694602137467364,0.9994518031052371,3.1883399350279116,7.957559681697618e-05,582.5259393621717,0.6943647020897336,0.1190958098344734
111,ds111_time111_201.h5,0.02299395641128306,0,14500.0,0.013000000000000001,1.9915567400699925,0.22775659140086635,184549.32592580316,0.0264605561977886,-0.37766526511651993,0.11799300790855602,0.9995131812366134,2.9517529748853804,7.957559681697618e-05,562.9758559210137,0.6934892609803319,0.11975747554924643
111,ds111_time111_202.h5,0.02299395641128306,0,14500.0,0.014000000000000002,2.007119682405771,0.22151132224468095,187819.79129535457,-0.0031860560969202796,-0.3759003108598926,0.08748222327968791,0.9993659782305184,2.7856291080002347,7.957559681697618e-05,553.6276813978055,0.6930447075043937,0.120087532204634
111,ds111_time111_203.h5,0.02299395641128306,0,14500.0,0.015,1.9798433307522916,0.21458457709111567,192386.0715382133,0.009495242489278664,-0.37617256014120604,0.08990394334186018,0.9994131913946844,2.743715473880237,7.957559681697618e-05,550.4856119331212,0.6931169167300049,0.12000545202772234
111,ds111_time111_204.h5,0.02299395641128306,0,14500.0,0.016,2.021737287185317,0.22462180618728178,188825.32713176496,-0.026633238464487508,-0.37456231276171786,0.07516077755384008,0.9995274273334689,2.4896970830009457,7.957559681697618e-05,547.2212360800274,0.6926787269599898,0.12104456804577945
111,ds111_time111_205.h5,0.02299395641128306,0,14500.0,0.017,2.012262020835735,0.20705483654330026,210365.54299082566,-0.0076878130628288185,-0.3731373883865057,0.06676138664150419,0.9996095902864938,2.3510596997123145,7.957559681697618e-05,545.2481879097861,0.6924268472872244,0.12180252222869253
111,ds111_time111_206.h5,0.02299395641128306,0,14500.0,0.018000000000000002,2.0386620847657735,0.18068644271181267,227113.84692785976,0.02677051021708333,-0.37204208745955963,0.07509570234256022,0.9992750952079577,2.1714957818244294,7.957559681697618e-05,553.5938705984585,0.6925755034557353,0.12230027859820936
111,ds111_time111_207.h5,0.02299395641128306,0,14500.0,0.019000000000000003,2.0329773740074626,0.2012688743192208,202716.37723457735,0.02544954973077066,-0.37194645271358495,0.07935275380339803,0.9993403944056206,2.2971207536778353,7.957559681697618e-05,548.6498097539013,0.6924585855470219,0.12221414481269878
111,ds111_time111_208.h5,0.02299395641128306,0,14500.0,0.020000000000000004,2.0379416005057998,0.21181008913260113,224449.69499667478,0.059630084384155194,-0.36993257592547407,0.09793289559666798,0.9996908927102856,2.0699909254169198,7.957559681697618e-05,563.7490464694547,0.6929263676042917,0.12293589424428837
111,ds111_time111_209.h5,0.02299395641128306,0,14500.0,0.021000000000000005,2.0326575950993186,0.232098656759949,237322.82423933398,0.015811986714971756,-0.36816513361941405,0.13461119580820247,0.9995648806242137,1.9320602786911476,7.957559681697618e-05,584.3603367696403,0.6934037260938003,0.12347629852207331
111,ds111_time111_210.h5,0.02299395641128306,0,14500.0,0.022000000000000002,2.02458436248632,0.20792507752620915,265623.23966431466,-0.00886893395213749,-0.36662110122486186,0.17086400326427895,0.9993847170580183,2.036545597292634,7.957559681697618e-05,602.0636584062753,0.6938609633866415,0.1245939070620275
111,ds111_time111_211.h5,0.02299395641128306,1,14500.0,0.023000000000000003,2.0343351298578973,0.21253021246770532,285874.7865342852,0.007270271973604069,-0.36634690767350203,0.17039856356943694,0.9994976615829835,2.0322940935200497,7.957559681697618e-05,611.5517030470176,0.6943785026726922,0.12445659621438875
111,ds111_time111_212.h5,0.02299395641128306,1,14500.0,0.024000000000000004,2.036257686787149,0.19847741353954063,315761.53872798115,0.016618046102164902,-0.36494453385708137,0.22318137896565007,0.9991978946754042,1.9675956876258929,7.957559681697618e-05,641.7174977664592,0.6954786336202997,0.12503893454191667
111,ds111_time111_213.h5,0.02299395641128306,1,14500.0,0.025,2.0579751408386593,0.2011168668331289,362747.12125842995,-0.022431418062014336,-0.36355497476891885,0.27101608486994766,0.9991195216143465,1.8218353032627599,7.957559681697618e-05,681.3865419578176,0.6961991861019903,0.12619450952885947
111,ds111_time111_214.h5,0.02299395641128306,1,14500.0,0.026000000000000002,2.116885595513263,0.1448144538260514,408831.37972954335,-0.046564900153263124,-0.359968529125863,0.3493743690943029,0.9992687914398353,1.8264515388830875,7.957559681697618e-05,717.7577825324569,0.6995103641795675,0.1275212325958659
111,ds111_time111_215.h5,0.02299395641128306,1,14500.0,0.027000000000000003,2.1271760761342997,0.19759333214353036,378275.9640653187,-0.011125590779103637,-0.35964087959560553,0.3450329826799826,0.9994197434210804,1.7844035199505093,7.957559681697618e-05,713.4967517482971,0.6999431277725958,0.12698042738547835
111,ds111_time111_216.h5,0.028213711395164747,0,15000.0,0.001,1.9910585065705106,-0.02727373355758833,30278.7741962927,1.4343036225638566,-0.5055598282448406,0.5171256752406236,0.9987307599442781,4.164411725955931,7.999999999999674e-05,973.8162966480196,0.7315925951408546,0.12808456886588296
111,ds111_time111_217.h5,0.028213711395164747,0,15000.0,0.002,1.969250200647947,-0.05447813554666858,29715.82863874541,1.376009742616454,-0.5048669820504559,0.5178011173687113,0.9989170381192692,4.154759807881563,7.999999999999674e-05,962.2712700320171,0.7314562818487838,0.128166342194504
111,ds111_time111_218.h5,0.028213711395164747,0,15000.0,0.003,2.0390675433273597,-0.2670508690476481,104799.3731591684,0.583582440348455,-0.4824344773313648,0.5041384896501777,0.9989789006307987,4.157418948826494,7.999999999999674e-05,833.7362450361949,0.7313351086151998,0.12741661130451407
111,ds111_time111_219.h5,0.028213711395164747,0,15000.0,0.004,2.046316112941847,-0.07650799688467891,165891.04367732868,0.29987957824026207,-0.46638491707162355,0.4676188775322508,0.9987055814322331,4.121073950361097,7.999999999999674e-05,780.8102576232741,0.7312909304339507,0.12638362415643908
111,ds111_time111_220.h5,0.028213711395164747,0,15000.0,0.005,2.016866945523931,-0.033196256957489734,236720.53366771975,0.20023731832542455,-0.45526109062681125,0.44013665849620737,0.9985635831214816,4.062056208045837,7.999999999999674e-05,738.5990248052351,0.7305577388326698,0.12597763648148066
111,ds111_time111_221.h5,0.028213711395164747,0,15000.0,0.006,2.001334715361447,-0.004194136099183732,245224.58812474267,0.1612235796325503,-0.4560989548950282,0.4314712570028874,0.9986369016005608,4.216605770213007,7.999999999999674e-05,737.7734574677937,0.7307537259151708,0.12581288682579675
111,ds111_time111_222.h5,0.028213711395164747,0,15000.0,0.007,2.0239186492962276,0.033752031949839,296244.19435294985,0.11425690883480275,-0.44729793503180176,0.38425804426994276,0.9983657489352941,4.145474737758922,7.999999999999674e-05,708.1174570173315,0.7303677654721964,0.1250664364161864
111,ds111_time111_223.h5,0.028213711395164747,0,15000.0,0.008,2.0509535550845657,0.10111970860942221,293558.01714412984,-0.0057158852433782225,-0.44085535040312035,0.3195070297496896,0.9989212005288975,4.071332999916981,7.999999999999674e-05,676.8119944877315,0.7298336773370405,0.12401188323808499
111,ds111_time111_224.h5,0.028213711395164747,0,15000.0,0.009000000000000001,2.0202964074692162,0.09339330563086135,279123.16294855694,-0.024883742854521253,-0.43698847055537937,0.26506418279214045,0.9985253194016096,3.6748859971482486,7.999999999999674e-05,650.8594276793598,0.7292754138585512,0.1235837824841146
111,ds111_time111_225.h5,0.028213711395164747,0,15000.0,0.010000000000000002,2.0142077216041914,0.1311474642759407,271944.06248153176,0.006264069369745369,-0.43661003139378823,0.2590638690548957,0.9985706780727711,3.7250035566389275,7.999999999999674e-05,652.1129845541914,0.7291584453003548,0.12334456392096974
111,ds111_time111_226.h5,0.028213711395164747,0,15000.0,0.011,1.9921472684450452,0.16581416186188602,249702.0136153999,-0.029345816149873867,-0.4331859830547368,0.20923711188869293,0.9986088004233485,3.4948842741309885,7.999999999999674e-05,619.1550897895928,0.7286530920448614,0.12263414908440558
111,ds111_time111_227.h5,0.028213711395164747,0,15000.0,0.012,2.0388993257446377,0.1900484308186876,212234.08740840008,-0.025013475124277918,-0.4304922308216795,0.15648417471813977,0.9976830701538056,3.0787384744871074,7.999999999999674e-05,593.3316747132196,0.7282830128256825,0.12175256320999966
111,ds111_time111_228.h5,0.028213711395164747,0,15000.0,0.013000000000000001,2.050704351859388,0.18234563795143832,210192.49561665737,0.03465583792182202,-0.4312206997173497,0.16699391402478328,0.9984445645617351,3.104372071728693,7.999999999999674e-05,593.2976110357037,0.7282928808836449,0.1221133270939497
111,ds111_time111_229.h5,0.028213711395164747,0,15000.0,0.014000000000000002,2.005030406616429,0.17925439481658922,188411.01812742258,-0.0058744987644623724,-0.42904103550505107,0.12240946434657941,0.9974596716764598,2.8629156011313137,7.999999999999674e-05,570.7821244580911,0.7277258103679426,0.12113994884137746
111,ds111_time111_230.h5,0.028213711395164747,0,15000.0,0.015,1.9544632806970887,0.20140327690563353,178291.5416279569,0.03538652312429984,-0.428046667749381,0.09558777761120738,0.9982741805741157,2.6676964753922645,7.999999999999674e-05,563.7354823166023,0.727530247839458,0.12100067253377463
111,ds111_time111_231.h5,0.028213711395164747,0,15000.0,0.016,2.0093068118679067,0.1858415863079832,217855.5164895309,0.08275867329347193,-0.42611161358078364,0.08419377898901417,0.9981909491085846,2.547935600395087,7.999999999999674e-05,560.8393805049299,0.7274469607330477,0.1200909226262715
111,ds111_time111_232.h5,0.028213711395164747,0,15000.0,0.017,2.0267195754406746,0.19997933963260817,209334.47746300412,0.032214818892949776,-0.4265591141348399,0.08114744837002645,0.9982080571065161,2.466934635476601,7.999999999999674e-05,559.6651368444849,0.7273393074828907,0.12048374659911786
111,ds111_time111_233.h5,0.028213711395164747,0,15000.0,0.018000000000000002,2.0544896021453476,0.1795719643651532,230890.68048516853,0.05479998890050638,-0.4244869892363233,0.0834382895437443,0.9983190439530353,2.3304558975362775,7.999999999999674e-05,562.8798865677046,0.7272805182221701,0.11996916784884602
111,ds111_time111_234.h5,0.028213711395164747,0,15000.0,0.019000000000000003,2.0498565015949413,0.2481889164948783,204816.40689206868,0.08122006609846079,-0.4217511467853431,0.09520988350673434,0.9983505369057529,2.1826281427517182,7.999999999999674e-05,569.9570619936216,0.7271971737339663,0.11918678431666617
111,ds111_time111_235.h5,0.028213711395164747,0,15000.0,0.020000000000000004,1.9909192141720362,0.1865121724594061,215673.36566724157,0.04287435427589116,-0.42237342817818524,0.09625866065382234,0.9985389976792928,2.1170286484175787,7.999999999999674e-05,569.0045033401534,0.7270305837127866,0.11945354764823245
111,ds111_time111_236.h5,0.028213711395164747,0,15000.0,0.021000000000000005,2.016684644520846,0.22644562664761536,245219.76717826503,0.019565039414230385,-0.42011703943659234,0.12368771963592697,0.9983235593589633,2.1798455907320418,7.999999999999674e-05,586.7151310688139,0.7274675184598233,0.11910958451273404
111,ds111_time111_237.h5,0.028213711395164747,0,15000.0,0.022000000000000002,2.0220490374167506,0.19880557374943564,271353.51997809554,0.06059717287243404,-0.41759768337579306,0.16261703758644985,0.997706284824324,2.0227734639083983,7.999999999999674e-05,608.5875826595176,0.7273232416028428,0.11882251777674632
111,ds111_time111_238.h5,0.028213711395164747,0,15000.0,0.023000000000000003,2.008224047823132,0.1958467685342411,324177.6092027538,0.015637877811589006,-0.4154532378408906,0.1974933283150157,0.9975411711153361,2.0096122815675503,7.999999999999674e-05,639.6175538527515,0.727811078351332,0.1188519193061723
111,ds111_time111_239.h5,0.028213711395164747,0,15000.0,0.024000000000000004,2.0160797629710108,0.19005713530825297,332952.2771251309,0.09162227374930355,-0.4151679789592397,0.2069277480977162,0.9977581893379552,1.9978380081955662,7.999999999999674e-05,644.2669302087781,0.7280509747161185,0.11885644034524144
111,ds111_time111_240.h5,0.028213711395164747,0,15000.0,0.025,1.990907764213084,0.1938420426330818,349773.0766926292,0.01989010329161051,-0.4132353057919847,0.24937665734278402,0.9972620623123627,2.0026753160676125,7.999999999999674e-05,673.9397129313079,0.7284210054981424,0.11893439232682333
111,ds111_time111_241.h5,0.028213711395164747,0,15000.0,0.026000000000000002,2.0267282873518964,0.21023503063516724,387849.65739048435,0.019990256989321584,-0.41107130112665147,0.3031513955085825,0.9963503270354728,1.795399194415272,7.999999999999674e-05,727.3016787149818,0.7286614489086634,0.11991270396841362
111,ds111_time111_242.h5,0.028213711395164747,0,15000.0,0.027000000000000003,2.024094625315119,0.2223535523955109,362698.7280892529,-0.005816514042504485,-0.40885743001147934,0.35165590659301305,0.9965552553361302,1.8367239874123698,7.999999999999674e-05,771.7421727862885,0.729261902613419,0.12081085143608954
111,ds111_time111_243.h5,0.028213711395164747,0,15000.0,0.028000000000000004,2.0272765444597947,0.19469050039009828,383355.71426185,-0.06494326285698471,-0.409075310820846,0.34967551483259357,0.9959941505955205,1.7719890984980315,7.999999999999674e-05,787.7363432855791,0.7291317925639644,0.12102882376570426
111,ds111_time111_244.h5,0.028213711395164747,1,15000.0,0.029000000000000005,2.0344271308031128,0.2047415031756119,362812.39211807353,-0.03507645389286453,-0.406523250277371,0.39981745046972217,0.9952267940637883,1.6834117215665383,0.0,841.719093985629,0.729476385849077,0.12275517643249223
111,ds111_time111_245.h5,0.028213711395164747,1,15000.0,0.030000000000000002,2.1958329420766107,0.23884604747450222,392002.5302699387,-0.07993735497628658,-0.3985931011957706,0.3727906244659101,0.9944239959992841,1.665365069960961,0.0,912.4971194733345,0.7374385780329579,0.129028644719612
111,ds111_time111_246.h5,0.028213711395164747,1,15000.0,0.031000000000000003,2.1434923699507475,0.18660149062675102,425014.53384171997,0.012090251748360757,-0.39862389529559544,0.3623878946091617,0.9903326582069125,1.6805626248195724,0.0,923.7968921933432,0.736805156229947,0.12925169350106377
111,ds111_time111_247.h5,0.015853457102407664,0,15500.0,0.001,2.0293340529691792,-0.07638376427734817,32278.268259032844,0.8280977467154159,-0.5437091452017045,0.9526197330466062,0.9998034734340311,3.9972715204517315,8.064516129032209e-05,943.452686498111,0.7724036251758728,0.13939946577320153
111,ds111_time111_248.h5,0.015853457102407664,0,15500.0,0.002,2.055537104619596,-0.046968168881775574,32789.538984731786,0.8407215612332594,-0.5430625189160168,0.9554802745010865,0.9998913199245253,4.24398773625749,8.064516129032209e-05,951.8704905701251,0.7723718762190087,0.13950388416337137
111,ds111_time111_249.h5,0.015853457102407664,0,15500.0,0.003,2.079105631110043,-0.23894405322877232,97647.24043644022,0.37469182370242177,-0.5207388761200583,1.1282715178443081,0.9998464246324879,4.093767784058301,8.064516129032209e-05,835.1072124333597,0.7721170273279557,0.13910838220053934
111,ds111_time111_250.h5,0.015853457102407664,0,15500.0,0.004,2.0288182407471442,-0.10119401884142087,183067.98578692443,0.1591833916347637,-0.5038296394272027,1.1476057268103625,0.9996811652999338,3.987960193750823,8.064516129032209e-05,778.7151730284538,0.7712424484029358,0.13787125955131038
111,ds111_time111_251.h5,0.015853457102407664,0,15500.0,0.005,2.042630895338038,-0.11066707707769696,191274.48908267508,0.1128444786313066,-0.5045391010353368,1.1258472483928266,0.9997400236455382,4.008475719811914,8.064516129032209e-05,778.3554582165477,0.7711806514038219,0.13841122260385363
111,ds111_time111_252.h5,0.015853457102407664,0,15500.0,0.006,2.0955378465912355,0.020688900092206364,300040.78148870124,0.05932172440366735,-0.49158174091067897,0.9570595730171596,0.9997088465500507,4.154721119108595,8.064516129032209e-05,747.9709975433411,0.7705885879969953,0.13726203942196136
111,ds111_time111_253.h5,0.015853457102407664,0,15500.0,0.007,2.105567351598402,0.09644025325170436,406388.8158364435,-0.05868922069942567,-0.4828305784218059,0.7168797042704486,0.9996751926263434,4.063322871451568,8.064516129032209e-05,720.2881712958476,0.7703379899403969,0.13671605884605603
111,ds111_time111_254.h5,0.015853457102407664,0,15500.0,0.008,2.1086905195916357,0.13338824412921602,416182.80422588007,-0.054399161798221345,-0.4754278174227056,0.4707101851346211,0.9997538130745811,4.265065248605983,8.064516129032209e-05,688.5337757896068,0.7693412653365004,0.13597026975504162
111,ds111_time111_255.h5,0.015853457102407664,0,15500.0,0.009000000000000001,2.1236515771815223,0.13557520961568192,393509.5111475036,-0.1273322503288487,-0.4750884226141248,0.4773076478509651,0.9996687005764384,4.077585083125987,8.064516129032209e-05,691.5559092056064,0.7696602147546084,0.13583960400029454
111,ds111_time111_256.h5,0.015853457102407664,0,15500.0,0.010000000000000002,2.088376059215681,0.14602349637681877,385859.9505895991,-0.022002935375119076,-0.4691198264617961,0.2903370877992005,0.9994601635858269,4.048921089468972,8.064516129032209e-05,674.7143752423228,0.7688635530723502,0.1346036912364875
111,ds111_time111_257.h5,0.015853457102407664,0,15500.0,0.011,2.082495609801601,0.17525430758447258,387049.9034977857,-0.05205049267579253,-0.4641598778667637,0.16123182071418843,0.999522807421826,3.917065382615901,8.064516129032209e-05,650.0301234570312,0.7685806666660078,0.13419268705118503
111,ds111_time111_258.h5,0.015853457102407664,0,15500.0,0.012,2.1143367864382245,0.21785033995259062,357720.40386924054,-0.10591011354040852,-0.46295795445064297,0.1550059696569557,0.9994579698020538,4.024147729932246,8.064516129032209e-05,653.9310758872282,0.7685893641237044,0.13395862906646264
111,ds111_time111_259.h5,0.015853457102407664,0,15500.0,0.013000000000000001,2.1264369636720266,0.2083373658510912,306954.8106084849,-0.11277971289868438,-0.4611549240205486,0.08151787751272536,0.9994728143222046,3.86665515278323,8.064516129032209e-05,627.8331396558975,0.7679116103331043,0.13363680649968793
111,ds111_time111_260.h5,0.015853457102407664,0,15500.0,0.014000000000000002,2.2318014204249184,0.2358660225989051,392456.29524715524,-0.005696926943722806,-0.45680327930897646,0.053743720193240876,0.9994340009537719,3.7406600576806364,8.064516129032209e-05,624.3219289916808,0.767709066730676,0.13340338311521727
111,ds111_time111_261.h5,0.015853457102407664,0,15500.0,0.015,2.180587995626453,0.2718432290292345,375005.1112354853,-0.12768648724345136,-0.4570734613364341,0.05463789976980788,0.9995625495824737,3.8178120694235442,8.064516129032209e-05,619.3726140263465,0.7680389729672928,0.1332961893767007
111,ds111_time111_262.h5,0.015853457102407664,1,15500.0,0.016,2.2090686150438943,0.2209400672023365,461514.4375054388,-0.042417537261748704,-0.4545417340527053,0.06375292644606206,0.9992404631295793,3.697082434558533,8.064516129032209e-05,617.3626547828779,0.7676041443903941,0.13404904343645124
111,ds111_time111_263.h5,0.015853457102407664,1,15500.0,0.017,2.2833620783750512,0.2413531724757636,535948.7166040158,0.004542601906093143,-0.44893745925692874,0.0980134213184757,0.9993802692690237,3.5965343080051624,8.064516129032209e-05,625.1356048355502,0.7671124997254904,0.1374333420124998
111,ds111_time111_264.h5,0.010642677526064997,0,16000.0,0.001,2.227286174915104,-0.07436247231760307,48935.82108427402,1.6376353169166733,-0.4585541075419368,0.6029300888598593,0.9999544877347577,4.25347117316029,0.0,1065.4939932565296,0.8256504519684522,0.11686928062711628
111,ds111_time111_265.h5,0.010642677526064997,0,16000.0,0.002,2.173246571318959,-0.057716031403755474,46939.497314401495,1.5403664964086212,-0.4555713339233637,0.5953794130481819,0.9999395422219649,4.223289406624851,0.0,1050.1774175269124,0.8244204625328273,0.11704081619179929
111,ds111_time111_266.h5,0.010642677526064997,0,16000.0,0.003,2.2007810479971455,-0.2952912932841014,162015.99898954076,0.6111667794070907,-0.4264511500445293,0.5770779176999712,0.9999759207792409,4.201735267177229,8.1521739130435e-05,904.4757449503195,0.8238697373732988,0.11665243095135273
111,ds111_time111_267.h5,0.010642677526064997,0,16000.0,0.004,2.217151320967976,-0.11939179183197979,281285.7104565138,0.2941379851664899,-0.4069300164852549,0.5110073926208692,0.9999766220876904,4.493095077259623,8.1521739130435e-05,841.5043250678432,0.8222308458057295,0.11707698857019894
111,ds111_time111_268.h5,0.010642677526064997,0,16000.0,0.005,2.22514270382429,-0.10588563006547025,285172.6653051395,0.338737901730628,-0.407117509684118,0.5163284677060641,0.999956755131666,4.276707450848443,8.1521739130435e-05,842.1930550769912,0.8219976432914696,0.11670642312799678
111,ds111_time111_269.h5,0.010642677526064997,0,16000.0,0.006,2.266929291396883,-0.0023503969242737455,380372.47495020437,0.10023338390323792,-0.3903532773130468,0.4447117282231547,0.9999824768809994,4.571930792733717,8.1521739130435e-05,797.9565738096629,0.8199847065421048,0.11720395066244123
111,ds111_time111_270.h5,0.010642677526064997,0,16000.0,0.007,2.3612049649649216,0.0952678461329104,470974.36587107705,-0.035425688848566624,-0.3773902793319091,0.3980903290567904,0.9999002245408035,5.100306153192264,8.1521739130435e-05,773.9446300749271,0.819395938323882,0.11862985490622314
111,ds111_time111_271.h5,0.010642677526064997,0,16000.0,0.008,2.233295130220732,0.09623444716252605,450680.0395397542,0.030555394359677312,-0.3767777937556724,0.3902849499487356,0.9999732160201533,4.6452099922175885,8.1521739130435e-05,771.486740921569,0.8184599358260637,0.11861121906158065
111,ds111_time111_272.h5,0.010642677526064997,0,16000.0,0.009000000000000001,2.325186775105445,0.17472029816731016,506026.6714131407,-0.04450171115153183,-0.36467082691598907,0.3305962952069781,0.9999014979275527,4.914212051071465,8.1521739130435e-05,744.8705150573606,0.8168989519920746,0.12061547807308677
111,ds111_time111_273.h5,0.010642677526064997,0,16000.0,0.010000000000000002,2.383933860113016,0.18478437403118608,552910.8418802817,-0.08124175673965425,-0.35440139447320745,0.26657856916353595,0.9999547395659568,5.0471163653235696,0.0,723.6712689753101,0.8144930097926503,0.12469906327232436
111,ds111_time111_274.h5,0.010642677526064997,1,16000.0,0.011,2.354821855403943,0.2064309587416564,531326.2498850618,-0.06808909608439384,-0.3551421669701138,0.27612223609384007,0.999900148507216,4.906731504516654,0.0,728.0848445299933,0.8150074479077813,0.12404491980338496
111,ds111_time111_275.h5,0.010642677526064997,1,16000.0,0.012,2.5197159801626476,0.2324581288459142,612076.1986425691,-0.09477447169234848,-0.34413626789772717,0.22433517961090896,0.9998269223897863,5.253287452878848,0.0,717.7272263748508,0.8124804394604079,0.13142131463108964
111,ds111_time111_276.h5,0.010642677526064997,1,16000.0,0.013000000000000001,2.6290051913863266,0.20572873400514524,706896.5224892912,-0.23285330280203645,-0.32978736425907734,0.20838572922416607,0.9998810699653017,4.90181548039068,0.0,692.6777123575351,0.8046719710606824,0.15502446505388723
111,ds111_time111_277.h5,0.007929197128000718,0,16500.0,0.001,2.4755156426928235,-0.05950098427047279,45148.38041793654,1.5838766247802292,-0.456976401266236,0.5850198834895243,0.9999792954878073,4.247709842292011,0.0,1088.0401637010775,0.833106091174421,0.11693885274470775
111,ds111_time111_278.h5,0.007929197128000718,0,16500.0,0.002,2.454760956989855,-0.08306561979713623,48451.15242734022,1.5075565057022964,-0.45655394531615334,0.606226761231979,0.9999827040580909,4.444696664456641,0.0,1086.3897321095178,0.8349844987265201,0.11664324730767793
111,ds111_time111_279.h5,0.007929197128000718,0,16500.0,0.003,2.416534686375575,-0.31657554978367264,164376.71713053202,0.6028926715090613,-0.42618764681896465,0.5762171235247906,0.9999672580072972,4.173207813305792,7.90513833992118e-05,935.9862830340421,0.8323086575776598,0.11702846116205816
111,ds111_time111_280.h5,0.007929197128000718,0,16500.0,0.004,2.3570580927775637,-0.03852028585211342,293990.88459321146,0.2996216193381813,-0.40383135513040397,0.5073693417638829,0.9999640523767754,4.583584552883264,7.90513833992118e-05,877.9094879146372,0.8289935811554571,0.11895666594785033
111,ds111_time111_281.h5,0.007929197128000718,0,16500.0,0.005,2.3711641184061762,-0.10883659986868177,289951.76046141353,0.2708685480094251,-0.4041304857105556,0.5030809640506112,0.9999761587026859,4.664666542286843,7.90513833992118e-05,856.3288486936117,0.8285810586605823,0.11871296532860051
111,ds111_time111_282.h5,0.007929197128000718,0,16500.0,0.006,2.486855044154717,0.07486128689384208,401876.2125028217,0.07884116968771959,-0.3863969687010676,0.44156363801183673,0.9999864260454648,5.0027962861041555,7.90513833992118e-05,831.9621958696214,0.824716248378411,0.1219591795483765
111,ds111_time111_283.h5,0.007929197128000718,0,16500.0,0.007,2.531367058573023,0.07013305701328432,506723.3879383366,-0.030195041518560835,-0.37124687999046885,0.406865044343519,0.9999457611688117,5.4922988501456755,7.90513833992118e-05,815.3662041635206,0.8222622276884163,0.1291167232553777
111,ds111_time111_284.h5,0.007929197128000718,1,16500.0,0.008,2.4437282497879713,0.08331740835640167,521919.3422870645,-0.049587307733237204,-0.37084716968968623,0.39139026891916573,0.9999319158391634,5.07721716281114,7.90513833992118e-05,801.4103075028761,0.8207231681534499,0.12960876765486198
111,ds111_time111_285.h5,0.007929197128000718,1,16500.0,0.009000000000000001,2.537004591811678,0.17807062821369612,602486.1954396738,-0.07644368545573463,-0.353204542209766,0.3405997381422708,0.9998504787649413,5.63727968909523,0.0018972332015810833,793.2452495111867,0.8110274111351904,0.15170121022503347
111,ds111_time111_286.h5,0.007929197128000718,1,16500.0,0.010000000000000002,2.65687928479956,0.15330048289812992,910455.8661500372,-0.11639543443016215,-0.32122179790684247,0.37847113474935473,0.9999087527864219,6.245754136980275,0.0,785.1356040369787,0.7842688353714073,0.1894785579669824
111,ds111_time111_287.h5,0.006309696738484362,0,17000.0,0.001,2.672585270917479,-0.08780692633252518,45745.794374704135,1.1114377707695378,-0.5023507625426054,0.5867925738805092,0.9999865782111621,4.140680542794872,8.021390374331541e-05,1073.5036895719475,0.8946892062426794,0.12723281231565392
111,ds111_time111_288.h5,0.006309696738484362,0,17000.0,0.002,2.7043407918987477,-0.11131797127947518,46192.34059632401,1.1228543935889792,-0.5036631556615455,0.5807739423028148,0.9999914038715766,4.252072693589673,8.021390374331541e-05,1062.363969855132,0.8950538747929262,0.1281157502131607
111,ds111_time111_289.h5,0.006309696738484362,0,17000.0,0.003,2.507759525737227,-0.17833913573352778,179284.11563568027,0.3972730261686894,-0.4725809949447019,0.5518721584799458,0.9999746716253322,4.187865186681424,8.021390374331541e-05,930.7812316563287,0.8899202929471562,0.12927548477016956
111,ds111_time111_290.h5,0.006309696738484362,0,17000.0,0.004,2.5276617370916763,-0.03673887287566635,317978.9997999772,0.14670393541624657,-0.4535288340100525,0.5166966332235267,0.9999978136992927,4.586867618981749,8.021390374331541e-05,876.1792228942464,0.8847970312301959,0.1360363623207387
111,ds111_time111_291.h5,0.006309696738484362,0,17000.0,0.005,2.4940284737508804,-0.005020553180863807,309397.7562008285,0.1573384062064973,-0.4524877259793528,0.5179733015604634,0.9999816987862048,4.937663679378104,8.021390374331541e-05,877.8990257869089,0.884380322176311,0.13579424175508403
111,ds111_time111_292.h5,0.006309696738484362,0,17000.0,0.006,2.7542163938828317,0.04580852980007677,506445.8469558632,-0.10713012902619941,-0.4326117843159623,0.48049555694826357,0.9999363259389635,5.335886344218592,8.021390374331541e-05,843.2149704314071,0.8686362754820569,0.1594903561621405
111,ds111_time111_293.h5,0.006309696738484362,1,17000.0,0.007,2.6899147779377715,0.03646993913647023,503246.61225034815,-0.08647474329532703,-0.43063052550595393,0.46952440943585594,0.9999846372862299,5.138749992187925,8.021390374331541e-05,843.54138627813,0.8684214687003545,0.16007491942467392
111,ds111_time111_294.h5,0.005257268589362367,0,17500.0,0.001,2.6664542955816386,-0.10976997264652644,51819.063498779346,0.5616664910877922,-0.5506212783047051,0.5925373790991316,0.9999788177032729,4.12439670274204,8.163265306122477e-05,1024.7815319373178,0.9603788252167618,0.14159637215206364
111,ds111_time111_295.h5,0.005257268589362367,0,17500.0,0.002,2.7808399579996697,-0.09588794217883478,53389.95173930231,0.5820281558253084,-0.5500262125852211,0.5903224395820772,0.9999988917762791,4.0848627139919,8.163265306122477e-05,1037.4200847749526,0.9622762572834058,0.14057700269335777
111,ds111_time111_296.h5,0.005257268589362367,0,17500.0,0.003,2.5522907334698424,-0.18860371439971102,185258.66215273118,0.1825509246541384,-0.5228652265884217,0.5552211843896697,0.9999884972604806,4.298787077959709,8.163265306122477e-05,925.5635961253021,0.9516048758642958,0.14642783529112516
111,ds111_time111_297.h5,0.005257268589362367,0,17500.0,0.004,2.4752745389427195,-0.20216930628452223,183351.98383082566,0.23575688875728348,-0.5219466383974624,0.577665301364314,0.9999943698833513,4.456364491552167,8.163265306122477e-05,924.1561363371125,0.9544703320172826,0.14632039601340788
111,ds111_time111_298.h5,0.005257268589362367,0,17500.0,0.005,2.734558065998665,-0.031099327979375424,395468.00735692657,-0.048006055799871356,-0.4971948970816013,0.5489869438460213,0.9999908437568995,4.837315825481052,8.163265306122477e-05,888.00439195072,0.9258756201491115,0.18172368977618125
111,ds111_time111_299.h5,0.005257268589362367,1,17500.0,0.006,3.177192943100172,-0.15812120710270738,1825104.9339065384,-0.4840997881700958,-0.4200912458924162,0.6632376461897078,0.9941136193999108,6.554505412374423,0.0017959183673469453,945.1163311557183,0.8112299477335905,0.2514842942027431
111,ds111_time111_300.h5,0.004532440904534085,0,18000.0,0.001,2.8628128272805213,-0.11705345885008245,53171.1339832114,0.5640660696631414,-0.548081792795508,0.5901565303153905,0.9999920157403949,4.141220713884383,7.936507936508186e-05,1051.406752975334,0.9693473864814829,0.14162984219110197
111,ds111_time111_301.h5,0.004532440904534085,0,18000.0,0.002,2.860478748490444,-0.14363639372481263,53560.88317953731,0.585105180869076,-0.5489133057262535,0.5910956801222687,0.9999988433939855,4.044386185709098,7.936507936508186e-05,1063.0607801497242,0.9710944550632834,0.1408598252528558
111,ds111_time111_302.h5,0.004532440904534085,0,18000.0,0.003,2.7998909075690936,-0.19298248280223973,192667.20954806326,0.1378752907547242,-0.5206230535255482,0.5740215053135372,0.999995489107359,4.421698412935154,7.936507936508186e-05,940.5662710037632,0.9577044534664948,0.15345354338093173
111,ds111_time111_303.h5,0.004532440904534085,0,18000.0,0.004,2.776151413499353,-0.19462409623938481,186268.65965272303,0.15263903525362552,-0.5208342589895809,0.5701904135823482,0.9999809052701472,4.592422746599228,7.936507936508186e-05,941.5542590761412,0.9577648325076006,0.1520028715327353
111,ds111_time111_304.h5,0.004532440904534085,1,18000.0,0.005,3.0995951210613955,-0.23499111227607505,630307.2820419692,-0.49382886622651734,-0.47567407054488187,0.5672956807829359,0.999987256529143,5.309235190162914,7.936507936508186e-05,933.6219007090529,0.8366828689347244,0.2502934211868492
111,ds111_time111_305.h5,0.004532440904534085,1,18000.0,0.006,3.116188065564236,-0.3637076647361953,2827808.6966901068,-0.4466294041136914,-0.39286949589048453,0.7736510624055619,0.9961799910512653,7.689146044465694,0.0,1054.9692475370662,0.7664331743954687,0.25384212486187757
111,ds111_time111_306.h5,0.004011897955183311,0,18500.0,0.001,3.8030828089542124,-0.10332115301694267,95906.49692615485,1.396012561844985,-0.4528328922447665,0.7179925360983728,0.9999958648896858,4.313119376364828,0.0,1207.434366129179,0.9439179746248663,0.11493868484918718
111,ds111_time111_307.h5,0.004011897955183311,0,18500.0,0.002,3.6357695117826676,-0.11114586793684267,96125.33982888525,1.4343824101323155,-0.45049299207267,0.7141245390005206,0.9999998856009329,4.333191332830094,0.0,1192.6719435505906,0.9428923797076529,0.11471047754373048
111,ds111_time111_308.h5,0.004011897955183311,0,18500.0,0.003,2.9252878718254474,-0.3517715637677168,448133.0064408614,0.47834089497957477,-0.4173954588690219,0.5517221975688442,0.9999939038662624,4.423599558757613,8.108108108108303e-05,1019.2490974340292,0.9621236869389502,0.1293704657354393
111,ds111_time111_309.h5,0.004011897955183311,0,18500.0,0.004,2.9088195561566,-0.3566827354010118,437502.7320194132,0.48632014919281724,-0.4167590443990675,0.5748606775693434,0.9999989879376487,4.457691134298303,8.108108108108303e-05,1017.9129423216671,0.9587822259396404,0.12892769809798388
111,ds111_time111_310.h5,0.004011897955183311,1,18500.0,0.005,3.023702601646517,-0.282039412207022,983337.9024220478,-0.22713588236492752,-0.3730392259340362,0.5505289642349586,0.9999934011160132,5.040863209141452,8.108108108108303e-05,976.9590571746094,0.8918111082815618,0.2221942499439148
111,ds111_time111_311.h5,0.004011897955183311,1,18500.0,0.006,3.0488996868909317,-0.27896389209639794,971229.1605557554,-0.2241695217072608,-0.37128195194324415,0.5725398281350425,0.9999991008217513,5.394496104894291,8.108108108108303e-05,973.4642687057183,0.8913427812899384,0.2215634920912202
111,ds111_time111_312.h5,0.003626284156143028,0,19000.0,0.001,4.108151945830109,-0.11788720437837186,94836.08115329246,1.4302098749584655,-0.4546379605084138,0.7180708955670412,0.9999964492609644,4.202204700487457,0.0,1222.2374905923978,0.9342220256173119,0.1166422419708906
111,ds111_time111_313.h5,0.003626284156143028,0,19000.0,0.002,3.955800972608657,-0.12276435878318748,94693.23961151126,1.4002296994477565,-0.45212348665617147,0.7094042130637985,0.999997220051578,4.219854131974439,0.0,1220.233354527114,0.9334339278034471,0.11563258030274703
111,ds111_time111_314.h5,0.003626284156143028,0,19000.0,0.003,2.964266553375295,-0.4002936570319582,444406.3982525006,0.4969384727252596,-0.4178223256866788,0.5693246214137927,0.9999942348723049,4.576066913437712,7.894736842105343e-05,1050.092821338949,0.9586242585837288,0.13868246374780185
111,ds111_time111_315.h5,0.003626284156143028,1,19000.0,0.004,3.0256775627597277,-0.36031190971619953,446688.80365244404,0.5459641135625114,-0.41708435533231236,0.5599569354086817,0.999998934408751,4.431370110186787,7.894736842105343e-05,1052.2151506994064,0.9587606020465195,0.13868482558490944
111,ds111_time111_316.h5,0.003626284156143028,1,19000.0,0.005,3.231892236156176,-0.2534693845249658,1154776.7584113204,-0.398410962356897,-0.3515488793441067,0.6462821892794647,0.9824864295592594,5.929194271847707,0.0,1046.2924667286918,0.8194444661623417,0.22439325700800175
111,ds111_time111_317.h5,0.003626284156143028,1,19000.0,0.006,3.200613548678768,-0.3502039819536853,1210873.9240337494,-0.44887008006580853,-0.35168737322132215,0.6640454417230295,0.9899240268758543,6.085489373046042,0.0,1038.6280568298816,0.8217908294077416,0.22412521063768914
111,ds111_time111_318.h5,0.0033339327363407327,0,19500.0,0.001,3.792934688096786,-0.1447038208913618,89992.23131344708,0.9800964950799289,-0.5055499628328047,0.7708148345031759,0.99999084894961,4.015180488648508,8.097165991902827e-05,1179.6452179457253,0.8704115791734387,0.12958928184178475
111,ds111_time111_319.h5,0.0033339327363407327,0,19500.0,0.002,3.7448094809189834,-0.1301314704781975,90779.69656341017,0.9516548813674452,-0.5067061427099334,0.7657830090256218,0.9999997544846583,4.147741768238872,8.097165991902827e-05,1184.4896518306475,0.869201372626943,0.13009440147925708
111,ds111_time111_320.h5,0.0033339327363407327,0,19500.0,0.003,3.248201648832819,-0.4133382784393611,335145.0743301683,0.11656347768306441,-0.46902420904962866,0.7313906578350193,0.9999993668165197,4.597671960058774,8.097165991902827e-05,1035.8023903757523,0.9743251558869876,0.21732314452134707
111,ds111_time111_321.h5,0.0033339327363407327,1,19500.0,0.004,3.056187478874139,-0.3555518273506999,319318.2184777808,0.1325026980393049,-0.4670069093872843,0.7442133628894163,0.9999959108747554,4.476302901071364,8.097165991902827e-05,1033.589587264561,0.9710388401701842,0.2159719825947714
111,ds111_time111_322.h5,0.003108444934528983,0,20000.0,0.001,3.930546401259275,-0.16076087170285747,88227.6350150385,0.949595915108882,-0.503710662375102,0.7734465760766555,0.9999997094192304,4.239537354112931,7.894736842105343e-05,1208.6225059088933,0.8633013142416055,0.13076932374527597
111,ds111_time111_323.h5,0.003108444934528983,0,20000.0,0.002,3.845429629291429,-0.14639461269694487,86948.75012147636,0.9145697301212966,-0.5045364975658648,0.7770146998027422,0.9999992720997953,4.389171269867209,7.894736842105343e-05,1204.1279976607939,0.865750060466432,0.13096620092562072
111,ds111_time111_324.h5,0.003108444934528983,0,20000.0,0.003,3.386056594238554,-0.3993358831184062,200232.1747654384,-0.11177673566071265,-0.4597085873404535,0.8428769613852524,0.9999990669366299,4.748859434215967,7.894736842105343e-05,1061.066902922199,0.9226893945269747,0.24450376522660813
111,ds111_time111_325.h5,0.003108444934528983,1,20000.0,0.004,3.284182501612922,-0.46542793976751007,204396.24365105852,-0.11914965840878736,-0.4561257545282009,0.8379758570761425,0.9999987668103916,4.793309898959841,7.894736842105343e-05,1067.1895134642355,0.9224968206490152,0.24459156700003404
112,ds112_time112_1.h5,0.004215703003930255,0,2000.0,0.001,2.2448217137844715,0.3168405069253613,10179.003183243418,0.12945068829316728,-0.4783953296079802,0.38829823515664663,0.9878731134914416,3.040888442482649,0.00047999999999998044,205.10006723922237,0.7350127905415661,0.14392113814009438
112,ds112_time112_2.h5,0.004215703003930255,0,2000.0,0.002,2.565306982673819,0.323276623444653,43886.24436356178,0.042687611655834824,-0.4633979258154946,0.3008637491698871,0.9725763980813009,3.0350162649901886,0.0005599999999999772,189.24446939743055,0.728902746237221,0.17224157270359358
112,ds112_time112_3.h5,0.004215703003930255,0,2000.0,0.003,2.7974349622682437,0.32465477944082616,94007.55314716298,0.022491172566104334,-0.45318889070197144,0.3795253872554002,0.9463849053662661,3.080544490101481,0.0006399999999999739,182.90914657801642,0.7235240678576327,0.21232169775635892
112,ds112_time112_4.h5,0.004215703003930255,0,2000.0,0.004,3.0994716983775006,0.32391907159061684,163272.27770043456,0.022935796271714094,-0.4421074361746515,0.5897766209306481,0.6827604594707657,3.0271523489922574,0.0007199999999999707,175.5239587362571,0.6853544490057332,0.2479227265243373
112,ds112_time112_5.h5,0.004215703003930255,1,2000.0,0.005,2.415038893638767,0.3042431269243918,395753.86461490585,-0.12109369785535136,-0.4146693303615372,0.28420918263516826,0.9983871024714034,3.740220264197589,0.009359999999999619,226.65304740142832,0.8329781075472997,0.33864212071292893
112,ds112_time112_6.h5,0.004215703003930255,1,2000.0,0.006,2.5016936539571737,0.26628291784485736,1600784.042532727,-0.11902480236715006,-0.358303635781254,0.3000284362690666,0.9993867602663095,5.045917395900622,0.009439999999999615,350.51095466513095,0.829347625813112,0.2899777347254858
112,ds112_time112_7.h5,0.005054886609639675,0,2500.0,0.001,2.168444147135841,0.3061480399476245,7518.859584027925,0.26046821912208074,-0.4815163608566849,0.40691052213778167,0.9921151159016521,3.056189857333173,0.0003999999999999837,240.07838278223124,0.7329739709165204,0.19551451279937881
112,ds112_time112_8.h5,0.005054886609639675,0,2500.0,0.002,2.1859120721394967,0.3131029730659307,43107.4669418438,0.06338895250023595,-0.46493545424476784,0.24055061210476184,0.9841306234072549,3.1038505419513207,0.00047999999999998044,224.5343506243216,0.7274854138172003,0.20495624955990108
112,ds112_time112_9.h5,0.005054886609639675,0,2500.0,0.003,2.4199797684575834,0.31456187463969915,84111.13681392718,0.07116391371366665,-0.45473459274966527,0.24485396540298743,0.9810437100341705,3.0144320540708405,0.00047999999999998044,212.736293808995,0.7245732270241119,0.22110503636833292
112,ds112_time112_10.h5,0.005054886609639675,0,2500.0,0.004,2.5666444118437095,0.3298033428313343,134967.28177938683,-0.015969053329046894,-0.4457249694000657,0.3012092028222646,0.9481878606811067,3.1595383352924045,0.0005599999999999772,207.8146669010882,0.7181640228620817,0.243788970826899
112,ds112_time112_11.h5,0.005054886609639675,0,2500.0,0.005,3.0325015771431487,0.336233953947852,190905.85130215227,0.01544956294850501,-0.4353972439429389,0.3879820051278629,0.8330265936640119,2.92774081497068,0.0005599999999999772,200.1179066880913,0.6775851525273764,0.2554937098054196
112,ds112_time112_12.h5,0.005054886609639675,1,2500.0,0.006,2.3689681224570256,0.2980606942830232,487995.5326718392,-0.10438424139732126,-0.40743824056218114,0.32464773433685135,0.9983491362757162,3.6819243666412182,0.007439999999999697,257.66688975033725,0.845892774739257,0.3315046651068414
112,ds112_time112_13.h5,0.005054886609639675,1,2500.0,0.007,2.521809703082258,0.26796541233469673,1242118.703419224,-0.11414257430431936,-0.36784449634460814,0.3131094310836931,0.9994836079830159,4.4068183558609055,0.007519999999999694,343.87842912376243,0.8412113694100983,0.31435739055518525
112,ds112_time112_14.h5,0.0021207580539735877,0,3000.0,0.001,2.714972076501532,0.2991411259870721,11804.260218823169,0.26186810178926107,-0.4802131134235682,0.2922947669727949,0.9952114348642314,3.0042664247145257,0.0003212851405622885,266.33745141957564,0.7390631392535214,0.22334034190633376
112,ds112_time112_15.h5,0.0021207580539735877,0,3000.0,0.002,2.9862130262235116,0.32409343064265816,31397.042845034313,0.11315528784025446,-0.46821383096985636,0.23718272890133277,0.9940779527632936,3.148580637698894,0.00040160642570286065,256.559571046652,0.7260398249647433,0.23264906285280437
112,ds112_time112_16.h5,0.0021207580539735877,1,3000.0,0.003,2.3725822692362697,0.2164744601647557,275925.9344886112,-0.3338744894544063,-0.4064598085810747,0.29524995462338594,0.9987201455646224,4.58182933182843,0.032851405622494,359.93981039116613,0.7859095814914425,0.29037536780688206
112,ds112_time112_17.h5,0.0021207580539735877,1,3000.0,0.004,2.432140148180388,0.17730778457374186,936386.6243898016,-0.5189516542379189,-0.3705730028388399,0.283255090896437,0.9990755992089563,5.402222627258074,0.032851405622494,450.54102779373187,0.7843854883348635,0.2189383988178381
112,ds112_time112_18.h5,0.0029242574442506714,0,3500.0,0.001,2.6851423571534343,0.24372276834563944,8988.453946233672,0.446270799701457,-0.4854544231615599,0.25710312371722477,0.9968290041654905,2.986117782868454,0.00032193158953719436,304.2813935355636,0.780585681414019,0.16612264877821814
112,ds112_time112_19.h5,0.0029242574442506714,0,3500.0,0.002,2.8833593659686194,0.31630644250187134,26685.232280642063,0.10434427401439698,-0.47153841021170223,0.20527644398242842,0.9939178493151678,2.9933148315639326,0.00032193158953719436,288.07204350947427,0.7756138502815205,0.17876756117108494
112,ds112_time112_20.h5,0.0029242574442506714,1,3500.0,0.003,3.2291485613999567,0.3065178667692051,67754.42154395381,0.039169685585417446,-0.45924176575377124,0.1813096875170581,0.9902766860288369,3.290156604916413,0.00032193158953719436,281.86479968038213,0.7672198283951254,0.2235952704787012
112,ds112_time112_21.h5,0.0029242574442506714,1,3500.0,0.004,2.3109495435366636,0.2211427097473173,368243.3383496534,-0.27969859436674205,-0.3977226917933403,0.4505620481219485,0.9986729479694195,4.418710120805518,0.011911468812876191,374.8749901646293,0.7462287901188563,0.30201025064937453
112,ds112_time112_22.h5,0.0016364809701102261,0,4000.0,0.001,3.0814822449551103,0.2488737079042409,11681.707331817292,0.41296063192271454,-0.48504177207641247,0.2328037772507305,0.998081573527653,3.0196688160762166,0.00023809523809522476,339.28683072560324,0.7241528576474586,0.3027188565210666
112,ds112_time112_23.h5,0.0016364809701102261,1,4000.0,0.002,2.3790181807299975,0.25341515195303277,31315.58190904568,-0.06122956966987263,-0.465670557204119,0.3326861532634173,0.9961435142161326,3.2240703905390093,0.009761904761904215,338.45379575874904,0.751307418729466,0.38092432514369745
112,ds112_time112_24.h5,0.0016364809701102261,1,4000.0,0.003,2.348229325068546,0.16740396681357717,468458.238518936,-0.08018900285372274,-0.3770160125660305,0.5980905691492572,0.998869820724456,5.6222202193253095,0.009761904761904215,518.5510252466472,0.766890741430996,0.2620295614188224
112,ds112_time112_25.h5,0.0034795199788552962,0,4500.0,0.001,2.6824189741650093,0.1720203070943418,7042.246758762367,0.8280866794087359,-0.49223062736429446,0.3842162048320946,0.9985817027630726,3.0635198713627227,0.00023809523809520392,387.5623827376666,0.6623442922047303,0.33480095961941325
112,ds112_time112_26.h5,0.0034795199788552962,0,4500.0,0.002,2.832382044275625,0.2760656711847298,25352.94300640068,0.22855201314348703,-0.4744803789105731,0.15616251911949453,0.9986144040249287,2.947751666759464,0.00023809523809520392,345.5091285697752,0.6596629375668565,0.3375843461098248
112,ds112_time112_27.h5,0.0034795199788552962,0,4500.0,0.003,2.9896591899021363,0.30029692534099417,46121.645398394765,0.10496237325754211,-0.464930660052563,0.056887158236978486,0.9969903466008165,3.065467280647045,0.0003174603174602719,338.78474033140293,0.6600748689989774,0.33900847527015815
112,ds112_time112_28.h5,0.0034795199788552962,1,4500.0,0.004,2.5287170636477443,0.26029023332555457,166094.58984869724,-0.22314560646243636,-0.42757129301912233,0.32346365641488906,0.9987570668486146,3.585506111597189,0.009206349206347886,372.4370895695926,0.7769538073456862,0.4064223675717434
112,ds112_time112_29.h5,0.0034795199788552962,1,4500.0,0.005,2.375509635548829,0.20579628169193365,589889.8664677312,-0.2854005938044785,-0.378792182497268,0.47969653479778773,0.999278206259543,5.091572155121527,0.009285714285712954,457.1893216613218,0.7962545201948733,0.36397687659682415
112,ds112_time112_30.h5,0.009427104948165642,0,5000.0,0.001,1.9322800139305325,0.12371833386174824,8106.7629167912255,0.8587190955960271,-0.49409442836152123,0.18203352000003456,0.9985686327309669,2.92134584866366,0.00023999999999999022,412.15762213679477,0.7281529380540909,0.3313206695305555
112,ds112_time112_31.h5,0.009427104948165642,0,5000.0,0.002,1.9456316028052827,0.25571994472761705,20867.529414971697,0.31222193305908513,-0.48123394071695264,0.16624543433184796,0.9983462193306334,2.9518648352694195,0.00023999999999999022,378.0960866555884,0.7280383791803817,0.33045268821805457
112,ds112_time112_32.h5,0.009427104948165642,0,5000.0,0.003,1.9934553799162107,0.31170433200719283,45536.31544665694,0.16041719314505545,-0.4639251074865867,0.1196731795980996,0.9964091660069414,2.944731559471494,0.00023999999999999022,356.0811786283846,0.7269861488871142,0.33028873616726984
112,ds112_time112_33.h5,0.009427104948165642,0,5000.0,0.004,2.0144642282533973,0.3042261537875556,85804.59647315553,0.09805726960793205,-0.4533638993305507,0.0998668234029435,0.9967989530626705,3.0121929040467084,0.00031999999999998696,348.4098511207707,0.7263237683396999,0.33006463324065677
112,ds112_time112_34.h5,0.009427104948165642,0,5000.0,0.005,2.007959210258459,0.31016814587051533,133254.78762335336,0.04071814493696391,-0.44394605865756614,0.09291136409211466,0.9962712577786791,2.913488308012077,0.00031999999999998696,343.446842158862,0.7255550068011611,0.33063087166374866
112,ds112_time112_35.h5,0.009427104948165642,0,5000.0,0.006,2.0110198895993743,0.3363227878323234,188296.87819304643,-0.036205737277495736,-0.4375832233347376,0.09504080751391723,0.9893680791092072,3.0193627367866087,0.00031999999999998696,341.0165537987362,0.7244881345365586,0.33164006472309554
112,ds112_time112_36.h5,0.009427104948165642,0,5000.0,0.007,2.0415811981305003,0.30601045843066765,250100.4243725991,0.023374911122440768,-0.43154445048256324,0.10075328917097401,0.9905174653255063,3.126362762085926,0.00031999999999998696,337.11526569038165,0.7233237666778883,0.33180565618017155
112,ds112_time112_37.h5,0.009427104948165642,0,5000.0,0.008,2.141073183869144,0.30405763087826265,249037.40979480493,-0.010805312249492266,-0.42826126028303346,0.09616134414599083,0.9872619799582968,2.7765161644422403,0.00031999999999998696,328.44851805910685,0.7217074544641833,0.3329490997412205
112,ds112_time112_38.h5,0.009427104948165642,0,5000.0,0.009000000000000001,2.3426781726399843,0.32137909309551205,253318.00244830793,-0.015294135331857842,-0.4234218031031472,0.08448676654081795,0.9728991831508969,2.5932288659212945,0.00031999999999998696,319.69792738649636,0.7137122406672703,0.3346407843393034
112,ds112_time112_39.h5,0.009427104948165642,1,5000.0,0.010000000000000002,2.7577351546150237,0.28339976346990936,466216.0794203339,-0.09542962910874996,-0.4111329061622709,0.3368669149105385,0.9985744828949285,2.9187067880919657,0.00367999999999985,353.82471773222005,0.7983062720871886,0.34546693575152154
112,ds112_time112_40.h5,0.009427104948165642,1,5000.0,0.011,2.4356931070493855,0.2860478931629111,763656.8787737463,-0.16153352587375608,-0.39144755782156165,0.3496246886698452,0.9995358410495042,3.278590477098007,0.00367999999999985,404.7198491198373,0.8737088642214952,0.301406049094786
112,ds112_time112_41.h5,0.0026071601676169454,0,5500.0,0.001,2.601240558000483,0.10840295134036526,11214.862622701363,0.8255863089779617,-0.4957688879988399,0.17622479111581185,0.999430117929045,2.972486205747716,0.00016161616161614045,444.67026450389676,0.8247826634176316,0.33272425582815685
112,ds112_time112_42.h5,0.0026071601676169454,0,5500.0,0.002,2.8401275003676014,0.22789775006559299,31382.192796603376,0.2350522966506222,-0.4809310528693174,0.16018486546794738,0.9995726621546831,3.1233571016480677,0.00024242424242421068,414.35563009327046,0.8196031269371821,0.3354242258513431
112,ds112_time112_43.h5,0.0026071601676169454,1,5500.0,0.003,2.4284314249726586,0.1852140714557149,137251.29866340721,-0.467629462359167,-0.4380662530903275,0.5184805785616767,0.9985048277207746,3.74426971376532,0.003878787878787371,446.13141147978655,0.7590977025551332,0.3766226653206508
112,ds112_time112_44.h5,0.0026071601676169454,1,5500.0,0.004,2.3667072591134732,0.05003435641535936,1455307.0435646838,-0.3979968764722428,-0.3486315036867405,0.8211532219017458,0.9965613307559867,6.253664539093748,0.003878787878787371,624.2141584024707,0.7569794808897959,0.27365347513341004
112,ds112_time112_45.h5,0.0016880743176004777,0,6000.0,0.001,2.7903429291526214,0.10171430407080106,12318.05332070708,0.8025449903341255,-0.49580529206079405,0.16577888144100345,0.9997455351852432,2.975203394783557,0.00015873015873013596,475.1018644348204,0.8228294995654016,0.2904327190970551
112,ds112_time112_46.h5,0.0016880743176004777,1,6000.0,0.002,2.4256399951458287,0.0948139811235238,149419.5720198566,-0.5214143325591886,-0.42971984464964946,0.5391834452040235,0.9986039318805962,4.589220090594075,0.00984126984126843,541.1825949054023,0.7482461049351695,0.28720250167710726
112,ds112_time112_47.h5,0.0016880743176004777,1,6000.0,0.003,2.2955677975646993,0.051004941561510364,528269.283155211,-0.34972152308852633,-0.3793874081085335,0.7954025600855256,0.9983711985083656,5.928683319893153,0.02357142857142519,642.0142932935421,0.7501778607603511,0.25144671677956126
112,ds112_time112_48.h5,0.0016027214409533046,0,6500.0,0.001,2.732869918824638,0.08747078011320997,14283.80894189109,0.781825093235974,-0.49687687614573833,0.15157281911544346,0.9998711399887945,2.9718565338434333,0.00016194331983805654,503.8283883606083,0.7809071836501438,0.2504092724028095
112,ds112_time112_49.h5,0.0016027214409533046,1,6500.0,0.002,2.390814375665949,0.12292274974278072,37791.94398063148,0.0511380167042543,-0.47861693277460127,0.22190838184596048,0.9963640158332513,3.232853288966631,0.00016194331983805654,490.83258666260195,0.7733266624370926,0.31035633039646804
112,ds112_time112_50.h5,0.0016027214409533046,1,6500.0,0.003,2.2258608614534454,0.057398167345859896,646124.7634027281,-0.20948077593670947,-0.379785267699233,0.8196499583233301,0.9982840105058498,5.894169326998414,0.005910931174089064,673.0506828189449,0.7855012741106374,0.24187444113307766
112,ds112_time112_51.h5,0.0018989888368865803,0,7000.0,0.001,2.801299249408142,0.0683098435593521,12757.048010349068,0.7474546491261544,-0.49891776013184835,0.15390034495196486,0.9995256492632628,3.028935818334979,0.00015873015873013596,535.4300802328924,0.6936704046797967,0.22819271102296107
112,ds112_time112_52.h5,0.0018989888368865803,1,7000.0,0.002,2.807395950041364,0.18122313040722493,16769.85671089296,0.39493538548152146,-0.48679400298331843,0.15926636502720032,0.9994085372556852,3.07359506647356,0.00015873015873013596,506.45094916351815,0.7091087068059146,0.24190724277934753
112,ds112_time112_53.h5,0.0018989888368865803,1,7000.0,0.003,2.45338232476839,0.08289902097517166,359826.73169842426,-0.44797226038153254,-0.4099621293882406,0.489106298377777,0.9986403186169622,5.253632743679471,0.011587301587299925,627.7530528447497,0.7633220773582843,0.23010357245923843
112,ds112_time112_54.h5,0.002605536860185698,0,7500.0,0.001,2.9095815451870672,0.1226551599915735,5913.187981775604,1.7589715302549433,-0.5131476034494645,0.14272808673096685,0.9998741713063235,3.01962715512342,0.00016161616161614045,630.1120733410263,0.6533451506449645,0.2169542505005172
112,ds112_time112_55.h5,0.002605536860185698,0,7500.0,0.002,2.8268615258796728,0.20880049299637538,35336.199702835824,0.3884711569563161,-0.4879775274556825,0.1332326932206008,0.9998051394126022,3.1056317572062326,0.00016161616161614045,532.9170866356457,0.6538034018079198,0.22152319056610847
112,ds112_time112_56.h5,0.002605536860185698,1,7500.0,0.003,2.5613994689363944,0.17372178260562654,81026.79333607957,-0.07774119352626624,-0.4660452853885541,0.20905893473399798,0.9985403370435532,3.4254823760250273,0.00016161616161614045,541.2272118744826,0.752408023586127,0.2727145761349542
112,ds112_time112_57.h5,0.002605536860185698,1,7500.0,0.004,2.3401519236080355,0.0753772247140172,897791.0554288442,-0.5852486134313417,-0.37284794409354366,0.5075691453326224,0.9987704105106244,6.000967379088774,0.007757575757574742,666.5356419767239,0.7913323884733707,0.224568665749424
112,ds112_time112_58.h5,0.003927616872682971,0,8000.0,0.001,2.5543047917184616,0.10895513442904026,6951.676801932328,1.712368148062582,-0.515388149416355,0.1355731149450119,0.9998127961539482,3.0330907851978006,0.00016129032258063725,668.3740367755533,0.6287291369136726,0.21303612793897198
112,ds112_time112_59.h5,0.003927616872682971,0,8000.0,0.002,2.7487145709473153,0.16849564340291723,42098.6716550073,0.41588792712439515,-0.4902287348676744,0.12453788626886558,0.9997669593192676,3.0780684737040658,0.00016129032258063725,556.3752517842581,0.6241821317220405,0.21408691834891222
112,ds112_time112_60.h5,0.003927616872682971,0,8000.0,0.003,2.688782324638105,0.20369472227876084,54503.89031747577,0.23101975359425017,-0.48063053059777844,0.11856946842404681,0.9997399232894308,3.201099664649488,0.00016129032258063725,539.2150011339642,0.6216325051484726,0.21579916042903274
112,ds112_time112_61.h5,0.003927616872682971,1,8000.0,0.004,2.7788664714718236,0.259188937742616,81505.82272038217,0.0930859505801957,-0.47142097085143536,0.11929373528231138,0.9997719497253845,3.254894629964557,0.00016129032258063725,535.981990738895,0.642013303232168,0.22230895756248523
112,ds112_time112_62.h5,0.003927616872682971,1,8000.0,0.005,2.4199930241357133,0.14905488848694737,581103.0564714519,-0.4013770667612671,-0.4021993844931111,0.35697335832749255,0.9990673769210537,4.7349965199061685,8.064516129031862e-05,610.7221348296015,0.7860247847089824,0.2612063353555082
112,ds112_time112_63.h5,0.006146154023074869,0,8500.0,0.001,2.4248211576388923,0.08448881411546005,8072.193535849805,1.5539017927706984,-0.5162109086296676,0.13116346628048,0.9998761137101478,2.9946591393928346,0.00016227180527383922,685.4042884712678,0.6367337853843954,0.21144201945200833
112,ds112_time112_64.h5,0.006146154023074869,0,8500.0,0.002,2.5118449303832473,0.14936596359804621,45288.3308883874,0.39391936106452935,-0.4902885014749844,0.12316782768993952,0.9998278732164527,3.055673747813862,0.00016227180527383922,581.5572451152722,0.6334016380457327,0.21262962792068954
112,ds112_time112_65.h5,0.006146154023074869,0,8500.0,0.003,2.4787463259900417,0.212479447181239,61185.548804003534,0.22447146600122658,-0.4809431022665939,0.1170641656560827,0.999776412398524,3.020935649233387,0.00016227180527383922,560.6812811857578,0.6319624181670512,0.21297522211806427
112,ds112_time112_66.h5,0.006146154023074869,0,8500.0,0.004,2.484370762657214,0.23545600734346217,73837.5114952554,0.13407505107252501,-0.4740767371865492,0.10346816115214227,0.9997574387648387,3.1445903511682705,0.00016227180527383922,547.3085430326561,0.6286226711917255,0.2129103089945433
112,ds112_time112_67.h5,0.006146154023074869,0,8500.0,0.005,2.5145346412714678,0.260729270478147,97573.3868906351,0.09381903604340276,-0.4669208645478031,0.09634706151998722,0.9999191150331787,2.909162358281501,0.00016227180527383922,536.8582922158033,0.6277723067429304,0.21270221491548122
112,ds112_time112_68.h5,0.006146154023074869,0,8500.0,0.006,2.5841712210812635,0.22478893655671084,219905.96259280515,-0.18784766671527023,-0.4414589433759833,0.13335886629757512,0.9996342354603741,3.3336712558786536,0.007221095334685845,543.8008742702665,0.6735997296397767,0.22587351069576891
112,ds112_time112_69.h5,0.006146154023074869,1,8500.0,0.007,2.5291170382607717,0.1934520683473524,514940.3442862325,-0.290104023877292,-0.4134659296795534,0.21986653707435805,0.9992987169334968,3.8254680115355906,0.007221095334685845,577.0202875167917,0.7358618452553395,0.24413117399840534
112,ds112_time112_70.h5,0.009428697396401845,0,9000.0,0.001,2.297225360109941,0.09885011606407978,11580.461282214583,1.6108462753055768,-0.5190080314414773,0.14099233299386396,0.9997643369027935,2.854315311610373,0.00015873015873013596,731.921240316283,0.6436527653024977,0.20933404316096296
112,ds112_time112_71.h5,0.009428697396401845,0,9000.0,0.002,2.18089826298079,-0.0171505828065055,17096.77939297173,0.6645892084644338,-0.5022111207077065,0.14595354767324534,0.9999152129115063,2.917122265464189,0.00015873015873013596,640.4716919566854,0.6424951748356721,0.21108658805151687
112,ds112_time112_72.h5,0.009428697396401845,0,9000.0,0.003,2.212870849893728,0.18424754227476758,35608.11320590228,0.24150514607189766,-0.4822810065296563,0.12553049928596616,0.9998243410292601,2.941372741196488,0.00015873015873013596,582.1910486467425,0.6412943861617739,0.211216818728526
112,ds112_time112_73.h5,0.009428697396401845,0,9000.0,0.004,2.2316179959460665,0.2518823671391519,75270.23145196667,0.1480451549822494,-0.4746577044098991,0.1090283071567638,0.9995817298537597,2.925097910011057,0.00015873015873013596,573.7379939200588,0.6400387606831952,0.21149138006481033
112,ds112_time112_74.h5,0.009428697396401845,0,9000.0,0.005,2.244000774472499,0.2560767153327028,93356.28997995242,0.10090726034644013,-0.46713613207649257,0.09841925643945854,0.9998541325378957,2.8389765462573253,0.00015873015873013596,555.8766335313144,0.6386368769057252,0.21135594727929077
112,ds112_time112_75.h5,0.009428697396401845,0,9000.0,0.006,2.1844427421100745,0.2602609288874833,86927.94342670203,0.08816084968330046,-0.4608470295720582,0.08790048701704355,0.9997388829429645,2.8438674242683497,0.00015873015873013596,545.8990111590092,0.6369693516945326,0.2115764636336554
112,ds112_time112_76.h5,0.009428697396401845,0,9000.0,0.007,2.206900637804856,0.2717260830450088,146200.2833316865,0.036746248704350865,-0.4500792768965079,0.07057864488344286,0.9997643078574029,2.8748503615296364,0.00015873015873013596,530.5918150168461,0.6354219748343595,0.21174932031754767
112,ds112_time112_77.h5,0.009428697396401845,0,9000.0,0.008,2.24829779630375,0.27722429325838993,192083.49914448033,0.023018974497342345,-0.4460027827880239,0.061713139000798604,0.999857421198843,2.867726424963973,0.00015873015873013596,535.4884814946902,0.6349952198256591,0.21168215582308847
112,ds112_time112_78.h5,0.009428697396401845,0,9000.0,0.009000000000000001,2.195197977746877,0.3118155568970171,214983.62842635936,-0.05229309267964653,-0.4416100880475115,0.056849670867451296,0.9997221274116562,2.800743190985334,0.00015873015873013596,537.2168554389951,0.6360532735384233,0.21232499904357058
112,ds112_time112_79.h5,0.009428697396401845,1,9000.0,0.010000000000000002,2.46141406460577,0.24924303105712386,370233.5551050773,-0.19421139151499556,-0.4267543700253611,0.11729006697989486,0.9996960616656203,3.1027475509682003,0.0020634920634917675,558.2009050705032,0.6607116096813861,0.21924481917074007
112,ds112_time112_80.h5,0.013711224202232872,0,9500.0,0.001,2.103621230968292,0.05910871293260955,11255.042242234056,2.2356270849858255,-0.44099094722208854,0.19808251492047052,0.9999127432860976,3.0620761524428812,8.097165991902827e-05,822.3606259379508,0.697552047896773,0.1782927465977742
112,ds112_time112_81.h5,0.013711224202232872,0,9500.0,0.002,2.0692688705657414,-0.16270551626538854,47715.11140280304,1.0337527695915771,-0.4212304621385352,0.18901824960033986,0.9999195797206951,3.0295480821619907,8.097165991902827e-05,695.6448376448358,0.6966020649183314,0.17860252927153972
112,ds112_time112_82.h5,0.013711224202232872,0,9500.0,0.003,2.051948603508004,0.043858269578630926,79328.50920026365,0.6048515164463251,-0.40898186005927784,0.1802934085534017,0.9999003948568114,3.0707753555937227,8.097165991902827e-05,653.7209447470058,0.6962211169607244,0.17887802455906193
112,ds112_time112_83.h5,0.013711224202232872,0,9500.0,0.004,2.008044801339085,0.18107701480476335,99295.01868587633,0.2859944616829797,-0.3879769886511338,0.1494490924201942,0.9997715276303544,3.224483109892608,0.00016194331983805654,599.4465972073064,0.6950944817481033,0.17875971562765652
112,ds112_time112_84.h5,0.013711224202232872,0,9500.0,0.005,1.970029155889851,0.21363855134580256,104314.81416180881,0.1997203452073563,-0.37991903434808905,0.1338584326957927,0.9998699099878654,2.906295897762155,0.00016194331983805654,582.0163999531886,0.6945348195775122,0.17934055855619058
112,ds112_time112_85.h5,0.013711224202232872,0,9500.0,0.006,2.0045877086609476,0.2563604834104203,122600.87767845049,0.14565402341439923,-0.3714315828952763,0.11368673382122947,0.9998251230653723,2.942382841129449,0.00016194331983805654,571.6896276327437,0.6939027933460227,0.17971017475612652
112,ds112_time112_86.h5,0.013711224202232872,0,9500.0,0.007,1.9801811523556212,0.24663461154484212,143662.21309707072,0.08677186949380501,-0.36664999890723393,0.09851949988594426,0.9998873982728692,2.9489453605353826,0.00016194331983805654,561.1351113981924,0.6933670758578759,0.17963233445484933
112,ds112_time112_87.h5,0.013711224202232872,0,9500.0,0.008,1.9387457128620083,0.2595695200286483,162986.6199509684,0.048921751183197526,-0.3617844789956471,0.0879363940282105,0.9998754041037865,2.8055856646703905,0.00016194331983805654,552.8406418510705,0.6931404534267515,0.17968277392250376
112,ds112_time112_88.h5,0.013711224202232872,0,9500.0,0.009000000000000001,1.9705038441477662,0.26302218022061896,169912.77155816462,0.016368046721375807,-0.3566282010709483,0.07602564059725651,0.9998216013229808,2.7777630975317638,0.00016194331983805654,547.0657317170779,0.6928168134916265,0.18016054995578565
112,ds112_time112_89.h5,0.013711224202232872,0,9500.0,0.010000000000000002,1.9911228701669679,0.26231249745232965,172189.8523845384,0.02898671691027605,-0.35426412723770506,0.06733149512700538,0.9998860996325764,2.5643861965755224,0.00016194331983805654,541.7267734478992,0.6926647930581604,0.1806312699230262
112,ds112_time112_90.h5,0.013711224202232872,0,9500.0,0.011,1.942353026625584,0.26940909851995376,176945.43153728027,0.023182879330713252,-0.3512599871214135,0.06416324140896956,0.9998420373993234,2.449577140019919,0.00016194331983805654,533.9001503570737,0.6925051153688979,0.1811637864548929
112,ds112_time112_91.h5,0.013711224202232872,0,9500.0,0.012,1.9941764042869017,0.29400620340082284,171396.19906158358,-0.02511373884609929,-0.3475621472011969,0.062231122386363524,0.9997687901663833,2.1925186090419175,0.00016194331983805654,535.3877256129359,0.6926187929784781,0.181560049006306
112,ds112_time112_92.h5,0.013711224202232872,0,9500.0,0.013000000000000001,2.022720402613189,0.28145978932227944,193048.5725303826,-0.019401107415922908,-0.3463186220621419,0.06828584928840957,0.9996689285455108,2.0227317131633495,0.00016194331983805654,543.4442236425971,0.6927660849152759,0.18226280740669765
112,ds112_time112_93.h5,0.013711224202232872,1,9500.0,0.014000000000000002,1.9720824657851959,0.2593514563545787,193463.72232616102,-0.0695099065687344,-0.344225204810558,0.0793446730937973,0.9997144252787877,1.8856232038439134,0.00016194331983805654,554.0196526975619,0.6933039039535063,0.1829262911750503
112,ds112_time112_94.h5,0.013711224202232872,1,9500.0,0.015000000000000001,1.9679977693069706,0.24697534824735534,200527.98341786873,-0.09521276307452145,-0.34301825793173524,0.0893774880443635,0.9996790578960444,1.7521168882970761,0.00016194331983805654,565.6385997600754,0.6935675352225745,0.18287631394951143
112,ds112_time112_95.h5,0.013711224202232872,1,9500.0,0.016,2.116466989458828,0.26272443821578406,260882.89904286884,-0.11154692367232656,-0.33918210074402866,0.11976213226754032,0.9996190738947119,1.860904662700266,0.0019433198380566785,601.1928957875439,0.697220888334022,0.1844329583449673
112,ds112_time112_96.h5,0.013711224202232872,1,9500.0,0.017,2.297714260360207,0.2373467317771376,379607.64964198845,-0.1122665243403548,-0.32998472431951675,0.17038610982598434,0.9992458309450203,2.0554346662692593,0.0019433198380566785,646.2537333205663,0.7089045825927034,0.18720637181029853
112,ds112_time112_97.h5,0.018809140930109807,0,10000.0,0.001,1.9829139379380238,0.09287210038818361,11243.511806964912,1.5284541365467246,-0.5241609883539451,0.1592959945232443,0.9996624077272108,2.8783406502039717,0.00015999999999999348,787.2745916736226,0.7284425895464528,0.21065721627768694
112,ds112_time112_98.h5,0.018809140930109807,0,10000.0,0.002,1.9921234896838538,-0.0955622840672341,37068.834775950265,0.6693648497687428,-0.5087098832592558,0.15497305571067035,0.9995592829053438,2.9094341018049006,0.00015999999999999348,687.4943950931736,0.728512180350859,0.20947023904740827
112,ds112_time112_99.h5,0.018809140930109807,0,10000.0,0.003,2.0214677614638217,0.08035017452571802,60782.979857651706,0.3713392358635142,-0.4972706441230624,0.14992364850543252,0.9994567707161698,2.895086355949034,0.00015999999999999348,650.460996583735,0.728590439510887,0.20864901770970576
112,ds112_time112_100.h5,0.018809140930109807,0,10000.0,0.004,1.9721060301984794,0.13920932403475117,78805.92633464905,0.28079554786417027,-0.488226530673029,0.14131011309854732,0.998875018981625,3.0751589813348494,0.00015999999999999348,625.7182002803767,0.7284829420019038,0.20771870836838613
112,ds112_time112_101.h5,0.018809140930109807,0,10000.0,0.005,1.9768472918912159,0.18232472875936945,93744.09808946565,0.16854374509094075,-0.4823485062927324,0.13250637728309295,0.9989893387986,2.936551987585582,0.00015999999999999348,608.7436355559097,0.7286015845766955,0.20684456037803775
112,ds112_time112_102.h5,0.018809140930109807,0,10000.0,0.006,1.9709376007270605,0.20115373915116797,113114.49470876675,0.10022103996258351,-0.4691934415256986,0.11411288557718499,0.9987437853311174,2.7313038633994937,0.00015999999999999348,581.118087100059,0.728281940127576,0.20497391352440672
112,ds112_time112_103.h5,0.018809140930109807,0,10000.0,0.007,1.9817516609611416,0.252096053929892,127359.02509689704,0.08067406713842173,-0.4651966110641246,0.09588392747343462,0.9985728161567305,2.793065699928995,0.00015999999999999348,575.0956684112091,0.7281556936595429,0.20424406553543256
112,ds112_time112_104.h5,0.018809140930109807,0,10000.0,0.008,1.9768209049741148,0.2516243369406379,139870.35082195117,0.003973018432845366,-0.4614815205584361,0.08876717821586004,0.9986842348879276,2.6866880405602953,0.00015999999999999348,571.7484827895643,0.7280328612471351,0.20395519943786294
112,ds112_time112_105.h5,0.018809140930109807,0,10000.0,0.009000000000000001,1.9714320700424575,0.2773384517146753,156041.3088422039,-0.028166702104043005,-0.45901876994868296,0.08161812691748578,0.9987439154943116,2.6113351208572135,0.00015999999999999348,566.1348214271983,0.7279681092495047,0.20436573526111226
112,ds112_time112_106.h5,0.018809140930109807,0,10000.0,0.010000000000000002,1.9838957451103347,0.29194256799086205,190377.9833901426,0.028226963293735908,-0.4556342854030469,0.07840266435343009,0.9985126186371824,2.49065004025085,0.00015999999999999348,566.8344826080964,0.7279239861889711,0.20332888292007106
112,ds112_time112_107.h5,0.018809140930109807,0,10000.0,0.011,2.0168487420280234,0.2727642993017412,190179.63231820957,-0.044480582754924475,-0.4525719300212344,0.07781929758492213,0.9979885878270975,2.4096410147575793,0.00015999999999999348,564.5200084431169,0.7277668456219336,0.20311143553118188
112,ds112_time112_108.h5,0.018809140930109807,0,10000.0,0.012,1.9734003458416425,0.24964686938563574,214218.25071421656,0.013231744904240627,-0.4509008761435666,0.07570826193908092,0.9981970990984746,2.201856924569796,0.00015999999999999348,564.5709646047465,0.7277380847928648,0.20323382567161521
112,ds112_time112_109.h5,0.018809140930109807,0,10000.0,0.013000000000000001,1.9779634176176044,0.27000418725765085,184064.601567954,-0.01060555361897795,-0.44836402961908506,0.07865032834628864,0.9979193758685884,2.103913338513471,0.00015999999999999348,565.6033153571905,0.7276873144075473,0.2030913977288802
112,ds112_time112_110.h5,0.018809140930109807,0,10000.0,0.014000000000000002,1.9793550893877245,0.28446345415183516,186930.54901685324,0.022592047609982794,-0.4463944468416017,0.08175060273052093,0.9971591533852784,1.984219682362876,0.00015999999999999348,573.9086065589976,0.7276184029890198,0.2034959754571562
112,ds112_time112_111.h5,0.018809140930109807,0,10000.0,0.015000000000000001,2.002017950882751,0.25588628077824493,188654.7544050762,0.006629672909978627,-0.443872024608514,0.08799372762283542,0.9968582382475852,1.852791769628904,0.00015999999999999348,588.0381156009263,0.7274993536330974,0.20344098883161413
112,ds112_time112_112.h5,0.018809140930109807,0,10000.0,0.016,2.028301960337719,0.26357846077969804,237993.45758738805,0.037694194372465815,-0.44101640788325985,0.09694532213545198,0.9971012791544696,1.7718342565920737,0.00015999999999999348,609.7352020213706,0.72727521491378,0.20336907136313417
112,ds112_time112_113.h5,0.018809140930109807,0,10000.0,0.017,2.0217290192651642,0.27380006797813206,244915.3209974672,-0.02490252869187884,-0.4377222512291676,0.11163991639187089,0.9963365168288655,1.6412371484634318,0.00015999999999999348,644.6543030289598,0.7273249303638184,0.2028377029551362
112,ds112_time112_114.h5,0.018809140930109807,0,10000.0,0.018000000000000002,2.0992039007102,0.2667502914971551,303405.729436361,-0.10898911116797526,-0.4289957946112023,0.1601145771438897,0.9935360013704189,1.7316384203528516,0.008159999999999668,740.5480697477934,0.7289479323797107,0.2042874566706291
112,ds112_time112_115.h5,0.018809140930109807,1,10000.0,0.019000000000000003,2.2717566432410785,0.2452635193207079,400582.92896839336,-0.07354940563646435,-0.4206126601010231,0.2033546733665354,0.9936924898854899,1.7311669593336747,0.0,806.2492654427965,0.7342348276150114,0.20706239922738406
112,ds112_time112_116.h5,0.008515553332113904,0,10500.0,0.001,1.9633947763827349,0.05370959578138246,15525.576023567606,1.3233463264605896,-0.5245000199156649,0.39816379032386895,0.9999579418618799,2.974413839611658,7.936507936507839e-05,812.8206329454423,0.7697331472780412,0.21011282098062564
112,ds112_time112_117.h5,0.008515553332113904,0,10500.0,0.002,2.0294930304048378,-0.07303228383577509,31233.73362689679,0.6059012461941718,-0.5075047424860488,0.3477326677093483,0.999950428941702,2.929705386907496,7.936507936507839e-05,721.7615375401992,0.7694604574300642,0.2086126846924049
112,ds112_time112_118.h5,0.008515553332113904,0,10500.0,0.003,2.055469739557601,0.11148351067227003,47354.59543651063,0.274478084494967,-0.4947509286939821,0.26619543066640294,0.9999152494209074,2.900401238844839,0.00015873015873015678,682.5440032323353,0.7692453364787569,0.20783759698300808
112,ds112_time112_119.h5,0.008515553332113904,0,10500.0,0.004,2.078230822326883,0.1416656106908183,84472.67929435478,0.12611742966404924,-0.48466832529881787,0.177693819840829,0.9999583900726721,3.1408264894678353,0.00015873015873015678,658.9126633091164,0.7691078750504472,0.20703015808164588
112,ds112_time112_120.h5,0.008515553332113904,0,10500.0,0.005,2.1497365749625024,0.21544659959547996,135710.02255937274,0.025635296644815977,-0.47512997502226334,0.10019590544677047,0.9999304502498747,3.1469799516148274,0.00015873015873015678,647.1490630861372,0.7686109958557882,0.20625868295740601
112,ds112_time112_121.h5,0.008515553332113904,0,10500.0,0.006,2.123395357629393,0.22704228058164055,182490.67348325628,0.07919052292564384,-0.46757204377044637,0.05567832718451658,0.9999197927029011,3.0506819612434852,0.00015873015873015678,638.0508846581898,0.768604104917563,0.20529109971385168
112,ds112_time112_122.h5,0.008515553332113904,0,10500.0,0.007,2.1871256306287616,0.2533838140460325,198517.57416779824,-0.03521628995103641,-0.4598176856306472,0.033561808934862165,0.9998977463711031,3.2680520964722133,0.00015873015873015678,629.5515441578497,0.7682209550627266,0.20445686027341248
112,ds112_time112_123.h5,0.008515553332113904,0,10500.0,0.008,2.217106775917194,0.25784903334134857,275112.32564379316,-0.04686021663690792,-0.4539614884991218,0.033927286894398015,0.999836153362184,3.3852826436544285,0.00015873015873015678,634.9166808455564,0.7680647697553029,0.20369869446765948
112,ds112_time112_124.h5,0.008515553332113904,1,10500.0,0.009000000000000001,2.3555499070052037,0.2379238452411665,359059.7365289517,-0.10813617498090596,-0.44927371987393455,0.04854995811521136,0.9998742376433842,3.6672085699466686,0.002063492063492038,639.7851366362595,0.767843355386476,0.20556741313773086
112,ds112_time112_125.h5,0.008515553332113904,1,10500.0,0.010000000000000002,2.4475015913672857,0.25325931553754866,464234.6665466776,-0.08236523416180219,-0.4345524220740752,0.11414545930247724,0.9996314644550897,3.6927582935845447,0.0039682539682539195,647.5178407312937,0.7636164180962328,0.21497284057349236
112,ds112_time112_126.h5,0.005286131418667146,0,11000.0,0.001,2.288879908201185,0.07165225240813511,13878.132306354735,1.3337723010992193,-0.5259533863561643,0.19482311553033643,0.999993756085545,2.8694049202907355,7.905138339920834e-05,847.0754418485741,0.8176588044069624,0.21172213692016711
112,ds112_time112_127.h5,0.005286131418667146,0,11000.0,0.002,2.2956613653352047,-0.03723900014219739,46664.02248791843,0.5675217419560082,-0.5064511064443191,0.18873872396018984,0.9999888284553302,2.9237520422538648,7.905138339920834e-05,748.7731256785029,0.8169187770235665,0.2108032406718035
112,ds112_time112_128.h5,0.005286131418667146,0,11000.0,0.003,2.3119285224160926,0.10602517023118985,84460.24513224125,0.2643404922979818,-0.4918594780932529,0.18067929102962985,0.999990620326757,3.2650331017892182,0.00015810276679841667,712.0560396537447,0.8157842457134327,0.21034287052626957
112,ds112_time112_129.h5,0.005286131418667146,0,11000.0,0.004,2.42669765572098,0.18618432929378392,127486.00941231544,0.1124413463194302,-0.48089215249772893,0.17251183545440207,0.999976601483706,3.348628956546426,0.00015810276679841667,696.9478693553161,0.8144078627658453,0.2105581328512089
112,ds112_time112_130.h5,0.005286131418667146,0,11000.0,0.005,2.494598244702865,0.23198536306573425,183676.23421775555,0.0032263605532228917,-0.4667888864278227,0.17510223600431807,0.9999701015040359,3.830334762636706,0.00015810276679841667,683.8947259148808,0.8100881690969076,0.21723416530706804
112,ds112_time112_131.h5,0.005286131418667146,1,11000.0,0.006,2.6719794282595313,0.13025619522994902,547549.6858674958,-0.32201673641643264,-0.4324908628045818,0.28295796318866273,0.9999444360226412,4.130535947741822,0.0019762845849802084,717.2985369909123,0.7802208978023132,0.2592586836310292
112,ds112_time112_132.h5,0.0038209658787786236,0,11500.0,0.001,2.842937567464906,0.023557050732853968,17447.7350661276,2.085398864525479,-0.4314048035606858,0.269472434393061,0.9999950969496711,3.074239960950317,0.0,962.4195636220393,0.8755254990705432,0.17271174500300682
112,ds112_time112_133.h5,0.0038209658787786236,0,11500.0,0.002,2.435343130526014,-0.190362886620552,78110.65263207458,0.9084596283939793,-0.4088299482668118,0.266317040754124,0.9999946474991209,3.2577843024014137,7.905138339920834e-05,824.2161962238529,0.87387360986757,0.17315980370687054
112,ds112_time112_134.h5,0.0038209658787786236,0,11500.0,0.003,2.458504066988032,-0.0038589230600971636,136469.75650209354,0.45994761496684594,-0.39112446367368725,0.2525392100562881,0.9999956118660336,3.3546162120227803,7.905138339920834e-05,777.4383855252122,0.8697549305154035,0.1749298505144884
112,ds112_time112_135.h5,0.0038209658787786236,1,11500.0,0.004,2.458040878614994,0.13164228194860872,186232.14547358477,0.22317120511824365,-0.3750582947880901,0.24330266042251505,0.9999834406291195,3.53736437730731,7.905138339920834e-05,746.1069124840632,0.859662350865004,0.18677461655528527
112,ds112_time112_136.h5,0.0038209658787786236,1,11500.0,0.005,2.8686929394860026,-0.010441758956632796,603252.1650911717,-0.36012101482085535,-0.3309896259144034,0.34620707170032816,0.9983667465191159,4.452359155507651,0.0018181818181817917,770.4621896544271,0.7883886335659864,0.23851992414372838
112,ds112_time112_137.h5,0.003021627269689391,0,12000.0,0.001,2.743516554700244,0.04313095147047097,17609.76757703405,1.2673101408760805,-0.5292818177182576,0.2617259869337588,0.9999979520731013,2.86301530432917,7.936507936507839e-05,907.9878229363565,0.934253476479898,0.21374209233996017
112,ds112_time112_138.h5,0.003021627269689391,0,12000.0,0.002,2.524452343517328,-0.04338624897573018,58680.93993573515,0.46896598191266997,-0.5086712994676361,0.25655876004986655,0.9999988677891516,3.0816689300396227,7.936507936507839e-05,799.4379355444313,0.9281790335650986,0.21590189531623497
112,ds112_time112_139.h5,0.003021627269689391,0,12000.0,0.003,2.9893678103180514,-0.10084291576809634,242659.27679639065,-0.42634265878619204,-0.4712460447225934,0.32466573971778667,0.9981446199893695,3.4577184436307618,0.001825396825396803,798.3147573258337,0.8200598055144421,0.28296391609074156
112,ds112_time112_140.h5,0.003021627269689391,1,12000.0,0.004,2.938199232443922,-0.24138811847000197,2037592.820159906,-0.6618509901736104,-0.37784753969211177,0.6986197595775633,0.9975722270874983,6.3693494627639895,0.001825396825396803,951.0777022327457,0.7552771512124834,0.2570569950991165
112,ds112_time112_141.h5,0.002536849525606219,0,12500.0,0.001,2.819638145944207,0.019561668637427587,21937.64517453104,1.060032011943622,-0.5308782637583845,0.3344426284316798,0.9999989205311526,2.9308464084451527,7.999999999999674e-05,930.2614241599691,0.9925618231214406,0.21328879688413743
112,ds112_time112_142.h5,0.002536849525606219,0,12500.0,0.002,2.497233539462134,-0.10423278909913258,31358.307186920112,0.34663633949156364,-0.5097810412950712,0.3418609850014411,0.9999961293611412,3.0326231797971244,7.999999999999674e-05,826.024796413265,0.9913462897465422,0.22397680132659523
112,ds112_time112_143.h5,0.002536849525606219,1,12500.0,0.003,3.118941839215849,-0.2660444970670022,934442.3916401801,-0.9036728428891504,-0.4101470834892181,0.6339561892601415,0.9957410345693543,5.799189835640234,0.0017599999999999283,954.1416511889021,0.7718505798319243,0.2554207176790646
112,ds112_time112_144.h5,0.002536849525606219,1,12500.0,0.004,3.0618910750058492,-0.278055287536211,902383.6361584972,-0.8961711626691575,-0.41050596432907627,0.6219037406359781,0.9963104499241392,5.686244242284019,0.0017599999999999283,943.6837432666093,0.7715086024699457,0.25586711156052083
112,ds112_time112_145.h5,0.0022226218242271554,0,13000.0,0.001,2.9954970565303647,0.005996744885431227,24305.477779262394,1.126465473945795,-0.5331184363292153,0.40403471397355384,0.999998484581977,2.8547301043253692,8.097165991902827e-05,959.9236591379527,0.9151736956432368,0.21515742429412424
112,ds112_time112_146.h5,0.0022226218242271554,0,13000.0,0.002,3.1175402322195622,-0.1970371275533913,148593.040821878,-0.34339532113999377,-0.4924386568093753,0.4788472170635565,0.9985672592082522,3.602956341602837,8.097165991902827e-05,884.7838111909822,0.8639631544895373,0.2897637116231236
112,ds112_time112_147.h5,0.0022226218242271554,1,13000.0,0.003,3.0668634744678807,-0.20286563777978017,146487.26347398318,-0.3017370249038984,-0.49376503303608965,0.47594499824162395,0.9956693374475175,3.6664456234568883,8.097165991902827e-05,883.9587863055315,0.8629483243780066,0.2910698706942961
112,ds112_time112_148.h5,0.0020100620830475232,0,13500.0,0.001,3.1267679796663965,0.010530789654497497,23977.869636892392,1.0891132502405296,-0.5340401264440234,0.40518397453724025,0.9999985468483145,2.829467546893844,7.797270955165608e-05,992.1003486019006,0.9145664375466732,0.2172819215875491
112,ds112_time112_149.h5,0.0020100620830475232,0,13500.0,0.002,3.181625461531231,-0.24665783530518892,243264.79448071218,-0.6901951238433721,-0.4697027154831949,0.5476406726583047,0.9963939634993395,4.632575997961671,7.797270955165608e-05,958.6152303377816,0.7754819750175111,0.27097851945759854
112,ds112_time112_150.h5,0.0020100620830475232,1,13500.0,0.003,3.30638864563293,-0.23138678988684025,239375.24615695342,-0.7622514979146301,-0.46767563555579195,0.5817490494802835,0.9991583610065199,4.450066325606097,7.797270955165608e-05,953.9869525983487,0.7764740272007301,0.2701434942859901
112,ds112_time112_151.h5,0.0018626133929720637,0,14000.0,0.001,3.140563139929141,-0.02785463880746475,32822.408941476795,0.8782505763853898,-0.5368421294569479,0.5286093699303811,0.9999985884678293,2.8389997742011714,7.936507936508012e-05,1018.2419281108366,0.8352012811257956,0.2168154122935136
112,ds112_time112_152.h5,0.0018626133929720637,1,14000.0,0.002,3.0600700139040606,-0.30684635837284335,479694.9899656506,-0.8154634397438407,-0.4462215359538386,0.7292724249614558,0.9958751284223183,5.217950762366912,0.005793650793650849,1033.3081148705828,0.7732820375314502,0.25682394172637085
112,ds112_time112_153.h5,0.0018626133929720637,1,14000.0,0.003,3.1347304696620557,-0.2651954432911434,475963.1627017632,-0.8275411422041928,-0.44770308600291453,0.7462713436283506,0.9962404912820648,5.217170938127158,0.005793650793650849,1050.359554560136,0.7739159858082878,0.25718197242764657
112,ds112_time112_154.h5,0.00175925744277756,0,14500.0,0.001,3.13967739395523,-0.05663894876202402,32675.847993137904,0.9777028696349362,-0.539869067979111,0.7522995244248644,0.999999180570044,2.8240314504865616,8.113590263691961e-05,1026.4575156869987,0.7586480422538158,0.22265020998065452
112,ds112_time112_155.h5,0.00175925744277756,1,14500.0,0.002,3.137969007930504,-0.0398693686841316,34251.807615243626,0.952262118267372,-0.5393176685667286,0.7281924206831021,0.9999984091082501,2.9195050774892137,8.113590263691961e-05,1036.8560809277228,0.7585130139185684,0.222324915999236
112,ds112_time112_156.h5,0.00175925744277756,1,14500.0,0.003,2.9193510024933875,-0.4424268868841025,804956.3615776689,-0.7317995070100243,-0.42880264525377004,1.0050464855122108,0.9952434892491508,6.097976707904765,0.0040567951318459805,1098.809010788068,0.7880326644038055,0.2550298973304334
112,ds112_time112_157.h5,0.00175925744277756,1,14500.0,0.004,2.5947587125650426,-0.4843416258186146,3762304.6556307385,-0.17196211979190368,-0.39418156641850155,1.1915399525690615,0.9974781954540636,7.323573678223586,0.0040567951318459805,1196.9217434210348,0.7801224584785265,0.2515624348107971
112,ds112_time112_158.h5,0.0016871805069589175,0,15000.0,0.001,3.295434720252393,-0.03667209251676251,32414.444261478224,0.9670924613131305,-0.5390312332949009,0.7354626141386887,0.9999992113678112,2.9174609231764026,7.843137254901975e-05,1076.8974491128497,0.7585932879440659,0.2234058645694465
112,ds112_time112_159.h5,0.0016871805069589175,1,15000.0,0.002,3.3371748536195236,-0.013317348085486014,34613.298755054784,0.9886570353797208,-0.5393214640967479,0.7468762500158951,0.9999997239425852,2.9391796191234607,7.843137254901975e-05,1078.1470364640686,0.7589291644686122,0.22354570046347547
112,ds112_time112_160.h5,0.0016871805069589175,1,15000.0,0.003,2.9419018958001417,-0.35354146281300425,776915.1257776037,-0.6504042527853179,-0.4302684216158037,1.0650569886148198,0.9977049806809757,5.888205580211724,0.007921568627450994,1131.6861363920273,0.7555837332430866,0.24962855929089453
112,ds112_time112_161.h5,0.0016871805069589175,1,15000.0,0.004,2.4939882413036703,-0.49164794850132576,3142657.2045657802,-0.10834894097503488,-0.4141300579764419,1.1555824870127693,0.9971160717727903,6.871451355876586,0.007921568627450994,1194.1763764973462,0.7483857732661703,0.24098429440725516
113,ds113_time113_1.h5,0.0014729720492096473,0,2000.0,0.001,2.5225830602097488,0.3078165071206974,11683.590949127429,0.08764515233094564,-0.4627221923656343,0.31962819640370227,0.9868812145051522,2.6239988281360582,0.0003989361702128047,241.53029308668226,0.7555586154951478,0.2823028544001951
113,ds113_time113_2.h5,0.0014729720492096473,1,2000.0,0.002,2.835290541776125,0.2990073247675743,144940.95862627588,-0.08041107335547702,-0.42185951476222516,0.19680742883028432,0.996006121979463,3.5881431082413537,0.015718085106384505,318.30330023753,0.7515762279671372,0.341727893051199
113,ds113_time113_3.h5,0.0014729720492096473,1,2000.0,0.003,2.6578207534654377,0.21442007776111294,1838247.8136916144,-0.05112289891010603,-0.32118367049249474,0.38160379979806397,0.9963739308192158,6.710866300448268,0.0,541.0246275592723,0.7550259092474662,0.23475278515722534
113,ds113_time113_4.h5,0.0014729720492096473,1,2000.0,0.004,2.780260991055554,0.20833555030690276,13369583.240387741,0.015995553324344554,-0.23723061506349874,0.5119913363154751,0.9923127152151298,10.785885555298954,0.0,829.0505578519547,0.7608452528449341,0.2270253623865864
113,ds113_time113_5.h5,0.00486265734176468,0,2500.0,0.001,2.5241383349830397,0.28413623732280846,10743.168953361383,0.19067784255104073,-0.47583233437568023,0.31543854201147037,0.9833130886492129,2.5608404337625745,0.00031999999999998696,282.52550971485806,0.7582166202017976,0.18502310795492405
113,ds113_time113_6.h5,0.00486265734176468,0,2500.0,0.002,2.6506258480749807,0.29262309495599714,59174.7931104857,-0.08681752372413312,-0.4549697983672606,0.22685438088840873,0.9970374877211569,2.8404127484272914,0.00031999999999998696,283.20503754787444,0.8092284787896311,0.2769307297266438
113,ds113_time113_7.h5,0.00486265734176468,0,2500.0,0.003,2.653932499320658,0.30647553818271756,127047.44620233442,-0.0784513671667349,-0.4415634611375914,0.24167936545613714,0.9977415123463604,2.8890119061736086,0.00031999999999998696,286.03289712901193,0.8170257147424891,0.3682679120302547
113,ds113_time113_8.h5,0.00486265734176468,0,2500.0,0.004,2.7352699507561278,0.29181404698974966,228333.1048688561,-0.09052792168455934,-0.43100403058167047,0.27116454601870815,0.9982647631207445,2.8667637705212368,0.00031999999999998696,286.56188231293663,0.8209911799629447,0.4002144978579484
113,ds113_time113_9.h5,0.00486265734176468,1,2500.0,0.005,2.7783916166928933,0.3078250124407089,396452.69555709197,-0.031899208989705705,-0.42069851548692416,0.30100166198806494,0.9952586129067477,3.1253252358480674,0.011359999999999537,296.4566869385402,0.8252487433598737,0.3323883851325198
113,ds113_time113_10.h5,0.00486265734176468,1,2500.0,0.006,2.361133353425147,0.2557483448535197,1176247.5790988826,-0.1187436184149107,-0.3738919941295982,0.32334646530051603,0.9984492002537834,3.832852187357368,0.048479999999998025,404.16975627617893,0.8229993124330608,0.28567553273938284
113,ds113_time113_11.h5,0.00486265734176468,1,2500.0,0.007,2.822380910357342,0.23590124212096808,5422654.259198667,-0.0016462717879772515,-0.32113997815692,0.3726640162629526,0.9966981485316211,6.192540038107973,0.0,608.990759105906,0.8192618586144446,0.2430465863747315
113,ds113_time113_12.h5,0.00122736072758267,0,3000.0,0.001,2.9418906136433303,0.26518907938748737,12957.676607485,0.2571585692416942,-0.4702257021801045,0.33449631783711653,0.956006352412194,2.4415539921160705,0.0003225806451612903,320.0022019799003,0.7931504814301075,0.3892551973999341
113,ds113_time113_13.h5,0.00122736072758267,1,3000.0,0.002,2.2672370940096136,0.19336192953275577,171498.92683046503,-0.1362736139839978,-0.4017414467850107,0.4303442030484536,0.9939893250287397,4.027825507457718,0.019596774193548386,448.0020383069256,0.7754792198234653,0.2721975242773001
113,ds113_time113_14.h5,0.00122736072758267,1,3000.0,0.003,2.273821924587076,0.13490588874832166,1950801.8993842632,0.09845750281917924,-0.3398602565850644,0.593160488927954,0.99895305784708,6.608514320952147,0.019516129032258064,640.7546014431142,0.7839021962289443,0.23432353913511036
113,ds113_time113_15.h5,0.0037118327626069485,0,3500.0,0.001,2.648884829782881,0.2454443716976854,9915.521169721975,0.4397412022710562,-0.48261752554977183,0.48852457748968164,0.9874158599611186,2.462090517718369,0.000317460317460317,357.4400270377993,0.7644746616347596,0.21798518685475948
113,ds113_time113_16.h5,0.0037118327626069485,0,3500.0,0.002,2.261520581892389,0.27717610122601866,35912.92610156096,-0.018372099690894806,-0.4644503162308752,0.41680229923336626,0.9962769851687343,2.7673844722136485,0.000317460317460317,348.10517100090624,0.7801831819623686,0.27748700147853395
113,ds113_time113_17.h5,0.0037118327626069485,0,3500.0,0.003,2.517273638157462,0.2784460934382855,96872.46618540751,-0.1614037218349489,-0.4416910918665045,0.5098987732574435,0.9985543830819411,2.8017548361835036,0.0002380952380952378,358.47580100170865,0.7911327968846502,0.35886530184876614
113,ds113_time113_18.h5,0.0037118327626069485,1,3500.0,0.004,2.934936103248559,0.28856978284559065,240068.61570982749,-0.13794334922498414,-0.42955778996558297,0.4902563250531928,0.9903424537721941,3.09087098182893,0.0002380952380952378,372.76946559770124,0.8199167234371184,0.377124536043284
113,ds113_time113_19.h5,0.0037118327626069485,1,3500.0,0.005,2.7064193766411955,0.25559597155702896,920510.6645303271,-0.2095850819198306,-0.3754608258330826,0.4132070726914819,0.9977214662868915,4.487910845912543,0.016825396825396802,486.37503240283434,0.8164058742312258,0.3502611273397226
113,ds113_time113_20.h5,0.0037118327626069485,1,3500.0,0.006,2.6409804724442285,0.21677480959341333,2618388.340841136,-0.20621707909814266,-0.3319577156913686,0.4264800064495919,0.9987981251484095,5.561068864322647,0.016825396825396802,591.285837616327,0.8143852453895182,0.25269118887654324
113,ds113_time113_21.h5,0.0026254736930035327,0,4000.0,0.001,3.0805882950531505,0.236513483642258,21228.89528708081,0.4107946213485536,-0.4708285520539136,0.20960587590899207,0.9968068276498917,2.5104480789101085,0.0002393617021276828,405.954169276247,0.7691716659968787,0.21197006834128546
113,ds113_time113_22.h5,0.0026254736930035327,0,4000.0,0.002,3.090557522275044,0.28228761024292837,38986.967605367325,0.06337986957974492,-0.45455226337311505,0.22034085284294666,0.9977012242326484,2.927071538341832,0.0002393617021276828,393.69858867245574,0.7751674290114873,0.23527060962313262
113,ds113_time113_23.h5,0.0026254736930035327,1,4000.0,0.003,3.166742974744979,0.2980710420267607,129710.62010366871,-0.06612519233133878,-0.43392392055372053,0.24038403819190218,0.9545394472396002,3.1608031729156703,0.0002393617021276828,411.7544497906637,0.7697841170916636,0.29315401006042424
113,ds113_time113_24.h5,0.0026254736930035327,1,4000.0,0.004,2.415800675930781,0.1775751234669518,1021634.091248234,-0.23967542546456455,-0.360070534468719,0.5473507763642772,0.9983847711005815,4.835429742406928,0.0,567.4691986029393,0.7392975298898042,0.29145684955689527
113,ds113_time113_25.h5,0.0012660557382003584,0,4500.0,0.001,3.190471344377873,0.09232945521325697,7839.962001396762,0.7887811138705915,-0.49193801106249324,0.15851836802257968,0.9786518403344552,2.404425947918944,0.00023809523809520392,454.34065925812837,0.698944257211551,0.2812595279811106
113,ds113_time113_26.h5,0.0012660557382003584,1,4500.0,0.002,2.266591629239992,0.09773396702939463,399036.8786663911,-0.34264430669844975,-0.38123786715605446,0.6173158771274845,0.9984833862818657,5.0646372658185514,0.013650793650791693,628.2835902425163,0.744520889830253,0.24851314583573908
113,ds113_time113_27.h5,0.0012660557382003584,1,4500.0,0.003,2.245231252085801,-0.004581736477966114,1887110.4020015853,0.017194953154353373,-0.3571056292127362,0.7692052915383251,0.997284860330817,6.294578708181106,0.013650793650791693,747.7051630079126,0.7489954625674682,0.23415034159431306
113,ds113_time113_28.h5,0.0012467600519764047,0,5000.0,0.001,2.563480274414043,0.07399510647781993,13780.241152092429,0.8352494545479829,-0.47802408201116564,0.1362675190425437,0.989018974121856,2.537358262402018,0.00015789473684213462,505.6818203216825,0.7005766688935441,0.51448862737197
113,ds113_time113_29.h5,0.0012467600519764047,1,5000.0,0.002,2.405402193943239,0.14161272491554233,88442.46867964404,-0.18113195499283702,-0.4278718325154768,0.4134634228361822,0.9620559317887679,3.570061090890267,0.01176315789473903,555.926650854936,0.745850325453755,0.2966701574689564
113,ds113_time113_30.h5,0.0012467600519764047,1,5000.0,0.003,2.23241199610233,0.06481285903237288,1190921.7146179916,0.15083136731734167,-0.36365951309268485,0.698767436967398,0.998969319121656,5.277678206054272,0.01176315789473903,731.3791962259494,0.7603803468668696,0.2301833842147377
113,ds113_time113_31.h5,0.0017359116151273064,0,5500.0,0.001,2.6659819409772454,0.048870776367615054,19261.670358738178,0.919313393650563,-0.4614612820637014,0.08022371974033285,0.9998033609615028,2.438319894611779,0.00016042780748662389,531.8977096296378,0.6161803475132088,0.262973002693615
113,ds113_time113_32.h5,0.0017359116151273064,1,5500.0,0.002,2.852946787452508,0.22545487601076775,37003.666684422045,0.19619531277610905,-0.44001749602415074,0.09076180562751383,0.9996829229104396,2.6182706567243854,0.00016042780748662389,492.11411988812563,0.6806287133319209,0.2624505294275612
113,ds113_time113_33.h5,0.0017359116151273064,1,5500.0,0.003,2.325254740829605,0.09015720573727015,476451.9485169698,-0.48366587645824616,-0.3611839273908637,0.42676420996433456,0.9988915975612601,4.4555591680564275,0.005695187165775148,619.8534995859901,0.7784588031749881,0.22783989939110494
113,ds113_time113_34.h5,0.0017359116151273064,1,5500.0,0.004,2.310564194743455,0.06888720721079,2362138.3939782595,-0.5284756072242468,-0.3114831403695425,0.49841809845419055,0.9981891962726457,5.860237343526183,0.0,723.8623524896454,0.7790940717027228,0.1749938847884026
113,ds113_time113_35.h5,0.0029457126545122288,0,6000.0,0.001,2.3091218018871467,0.016462966341561414,16253.452296527348,0.9627973737275695,-0.4600664224198927,0.0811894093444251,0.9997795149715655,2.5577550654652117,0.00016129032258063725,566.5008267651947,0.5987100968122459,0.28422099218343233
113,ds113_time113_36.h5,0.0029457126545122288,0,6000.0,0.002,2.693431524900066,0.23522415361466398,61881.19521123145,0.284078641230194,-0.4418335855192353,0.06303152565405204,0.9997708724427181,2.6224819309612704,0.00016129032258063725,521.2287598328705,0.612023731041164,0.28280032277094236
113,ds113_time113_37.h5,0.0029457126545122288,1,6000.0,0.003,2.742264748269647,0.246385359184899,74426.1424342629,0.17310325227322004,-0.43446849904899615,0.06486282536557146,0.9997830600304276,2.694730213741866,0.00016129032258063725,512.1523558061828,0.6191142824482203,0.28058335443701254
113,ds113_time113_38.h5,0.0029457126545122288,1,6000.0,0.004,2.5242705347789927,0.1806779409388699,253482.30931289727,-0.29525717461315826,-0.39226049863566054,0.21637208349096795,0.9991966969207858,3.3429180537862546,0.00016129032258063725,555.723621652062,0.7671695247646351,0.30875444673805463
113,ds113_time113_39.h5,0.0029457126545122288,1,6000.0,0.005,2.3694665237917047,0.1485917920379769,1053328.0698460897,-0.35360297834028087,-0.3311381134241617,0.4286769278255399,0.9992723516688004,4.8244796932746885,0.0,655.3569438104287,0.8044604956927985,0.2569899293834616
113,ds113_time113_40.h5,0.005340597669805986,0,6500.0,0.001,2.380185356357383,0.019409834634903422,20397.24375426418,0.8150188696862195,-0.4754622262850615,0.06977719111609688,0.9998124360207704,2.47436147255777,0.00015915119363396624,593.3945924571882,0.6188449769877566,0.2729036987862908
113,ds113_time113_41.h5,0.005340597669805986,0,6500.0,0.002,2.4466827585289534,0.17375383657391752,36858.84511083333,0.42246752337182847,-0.4649222736661388,0.07334340483604662,0.9997267232976967,2.4976860572224773,0.00015915119363396624,564.903006061431,0.6226830909961606,0.27344065599429124
113,ds113_time113_42.h5,0.005340597669805986,0,6500.0,0.003,2.6033622982595115,0.2269010690379163,57637.6923670613,0.09000879860129346,-0.445567817592083,0.07939556040764735,0.9998004681872462,2.642155552346748,0.00015915119363396624,530.764134037387,0.6367421535073797,0.27532654292385966
113,ds113_time113_43.h5,0.005340597669805986,0,6500.0,0.004,2.63631279387306,0.2521079725807496,137765.80434534576,-0.11699413168285627,-0.423087007567125,0.11676725974136215,0.9995871146168176,3.0295399680317514,0.00015915119363396624,543.1402849470309,0.6681028556222279,0.2799167414385182
113,ds113_time113_44.h5,0.005340597669805986,0,6500.0,0.005,2.4452587971372726,0.22452751423894401,222020.90910090826,-0.2124794765593141,-0.4115930152823428,0.15817450249850246,0.9997469505037472,3.363559290409997,0.00015915119363396624,561.3184220419794,0.6937665524951601,0.2832208869073825
113,ds113_time113_45.h5,0.005340597669805986,1,6500.0,0.006,2.507554336424635,0.23318056979107116,647730.6640563998,-0.2751221079308425,-0.38139950818957985,0.26142136846330344,0.999521008359368,3.8541793870874823,7.957559681698312e-05,607.0011671131841,0.746736321721041,0.28975531341562943
113,ds113_time113_46.h5,0.005340597669805986,1,6500.0,0.007,2.6879280564424635,0.19215049153115804,1301642.913606442,-0.23461407875904136,-0.3594677072046064,0.3266756925274282,0.996124138963776,4.406091079704484,0.0,664.8247016922419,0.777340792059194,0.3028754744011486
113,ds113_time113_47.h5,0.005340597669805986,1,6500.0,0.008,2.595645160294156,0.20829132936650085,1932273.115750713,-0.22252094155859461,-0.33934514672527916,0.37462739336479517,0.9963029289653265,4.733810149630094,0.0,709.8111956622074,0.7947498174626073,0.2913733359524128
113,ds113_time113_48.h5,0.00913760235676533,0,7000.0,0.001,2.157231013551848,0.04003303484283771,24907.86915105211,0.6649187354280811,-0.4895040854153606,0.08322846541745946,0.9998155380733381,2.4025809361406196,0.00015873015873013596,615.7839865052945,0.6639200770911807,0.28593210674122027
113,ds113_time113_49.h5,0.00913760235676533,0,7000.0,0.002,2.2434230779474906,0.1916305128313962,31766.770394468513,0.2538491512979637,-0.47435402512550895,0.09254366392434947,0.9998334910665981,2.502420039796967,0.00015873015873013596,585.3924832257457,0.6654575191990222,0.28897440425528786
113,ds113_time113_50.h5,0.00913760235676533,0,7000.0,0.003,2.279138968287663,0.22055982696610155,72676.26080310263,-0.014220150698017015,-0.44878225832663865,0.10372146489737033,0.9997303970993044,2.772816766468474,0.00015873015873013596,552.0566406978722,0.6688976255702933,0.29463204046207436
113,ds113_time113_51.h5,0.00913760235676533,0,7000.0,0.004,2.3400304015526183,0.25865649622335374,112928.1804485581,-0.07418966159104029,-0.4409205913597646,0.10780598849196613,0.9998746769449907,2.7489243434408603,0.00015873015873013596,546.6087710442463,0.670467498102083,0.2956979445417864
113,ds113_time113_52.h5,0.00913760235676533,0,7000.0,0.005,2.295674367642792,0.2493804824508712,212037.8029682046,-0.14636347891084203,-0.4270834067345465,0.11826573071339182,0.9996826526268588,2.7486586667485913,0.00015873015873013596,541.1984572537717,0.673847026922521,0.3002394042135522
113,ds113_time113_53.h5,0.00913760235676533,0,7000.0,0.006,2.34969912114666,0.24433461767714237,247917.6481076585,-0.16273879058156315,-0.42288372853991063,0.12953482759745943,0.9996886985862603,3.0093781035090568,0.00015873015873013596,551.4580989392209,0.6760802901373884,0.3025203105962624
113,ds113_time113_54.h5,0.00913760235676533,0,7000.0,0.007,2.4795539789907832,0.26502381267826935,320023.9865146941,-0.26231867818612137,-0.41506655999683856,0.15404805216852419,0.9996305094804705,2.7961385299566315,0.00015873015873013596,566.771765387252,0.6825380236344207,0.30620971257497653
113,ds113_time113_55.h5,0.00913760235676533,0,7000.0,0.008,2.5289485746722415,0.24513397305615126,526988.8458917034,-0.16552352489338346,-0.4070766598915324,0.1726624873186697,0.9996010953894477,2.8081028792589775,0.00015873015873013596,598.732619028909,0.6927178283117444,0.3112816643688991
113,ds113_time113_56.h5,0.00913760235676533,0,7000.0,0.009,2.6712492566692663,0.24841759490761195,681569.9725317822,-0.1890910436293547,-0.40273800752472727,0.1945686791978318,0.9992253226747669,2.8185125133632214,0.00015873015873013596,625.4851817798309,0.7010699842065803,0.31356490935533576
113,ds113_time113_57.h5,0.00913760235676533,1,7000.0,0.009999999999999998,2.7915378697887117,0.2614913049430114,870949.5861896059,-0.15899745644950405,-0.39290982385913953,0.22825181838982989,0.999685855979891,2.988370560244538,7.936507936506798e-05,681.7796459796431,0.7207959077130566,0.3224429653711606
113,ds113_time113_58.h5,0.00913760235676533,1,7000.0,0.011,2.856627048145002,0.23240311762388488,1002620.5098828451,-0.14058420508748098,-0.38791096558915245,0.24203923314456363,0.9991781813239906,3.2095893285259156,0.0,701.9161540312246,0.7336390070156414,0.32687914143423435
113,ds113_time113_59.h5,0.00913760235676533,1,7000.0,0.012,2.809711963262682,0.23187340312134408,2267905.9461480374,-0.08090239248212387,-0.3623123177022233,0.2907741452017062,0.9971948816547218,3.972825187495937,0.0,778.4002202865554,0.7917352229666103,0.3182679817381996
113,ds113_time113_60.h5,0.014106855697582374,0,7500.0,0.001,1.9509535075788913,0.0542396212273899,11694.6076142118,1.5808217445503423,-0.4634164395682146,0.13305686276332335,0.9996390094114365,2.3587694707698317,7.999999999999674e-05,787.3193350372763,0.7283974775987725,0.2599887858341922
113,ds113_time113_61.h5,0.014106855697582374,0,7500.0,0.002,1.9967525660324028,0.04210732650532134,88230.11803872311,-0.20273028480154062,-0.4230916454045205,0.21314221140749662,0.9993096126753144,2.850801246836703,0.00015999999999999348,658.7004718493569,0.7294565297550428,0.2622966755688146
113,ds113_time113_62.h5,0.014106855697582374,0,7500.0,0.003,2.011430406935136,0.04021197228087159,144572.46460360376,-0.36538266796462593,-0.41039262539026733,0.25260893949948965,0.999403122590316,2.961213261390739,0.00015999999999999348,638.6465638107893,0.7300060227816616,0.26358899471359704
113,ds113_time113_63.h5,0.014106855697582374,0,7500.0,0.004,2.022955784617253,0.10351311354810733,361569.9640119588,-0.4615946646775357,-0.38655778478103364,0.3103288588323672,0.9989333136153766,3.5606343968995966,0.00015999999999999348,625.0908362986477,0.7310667428115157,0.26581502255826484
113,ds113_time113_64.h5,0.014106855697582374,0,7500.0,0.005,2.0002737464567595,0.08303028993855377,488170.4782153319,-0.4452229977935199,-0.37925637781869886,0.3244833097971542,0.9990676545116727,3.4132099330948598,7.999999999999674e-05,614.7973599417396,0.7315352443325532,0.26584396632976914
113,ds113_time113_65.h5,0.014106855697582374,0,7500.0,0.006,2.0597060850833486,0.09705493871618875,745226.8742384723,-0.4711179496528073,-0.3662959927598539,0.3863511255399635,0.9980537770668688,3.570802055089213,7.999999999999674e-05,607.530340239807,0.7329167723882262,0.2671353962813741
113,ds113_time113_66.h5,0.014106855697582374,0,7500.0,0.007,2.0332496563035773,0.1285287937833921,770851.0970923412,-0.4494020166991789,-0.3632523061003358,0.4089250776062275,0.9979238313099715,3.5574222386718555,7.999999999999674e-05,598.4981835208357,0.7336941450596062,0.2667737205283421
113,ds113_time113_67.h5,0.014106855697582374,0,7500.0,0.008,2.090533591075015,0.12315799085643686,1011888.3107220146,-0.4160844143325207,-0.35768669102139033,0.45436236268987273,0.9973107058231934,3.517284506760329,7.999999999999674e-05,595.9085900510785,0.7356349636163232,0.26687019287695707
113,ds113_time113_68.h5,0.014106855697582374,0,7500.0,0.009,2.1455242468780416,0.15202372272834985,1174422.4954825947,-0.4319119039022744,-0.3529571681257373,0.47242251211101666,0.9978374807407949,3.5585644224187183,7.999999999999674e-05,600.4987970791473,0.7373687682284589,0.26699774020281003
113,ds113_time113_69.h5,0.014106855697582374,0,7500.0,0.009999999999999998,2.1938333146752673,0.13545697356149633,1459528.179400275,-0.4643297626664982,-0.35012631720989024,0.4802889566689327,0.9962462168840505,3.3722138954633905,7.999999999999674e-05,605.7565649653052,0.7384479369162205,0.2678384517637607
113,ds113_time113_70.h5,0.014106855697582374,0,7500.0,0.011,2.2607515076444433,0.16958153149050625,1706273.7128513283,-0.30077947347698325,-0.34303076325094733,0.500079712780713,0.9961076362595472,3.2790861139956466,0.0,622.3390869743616,0.7446429881802525,0.2728762079327064
113,ds113_time113_71.h5,0.014106855697582374,0,7500.0,0.012,2.3653580082717145,0.19270594211051106,1781254.8182389652,-0.25234698744544143,-0.34018885512685454,0.5065696441551496,0.9965753222578989,3.3393426523293153,0.0,642.848880250625,0.7494522129374146,0.27651946765678137
113,ds113_time113_72.h5,0.014106855697582374,0,7500.0,0.013,2.5424515828879826,0.18740201505142884,1520419.9944708631,-0.17305388211805792,-0.33641639229491965,0.5175392442355565,0.9929924009850306,2.8832494584446295,0.0,697.3336504904421,0.7662851399317729,0.2908422749434981
113,ds113_time113_73.h5,0.014106855697582374,0,7500.0,0.013999999999999999,2.7250618826404422,0.21750920517565575,1363543.9822840523,-0.039472548774722144,-0.33685506437640955,0.529915326866957,0.9926822440224498,2.707880600313502,0.0,744.2562445215873,0.7816534508387347,0.3018104075461569
113,ds113_time113_74.h5,0.014106855697582374,1,7500.0,0.015,2.997589044830098,0.22680157666987333,826003.2526347047,-0.04308299157034159,-0.34293821154348775,0.5103465373814445,0.9801980818874229,2.2440484355005372,0.0,855.26866219985,0.8407615689925944,0.34129557258960214
113,ds113_time113_75.h5,0.005321338763032498,0,8000.0,0.001,2.1564543375683725,0.1015982746589783,11655.343648211236,1.6666817428241663,-0.4907491988846349,0.12281948262318461,0.9999674728824146,2.5020881388514744,0.00016304347826087695,802.3849639405287,0.8149073611861887,0.26650097177968773
113,ds113_time113_76.h5,0.005321338763032498,0,8000.0,0.002,2.1803108347110807,0.1913384157453215,95830.20820681844,0.09780071861505256,-0.4509295941440593,0.1384129096854754,0.9999429320612709,3.49139564609583,0.00016304347826087695,664.8316321232744,0.8151576273007635,0.26011930110251774
113,ds113_time113_77.h5,0.005321338763032498,0,8000.0,0.003,2.2794163732723054,0.20702177757248919,142876.05488543835,-0.016350647998746193,-0.4350300163286432,0.1589213953708252,0.9998227755413912,4.1812408504306715,0.00016304347826087695,656.4031364447569,0.8157207424229832,0.2567627091921363
113,ds113_time113_78.h5,0.005321338763032498,0,8000.0,0.004,2.322111578209506,0.2213231505245078,207284.26052350947,-0.16301380819542066,-0.418219655416177,0.17851419075012917,0.999893086039992,4.3800029735420924,0.00016304347826087695,662.4233630757778,0.8153212076468634,0.2528934990281246
113,ds113_time113_79.h5,0.005321338763032498,0,8000.0,0.005,2.5017244566741574,0.24810488737390546,534765.2295100726,-0.18521802132402235,-0.39345068032082053,0.2287222163536882,0.9998485480859439,5.614597823247748,0.00016304347826087695,686.0790413711729,0.8155638030995777,0.24742677093884458
113,ds113_time113_80.h5,0.005321338763032498,1,8000.0,0.006,2.5933753178534187,0.2596649956902224,942015.3873926788,-0.15679752319988088,-0.3805819720298442,0.2717952111224103,0.9997430664818815,5.84283965774394,0.00016304347826087695,718.2927144676202,0.8143742089396286,0.25053055461632806
113,ds113_time113_81.h5,0.005321338763032498,1,8000.0,0.007,2.7314253814105824,0.19544630060467816,1629281.5803053868,-0.23664536014364537,-0.3549194468487054,0.34673904426757296,0.99973742974568,5.947163416738602,0.0,744.845439751914,0.7972583896551979,0.27770006612625947
113,ds113_time113_82.h5,0.003154848369242181,0,8500.0,0.001,2.520283868734179,0.06402380055644152,14388.470236241974,1.9173696374518607,-0.46980796355699844,0.14344983980072154,0.9999963449801322,2.382788965124472,8.021390374331194e-05,857.6152430645611,0.8669215809686224,0.2554961586931045
113,ds113_time113_83.h5,0.003154848369242181,0,8500.0,0.002,2.416997808487581,0.17396808834833277,82920.24359760295,0.32146809047319147,-0.43588996749977404,0.1405028587348791,0.9999772350586477,2.917646635105641,0.00016042780748662389,709.9215754031129,0.863742612010266,0.25423766446829893
113,ds113_time113_84.h5,0.003154848369242181,0,8500.0,0.003,2.4827860115322427,0.2297648256583893,116643.09734492362,0.14151915746986204,-0.42140066239151663,0.14429439366894006,0.9999798586227676,3.553811263923885,0.00016042780748662389,698.988349962971,0.8587680079382249,0.2572541584972834
113,ds113_time113_85.h5,0.003154848369242181,1,8500.0,0.004,2.6624704499790033,0.16921952898709391,359563.4000982588,-0.2741910347580669,-0.38778472518521967,0.2181996394219607,0.9965746475923561,4.121382132131872,0.0019251336898394866,714.3313649964069,0.7998552074058588,0.2906583799306627
113,ds113_time113_86.h5,0.0022662204522670426,0,9000.0,0.001,2.750420390078522,0.09211951969497356,9438.447030513638,1.387574048333927,-0.5182589965436116,0.19844513863326046,0.9999978085025452,2.266536722271885,0.00015873015873013596,870.7419955610587,0.9237881681998243,0.2784732971174193
113,ds113_time113_87.h5,0.0022662204522670426,0,9000.0,0.002,2.4991026839175867,0.022418426029970018,32640.560980810416,0.5060389709783932,-0.49920167002723687,0.1946932981810249,0.999997274236357,2.5682217918780776,0.00015873015873013596,761.3076323530356,0.9182391189019105,0.2809736133936568
113,ds113_time113_88.h5,0.0022662204522670426,1,9000.0,0.003,2.6750419567804724,-0.15834024055267237,1642729.1977056146,-0.7149819554805813,-0.3696352916626275,0.7117343746082221,0.9974466575405276,5.681078353285477,0.0018253968253965636,912.6208044036541,0.7454020737190857,0.2606914262605978
113,ds113_time113_89.h5,0.0022662204522670426,1,9000.0,0.004,2.6046020255203546,-0.12555454251357978,4751883.278959809,-0.4291066873248989,-0.34074800404789723,0.9823683809290752,0.9973731689880042,7.316916216451531,0.0,1010.1522751792055,0.7419563390837527,0.25529307841050314
113,ds113_time113_90.h5,0.001813142078071514,0,9500.0,0.001,3.003858709222553,0.08308041247928966,12706.713571562985,1.4985872355225682,-0.49280591106901994,0.21638375002940208,0.9999994076538207,2.361968748590639,7.894736842105343e-05,924.8589097600733,0.9861691940311075,0.2591827726346771
113,ds113_time113_91.h5,0.001813142078071514,1,9500.0,0.002,2.7024735840980414,-0.04908662090109139,59183.82564255447,0.5214110751528072,-0.47307505388039334,0.23704442943858106,0.9999990789539969,2.5434886406413275,7.894736842105343e-05,804.7500138262507,0.9621953068072181,0.28952285526677085
113,ds113_time113_92.h5,0.001813142078071514,1,9500.0,0.003,2.7697139689003287,-0.1550798531266273,635901.7431877563,-0.7827932059463675,-0.37831580300752443,0.6159343740455987,0.9967720661491101,4.848203747769481,0.006157894736842168,909.7169548360587,0.74821028200663,0.25235835209543794
113,ds113_time113_93.h5,0.001813142078071514,1,9500.0,0.004,2.4774315786976997,-0.18537956779867826,6742415.171918006,-0.2573599294885937,-0.31999651462169454,1.118589848617552,0.9962327545583791,7.466184396997297,0.0,1079.3087000385435,0.7409304020496162,0.24147866528510697
113,ds113_time113_94.h5,0.0015542224672644915,0,10000.0,0.001,3.236232207461594,0.03970804647289783,18524.639217564272,1.4537847843090208,-0.46218926651532866,0.3649192452343244,0.9999993896442131,2.494582730926435,7.894736842105343e-05,987.3371764208897,0.9155617358970894,0.18632852736341335
113,ds113_time113_95.h5,0.0015542224672644915,1,10000.0,0.002,2.910857944900984,-0.26244716661340184,102157.64464965323,-0.627410657885055,-0.3952761937961913,0.5300856124971685,0.995630309111658,3.4546453070279206,7.894736842105343e-05,903.2539988265395,0.7761695849082992,0.2832999957335039
113,ds113_time113_96.h5,0.0015542224672644915,1,10000.0,0.003,2.5530951017142147,-0.19214995903952747,1191196.5197794763,-0.5745599161711501,-0.32879370444546757,0.8643138460480398,0.9956425227748179,5.622085664340393,0.0,1000.69580158821,0.7464256123721266,0.24057004803412838
113,ds113_time113_97.h5,0.0015542224672644915,1,10000.0,0.004,2.472126361442126,-0.3431737760938425,3661210.3271509884,-0.3485369862940718,-0.30933159737214755,1.075931698403597,0.9973852054083598,6.281022585645979,0.0,1069.6124623381434,0.7447414039594291,0.22856965557433817
113,ds113_time113_98.h5,0.001396960044729048,0,10500.0,0.001,3.11224784477272,0.055784141258103714,15850.026336330227,1.1134133668750916,-0.5207535807358062,0.3584102999285129,0.9999995376211308,2.3013046475399594,7.936507936507839e-05,975.5233644927863,0.9864066714707738,0.23629533510081285
113,ds113_time113_99.h5,0.001396960044729048,1,10500.0,0.002,2.810662367006438,-0.21138801389092743,286417.8752117943,-0.7690535895884676,-0.4384202983169864,0.6904164080914772,0.9967622496528042,4.3218506463271895,0.005793650793650722,969.6082117866428,0.7597538991326088,0.2532188943977146
113,ds113_time113_100.h5,0.001396960044729048,1,10500.0,0.003,2.460056939903314,-0.2162286007876737,2273723.29532509,-0.43497352342475837,-0.37483545310986266,1.173779287302498,0.9941039371761371,6.471677685709869,0.005793650793650722,1089.0809586419973,0.7502134995717009,0.24728508876299748
113,ds113_time113_101.h5,0.0012991744510970804,0,11000.0,0.001,3.554118605060745,0.07466402252263626,15797.90404358818,1.3917768168169313,-0.49466564050824474,0.678277452181228,0.9999994596352765,2.3629862611824457,8.021390374331541e-05,1031.2301068643915,0.8236123512970176,0.250015114785196
113,ds113_time113_102.h5,0.0012991744510970804,1,11000.0,0.002,2.5728630123974523,-0.2551642220311663,405637.79827234143,-0.6014964132847942,-0.3977247676438126,0.9350243466085193,0.9963992812405728,4.5665913264323725,8.021390374331541e-05,1017.5923056777889,0.7692680913117035,0.2404786380269525
113,ds113_time113_103.h5,0.0012991744510970804,1,11000.0,0.003,2.399438566367472,-0.3785639339173661,2400159.364350423,-0.2211083506617665,-0.35971153923003246,1.2125578207112326,0.9971437907451463,5.969231936140311,0.0,1102.872963155354,0.76515589419898,0.23193909475871172
113,ds113_time113_104.h5,0.001239244016761887,0,11500.0,0.001,4.101944129330519,0.03651102744650747,15819.52022674025,1.5898538790560417,-0.46352701317447187,0.6434177644057226,0.9999998180688257,2.3806890972431596,8.1521739130435e-05,1092.126768644352,0.725356496632803,0.24337108887077405
113,ds113_time113_105.h5,0.001239244016761887,1,11500.0,0.002,2.65848530264548,-0.29470870824398143,464548.6596588497,-0.5308775736625826,-0.3645745189615914,1.4963650182227417,0.9965265529463592,4.538360683547598,0.0,1059.712059491855,0.7907198134061647,0.2280120559105737
113,ds113_time113_106.h5,0.001239244016761887,1,11500.0,0.003,2.4765142575378913,-0.45453924856821293,1482831.3528522889,-0.37511635216865563,-0.3317801745965973,2.281755738261372,0.9969003304054933,5.8138091943464945,0.0,1116.753341118157,0.7868756294112622,0.20438243933275432
113,ds113_time113_107.h5,0.001205076880252254,0,12000.0,0.001,4.303043228647163,0.06461135887259828,15482.32445609058,1.60270072172825,-0.4639321508149599,0.6358985829418624,0.9999996503077456,2.3223869922721625,7.812499999999833e-05,1137.182009047839,0.7240549851814343,0.25127760233608737
113,ds113_time113_108.h5,0.001205076880252254,1,12000.0,0.002,2.644318614635752,-0.258441668292253,475993.8700793035,-0.4868046980486212,-0.35907349351364076,1.5346455410369455,0.997860624772072,5.007068789728832,0.009921874999999789,1083.9354111845892,0.7510165969997183,0.22752139325993334
113,ds113_time113_109.h5,0.001205076880252254,1,12000.0,0.003,2.552298534664705,-0.27819922736086466,2185200.7871401324,-0.4738017226232536,-0.31978685560836273,2.1556332409087817,0.9963309657663524,6.197250847261624,0.0,1138.9185235970124,0.7433906842383525,0.21420214589724915
114,ds114_time114_1.h5,0.0009761986431318616,0,2000.0,0.0005,3.1847259289456678,0.31620918635359957,4343.963786994465,0.09975247123431039,-0.4773920490673251,0.5290591416970488,0.9576473835391441,2.3450289726810616,0.0004787234042553656,306.13029672287246,0.7199564918207154,0.25763212907313693
114,ds114_time114_2.h5,0.0009761986431318616,0,2000.0,0.00075,3.031717906547242,0.3371454146231904,11415.861276791158,0.05409925926123174,-0.47309478229271673,0.4177984373928139,0.9483970369359364,2.454731778030581,0.0004787234042553656,298.91685094065474,0.6864917950206801,0.2597819232427387
114,ds114_time114_3.h5,0.0009761986431318616,1,2000.0,0.001,3.0696161638763555,0.3309313590451174,24010.211833495563,-0.0002957121286771402,-0.4685329219588503,0.3133683651352524,0.9625866267998441,2.4610371490161222,0.007978723404256094,306.1287461393303,0.6457361334066174,0.2776585023637826
114,ds114_time114_4.h5,0.0009761986431318616,1,2000.0,0.00125,2.83511053257857,0.3048654509952725,56488.450028431886,-0.07641012713199583,-0.45429269510291204,0.21799843356335782,0.9967585121017791,2.7387825767458387,0.007859042553192253,371.6092845607861,0.7116437192131363,0.31081193278332014
114,ds114_time114_5.h5,0.0014438195344336762,0,2250.0,0.0005,3.133213368541452,0.3146216592064894,5375.23986626111,0.10716335121437316,-0.4768764109493174,0.4782959378751242,0.9789185517762615,2.3625112136762128,0.0004391217564869154,329.1951231997046,0.6188440896745594,0.21933219920354843
114,ds114_time114_6.h5,0.0014438195344336762,0,2250.0,0.00075,3.061197498808299,0.3266926058568829,10126.971061198072,0.06645343256233574,-0.4730864785684331,0.4001554412867116,0.970068128304429,2.4037847263771472,0.00039920159680628675,322.5016158768803,0.607365585282131,0.2227119290901399
114,ds114_time114_7.h5,0.0014438195344336762,0,2250.0,0.001,3.0726199501543046,0.3210340627762368,21791.871524054306,0.03873213295284681,-0.4685688228093538,0.40028045884564545,0.9716890209664639,2.381080607822533,0.0004391217564869154,316.28852732380966,0.5966167025051368,0.22918451137423612
114,ds114_time114_8.h5,0.0014438195344336762,0,2250.0,0.00125,3.108603052806964,0.3259442991915627,31382.413898916846,0.011011673084447149,-0.4659425410604601,0.4156806846721697,0.9526431983103831,2.384277960670976,0.0004391217564869154,310.6993766371053,0.6056421019837122,0.23476665208244887
114,ds114_time114_9.h5,0.0014438195344336762,1,2250.0,0.0015,2.6302922920180647,0.29878783551675825,52907.42649637312,-0.08584358386660662,-0.4518824465651534,0.19456719040243145,0.9981558306162199,2.640000647815807,0.01293413173652369,361.65458843662105,0.7439174443662102,0.31039276841343266
114,ds114_time114_10.h5,0.0014438195344336762,1,2250.0,0.00175,2.5808734164117686,0.23336411286957892,266380.16944031266,-0.09631117199420293,-0.39742229985525385,0.2208772953957651,0.999212122171849,3.8052518890116738,0.01385229540917815,614.1488078992776,0.7549839703053931,0.3131110058758745
114,ds114_time114_11.h5,0.0010007013471305779,0,2500.0,0.0005,2.961152744624022,0.30983011307181496,4392.757378685111,0.17187372596460737,-0.4810572314944365,0.5107196847612486,0.9819368963084961,2.384657393933123,0.00040000000000040004,358.37781327723644,0.6166436724164591,0.21926552748412165
114,ds114_time114_12.h5,0.0010007013471305779,0,2500.0,0.00075,2.8165403702763623,0.3215909932884789,12290.81164274018,0.03358308040716152,-0.4761371221811393,0.3999522107942146,0.9738780899023703,2.3998658267806237,0.00040000000000040004,346.23786816876014,0.5945836398023243,0.22135123554044567
114,ds114_time114_13.h5,0.0010007013471305779,0,2500.0,0.001,2.8879750688208286,0.31245788401395025,21695.71839180206,0.03250866702587653,-0.4722804353335612,0.3964860667327826,0.9624120257803207,2.5009316267640522,0.00040000000000040004,342.66246106771183,0.5768568492466754,0.2243328468437716
114,ds114_time114_14.h5,0.0010007013471305779,1,2500.0,0.00125,2.938297558380695,0.3341881536457445,32720.740016879932,0.011820199877114685,-0.4678663219086164,0.26060363567072853,0.9890908363715448,2.5563988317810074,0.006400000000006401,346.33538364485116,0.5469321661957985,0.2466138342947787
114,ds114_time114_15.h5,0.0010007013471305779,1,2500.0,0.0015,2.662077173701481,0.3088730143309696,57432.10389564107,-0.044863353548473386,-0.45534724725216075,0.1182903705358004,0.9985685095286673,2.788609276130698,0.006480000000006481,409.54206036897665,0.53966908740095,0.3235966870402158
114,ds114_time114_16.h5,0.0013395060137757016,0,2750.0,0.0005,2.6210917696328195,0.2998310192845458,5255.127257973356,0.20703458055624907,-0.47339515624850825,0.6911116804843382,0.9945393916321863,2.320544543772011,0.0003208556149729702,371.8582512103185,0.5812040904976631,0.22220591095675138
114,ds114_time114_17.h5,0.0013395060137757016,0,2750.0,0.00075,2.639439928595543,0.32284537299086014,8639.326435803565,0.11099263726568263,-0.46920267945630445,0.7374753649336607,0.9928252369955698,2.3440159938402885,0.0003208556149729702,357.81295168706197,0.5692133836992181,0.22539523898966346
114,ds114_time114_18.h5,0.0013395060137757016,0,2750.0,0.001,2.774390892112947,0.31592655083208526,16364.296456578755,0.05704341022799745,-0.46571436551116396,0.46141065112822727,0.9916178629487317,2.339541666869713,0.0003208556149729702,350.0145978103053,0.5604790727296987,0.2285061300524258
114,ds114_time114_19.h5,0.0013395060137757016,0,2750.0,0.00125,2.8602518279498184,0.32358454995879493,26007.58984728551,0.02866019174437644,-0.46174100000417573,0.29317958254609755,0.9930461574028784,2.3933074114476685,0.0003609625668445915,352.38829919508487,0.6155602831462755,0.23639557533971758
114,ds114_time114_20.h5,0.0013395060137757016,1,2750.0,0.0015,2.457809641009193,0.2748170125447139,64258.49201920297,-0.08628587319837572,-0.4348933734861121,0.2066355655877985,0.9991376545515787,2.9464105593299332,0.005815508021385085,458.813461085311,0.7629018703487832,0.3153896275692144
114,ds114_time114_21.h5,0.0011853676571526744,0,3000.0,0.0005,2.763873600610406,0.2965957481009486,4858.6407984133675,0.2238682700663335,-0.47640115954868234,0.44027120929213603,0.9776738448009649,2.3425285065170653,0.000320000000000098,390.02778953716387,0.7246420986010115,0.24917216839959552
114,ds114_time114_22.h5,0.0011853676571526744,0,3000.0,0.00075,2.6817365968162803,0.3149843373064791,6891.270921074964,0.17503305755421122,-0.474704331628248,0.4092799326976317,0.9805863624473619,2.3853200314995653,0.000320000000000098,381.0899772490207,0.7189742887433371,0.24998424485549892
114,ds114_time114_23.h5,0.0011853676571526744,0,3000.0,0.001,2.6297320517421903,0.31860920871099224,13114.444722962067,0.08782646471508902,-0.47042311676109444,0.32486443950924515,0.9731470952593559,2.337597786035758,0.000320000000000098,371.19820152409477,0.7052553864862603,0.2538087590127234
114,ds114_time114_24.h5,0.0011853676571526744,1,3000.0,0.00125,2.7342534572105373,0.3172865318294602,22712.659584901703,0.05629222790067378,-0.4668984170591551,0.29529183544999243,0.9663706280515719,2.369181422736227,0.000320000000000098,366.57969502920326,0.6903830955932984,0.2577834290272643
114,ds114_time114_25.h5,0.0011853676571526744,1,3000.0,0.0015,2.780968331244493,0.31824685923037127,33577.91369171934,0.01549580195041992,-0.4627148866946409,0.2238051870048132,0.9792998595836735,2.4152232564478417,0.005320000000001629,365.71185357315983,0.5970190591460663,0.2820983997039915
114,ds114_time114_26.h5,0.0011853676571526744,1,3000.0,0.00175,2.639043787358808,0.31966697687673173,118345.3103132299,-0.05124910482244944,-0.41897157186767886,0.09167301382575911,0.9989817811413297,3.7965339235848057,0.005280000000001617,592.2138514356261,0.5558050031475189,0.3080871719477317
114,ds114_time114_27.h5,0.0010720693204943428,0,3250.0,0.0005,5.250852439041064,0.26098631869500655,3688.388943132264,0.40474341824342597,-0.4741747840419165,0.4642047443947027,0.9798978855958121,2.348715752123147,0.0002809364548494453,423.0140838068934,0.7940424575984378,0.2678966658826799
114,ds114_time114_28.h5,0.0010720693204943428,0,3250.0,0.00075,3.269723065512688,0.32459964213074877,7882.766452725339,0.16811465085402813,-0.4694789439813908,0.38357216949220735,0.9781039767110759,2.365234996447963,0.0002809364548494453,405.7212578199708,0.7614258063556689,0.26852409794306553
114,ds114_time114_29.h5,0.0010720693204943428,0,3250.0,0.001,3.0912472575974883,0.3145350903002021,15242.631199813,0.10703508691275979,-0.4651224158415366,0.33115912335820136,0.9775550754817881,2.4100618175041864,0.0002809364548494453,392.7072952328116,0.729747843345636,0.26907171554761167
114,ds114_time114_30.h5,0.0010720693204943428,1,3250.0,0.00125,3.046992054077443,0.3336746346217089,19959.95431706607,0.061109609748107876,-0.46242774574665324,0.29411329782846984,0.8817110787396902,2.3767622688650296,0.0002809364548494453,394.8706699775837,0.7278092829827194,0.2722079386307513
114,ds114_time114_31.h5,0.0010720693204943428,1,3250.0,0.0015,2.4715620030087697,0.25305048763075644,79190.21686286616,-0.1801249048644165,-0.42084347882042367,0.23881884725964575,0.9991306343557894,3.2786546800099976,0.004896321070233189,569.3105144745803,0.7575098968694018,0.32411663314834765
114,ds114_time114_32.h5,0.0010720693204943428,1,3250.0,0.00175,2.4731843746555713,0.18499551365749656,351959.732418059,-0.12902572378625457,-0.3702404607264259,0.26181118176946844,0.9990579070710776,4.545198188429006,0.004896321070233189,831.9476067971723,0.7604921379207834,0.26074052230949707
114,ds114_time114_33.h5,0.0017865580373403961,0,3500.0,0.0005,3.246401271906859,0.2844601159626783,3901.5594619429376,0.41369934321226703,-0.4780594993859639,0.44888144623133064,0.9952368257638798,2.3073545267410256,0.0002803738317757043,443.05765234505225,0.6273417388230196,0.24365721015853306
114,ds114_time114_34.h5,0.0017865580373403961,0,3500.0,0.00075,2.9895320363989897,0.3084517425278791,8762.237080290852,0.16025254040540549,-0.4731664032978114,0.3789960865588473,0.9950985956755459,2.328716097960251,0.0002803738317757043,420.0614203168443,0.6033636848391978,0.24499666851373644
114,ds114_time114_35.h5,0.0017865580373403961,0,3500.0,0.001,3.0683286088180486,0.31797920157613735,11470.017006530747,0.11273215116646887,-0.47064918392358146,0.3420788677090487,0.994589165695011,2.3830827706650344,0.0002803738317757043,410.6685164854643,0.5879388808775375,0.24606264392828509
114,ds114_time114_36.h5,0.0017865580373403961,0,3500.0,0.00125,3.069317712963401,0.3184331042456738,20219.898886614174,0.08611255750563415,-0.4660756177421298,0.2753712791107614,0.9953317937267798,2.3284613893841217,0.0002803738317757043,400.76714279881327,0.5634249081956266,0.24779611218393524
114,ds114_time114_37.h5,0.0017865580373403961,0,3500.0,0.0015,3.128067079512385,0.315357494272544,25865.864043017224,0.0624356608754633,-0.4639640322288273,0.2714861680560786,0.9931104950237708,2.367432892316271,0.0002803738317757043,397.05766886876216,0.5574961895236035,0.24857198062788505
114,ds114_time114_38.h5,0.0017865580373403961,0,3500.0,0.00175,3.05848880960107,0.33776162900631823,40217.39111881453,0.0483643270673533,-0.46020680849665563,0.26445522829469326,0.992381015579159,2.3406917224946437,0.0003204272363150906,395.5842882019611,0.5731946554131031,0.251157021432123
114,ds114_time114_39.h5,0.0017865580373403961,1,3500.0,0.002,2.586259533058316,0.3121851683347677,54523.44795012116,-0.026064416823788045,-0.452353154651166,0.22978889340847403,0.9970206853655476,2.613041487178446,0.00392523364485986,421.06371831544135,0.7596547510747482,0.2759163190120645
114,ds114_time114_40.h5,0.0017865580373403961,1,3500.0,0.0022500000000000003,2.638679575811333,0.27427934006104115,156049.4899429162,-0.1949164452305009,-0.4190114333799822,0.20502064244924384,0.9994172969611769,3.1146441613867384,0.003885180240320474,560.3657945740897,0.7813488308072233,0.3374008295065407
114,ds114_time114_41.h5,0.004174513317960893,0,3750.0,0.0005,2.771651292588604,0.27100218663850684,5178.291072685064,0.4645803350562586,-0.47260708143911334,0.375992274407084,0.9962246431341811,2.323434271868627,0.00023999999999999022,465.60312383085255,0.6071463323383052,0.17467631740891343
114,ds114_time114_42.h5,0.004174513317960893,0,3750.0,0.00075,2.7299982154792435,0.2937056027888343,7827.272834436541,0.2903178309413949,-0.4702034746405551,0.33628620073858767,0.9959678230280146,2.34654493556964,0.00023999999999999022,447.7808572434397,0.6050941770167094,0.17530280017907449
114,ds114_time114_43.h5,0.004174513317960893,0,3750.0,0.001,2.755995610313204,0.31668529685195734,11545.965810107004,0.14279287347939304,-0.46516101355381556,0.3148176679091856,0.9966933928443866,2.4055487279924432,0.00023999999999999022,429.8658574016717,0.5997363869064302,0.1765048009366847
114,ds114_time114_44.h5,0.004174513317960893,0,3750.0,0.00125,2.770609366739534,0.3108144750968844,16475.64430079353,0.10674961939649426,-0.4632699809444252,0.28325202364367863,0.9961400953426582,2.355993654695798,0.00023999999999999022,424.2827177190106,0.5965943865757609,0.17724746289203913
114,ds114_time114_45.h5,0.004174513317960893,0,3750.0,0.0015,2.825020395457379,0.32780994561224486,26509.367528279938,0.08372219317161719,-0.4578883296056697,0.240293043533086,0.994205444083876,2.35497702137337,0.0002799999999999886,416.0386703084894,0.5901542192042106,0.17951480560267988
114,ds114_time114_46.h5,0.004174513317960893,0,3750.0,0.00175,2.8251126593197147,0.3222333560910915,31592.557749461324,0.08060282629355173,-0.4551945740679066,0.23566242297926898,0.9951624438747698,2.3398097507564057,0.0002799999999999886,410.0883530155501,0.586687625569172,0.1810009203101881
114,ds114_time114_47.h5,0.004174513317960893,0,3750.0,0.002,2.857794663899389,0.3249923437194298,45514.688549405095,0.03880112973848718,-0.4509232077416034,0.25118433985126426,0.9939002362133923,2.356120452601942,0.0002799999999999886,400.74705058278977,0.5778111421310351,0.1842481673810334
114,ds114_time114_48.h5,0.004174513317960893,0,3750.0,0.0022500000000000003,2.8983863906778047,0.327741518948114,54726.16090997401,0.07283171619645444,-0.44886552414150854,0.25719457995096745,0.9946297725766838,2.3983459416089605,0.0002799999999999886,400.8516538969544,0.5734921863013297,0.18594502222569403
114,ds114_time114_49.h5,0.004174513317960893,0,3750.0,0.0025,2.8066448443160272,0.32374536186170566,63334.33963245106,0.05546917422239661,-0.44678709373660713,0.2923848691767682,0.9926013791411759,2.3541121123285214,0.00031999999999998696,400.0074194776334,0.5682293042268303,0.18816212916324435
114,ds114_time114_50.h5,0.004174513317960893,0,3750.0,0.0027500000000000003,2.8573883363568755,0.32383102256476193,83463.31285004612,0.021160376849064313,-0.44240869223264373,0.3252356654290412,0.9926951334814387,2.366115096482494,0.00031999999999998696,395.1474315696486,0.5560130889572129,0.19299585840930505
114,ds114_time114_51.h5,0.004174513317960893,0,3750.0,0.003,2.840412171640723,0.3238387468633161,94326.58768459417,0.01370539223095356,-0.44036261715632624,0.3520349846479887,0.9942004536050192,2.36801095327378,0.00031999999999998696,391.52842443371014,0.5490477069178814,0.19597410166287976
114,ds114_time114_52.h5,0.004174513317960893,0,3750.0,0.0032500000000000003,2.907799601672796,0.3235211836078773,115507.53435814206,0.045674768815147364,-0.43666226092265575,0.45671465644201586,0.9871038195179295,2.3696904080471373,0.00031999999999998696,392.6908682525283,0.5329149100472609,0.2020503599618664
114,ds114_time114_53.h5,0.004174513317960893,0,3750.0,0.0035,2.867026206016078,0.3170936506280702,125524.60262045151,0.01297828799301095,-0.4350517265185677,0.5113913930504094,0.9874225223603108,2.406982909316789,0.00035999999999998533,386.5828361105386,0.5235255606092621,0.2053677263400243
114,ds114_time114_54.h5,0.004174513317960893,0,3750.0,0.00375,2.8799186256268556,0.3199557034103542,151719.6892889234,0.0069365848581564625,-0.43126863797945786,0.6799283698662602,0.9830042708464286,2.3289637884826466,0.00035999999999998533,387.5746416138094,0.5045044721299485,0.21290676691029406
114,ds114_time114_55.h5,0.004174513317960893,0,3750.0,0.004,2.9064296150870894,0.32281880291890136,159658.3133479923,0.02795669630018829,-0.42981662456900355,0.7073796516499619,0.9750614276688689,2.2799358617587098,0.00035999999999998533,385.3169148289353,0.49409820417153605,0.21694691443718744
114,ds114_time114_56.h5,0.004174513317960893,1,3750.0,0.00425,2.8885798520979837,0.33427689958419354,191182.74545775604,0.006498720051404378,-0.4261691981775018,0.6599841625646055,0.9712743432911032,2.297276608685815,0.00035999999999998533,388.6053991065496,0.4983793365469014,0.22559518472618412
114,ds114_time114_57.h5,0.004174513317960893,1,3750.0,0.0045000000000000005,2.747914996492126,0.3058361881084344,232437.6656713797,-0.04702693752068562,-0.42158968024404814,0.30625392539335566,0.9959277198575738,2.43596695080093,0.0036399999999998517,409.86692549151513,0.7022418186435138,0.23450560274469848
114,ds114_time114_58.h5,0.001488717552390645,0,4000.0,0.0005,4.34683967676878,0.2690104978042567,4927.075185662608,0.4265509513575501,-0.4724721121629547,0.42865439714221504,0.9958024321554286,2.3580537568765103,0.0002393617021276828,493.7862520553652,0.7307134882802933,0.2605594781471745
114,ds114_time114_59.h5,0.001488717552390645,0,4000.0,0.00075,3.5328156317209234,0.2952402831030324,7770.839129379668,0.2779820581813866,-0.4694373776317776,0.39528061031233863,0.99389199305945,2.363343369615293,0.0002393617021276828,480.67570005290725,0.7238344758205127,0.26019298354771514
114,ds114_time114_60.h5,0.001488717552390645,0,4000.0,0.001,3.225646382438678,0.310109588989376,10912.351246187402,0.16296201120600534,-0.46608121439718736,0.3411590780592581,0.994521987947657,2.4199773803685742,0.0002393617021276828,472.481676606814,0.713301088431344,0.26217024136507044
114,ds114_time114_61.h5,0.001488717552390645,0,4000.0,0.00125,3.1277139236283946,0.32193769370267417,23820.5544269467,0.07578329986862474,-0.460691532555349,0.29934454888948286,0.993471391915331,2.491548741392318,0.0002393617021276828,471.3067768296478,0.6995737618854037,0.2713822697560566
114,ds114_time114_62.h5,0.001488717552390645,1,4000.0,0.0015,3.2172854126296406,0.3272387866843329,31670.595755602917,0.043696295513987585,-0.4574421992045387,0.26458802552357336,0.9081096001984607,2.7184356390014965,0.0002393617021276828,474.1021583012175,0.7016609968660269,0.28099518393962236
114,ds114_time114_63.h5,0.001488717552390645,1,4000.0,0.00175,3.1621525795909395,0.30390829936945873,67401.28477805597,0.00039474554924117327,-0.4458272446188835,0.24696867238291206,0.9042298651323268,2.9688502464437616,0.003989361702128047,492.7438214474222,0.6637372005623507,0.33023926777563367
114,ds114_time114_64.h5,0.001488717552390645,1,4000.0,0.002,3.074858373498,0.3032459237247229,100078.7179929465,-0.09033515810389323,-0.42281974041341996,0.17502125252431544,0.9482102250646093,3.2482774326588952,0.003989361702128047,526.3297727439345,0.633057256000874,0.32737057231001404
114,ds114_time114_65.h5,0.0009876081237824006,0,4250.0,0.0005,4.978814154019901,0.2786439853985825,6768.9355105297855,0.40733682289212786,-0.47135212008235244,0.5308284894082949,0.9963657334665473,2.36458151376919,0.00020053475935824516,508.84199141449244,0.7895756133647409,0.2625840331844383
114,ds114_time114_66.h5,0.0009876081237824006,0,4250.0,0.00075,3.3632703230852337,0.2929138490852321,10811.148364841094,0.22905684661580009,-0.4677709047045887,0.6306095627455801,0.9960643574878008,2.4027545405508297,0.00020053475935824516,500.65941281145246,0.7716321967594388,0.26389245051772847
114,ds114_time114_67.h5,0.0009876081237824006,1,4250.0,0.001,3.12192274134135,0.3086344010195945,14031.981774967348,0.1346594741053161,-0.46479874823042994,0.6586137335629008,0.99502471277105,2.444125711318558,0.00020053475935824516,494.8717361181565,0.7425347722704093,0.2667714985198249
114,ds114_time114_68.h5,0.0009876081237824006,1,4250.0,0.00125,2.8661989494231377,0.3013031485449954,22007.78971370904,0.02967552169669529,-0.45547881497094483,0.3720578051853222,0.9970348706126555,2.588612986596193,0.003770053475935009,505.32799247370684,0.677465314252175,0.31648680137402213
114,ds114_time114_69.h5,0.0009876081237824006,1,4250.0,0.0015,3.004459540037472,0.24389841592200034,128399.93472699559,-0.16821733795221275,-0.3880743255199373,0.25175175474710704,0.9990007901400001,4.0317620746367515,0.003810160427806658,693.0900950175635,0.689670270123479,0.2730641330789544
114,ds114_time114_70.h5,0.0010262624380282751,0,4500.0,0.0005,8.148376809360336,0.187091571128305,3206.018196519415,0.8183096841669147,-0.48079821150725305,0.46662109042337657,0.9960566141257874,2.3554170896625686,0.00020080321285143032,553.1737136531756,0.7715913814399038,0.26704074310882964
114,ds114_time114_71.h5,0.0010262624380282751,0,4500.0,0.00075,3.1525992306974815,0.29394945777502357,9683.286439403344,0.20865567340018237,-0.47352872012094593,0.3979873724231093,0.9963990242131474,2.4992107465917006,0.00020080321285143032,516.4402327631268,0.7325629442242474,0.2681476411810226
114,ds114_time114_72.h5,0.0010262624380282751,0,4500.0,0.001,3.020493545475411,0.3148309814281307,13984.16766121933,0.1590351809523861,-0.46990195317433264,0.36542313937049853,0.9955462390168683,2.5076500410118294,0.00020080321285143032,510.59154376224257,0.7105313374513784,0.2698738495479979
114,ds114_time114_73.h5,0.0010262624380282751,1,4500.0,0.00125,3.044722415301463,0.32044554802107805,20455.163285080573,0.10420353022638461,-0.4659019998039203,0.2916361848050044,0.9959488572039237,2.6087914101439234,0.00020080321285143032,512.9627843135108,0.6480360667864427,0.2824283575563896
114,ds114_time114_74.h5,0.0010262624380282751,1,4500.0,0.0015,3.054592902864768,0.3009812037001066,35292.81162134402,-0.08133670452860238,-0.44218433026605486,0.1486760634166615,0.9980404698085791,3.00880719002102,0.019759036144580744,550.2736430505105,0.6088030691690421,0.32125669377774096
114,ds114_time114_75.h5,0.0013134894904732806,0,4750.0,0.0005,4.633101068351108,0.1963365087324106,3608.8749290890382,0.8114058809682272,-0.473764592829284,0.4728822255653084,0.9964375163665196,2.3581748929642057,0.00019986675549643618,581.5363710739864,0.6972554259079542,0.2697743880695263
114,ds114_time114_76.h5,0.0013134894904732806,0,4750.0,0.00075,3.008927179880105,0.26899631221486786,6806.786067624404,0.40320351605237353,-0.469546836356422,0.441813155287877,0.9958111492231533,2.3459102305110924,0.00019986675549643618,557.3105190501174,0.6866981672895821,0.2702478231612818
114,ds114_time114_77.h5,0.0013134894904732806,0,4750.0,0.001,2.7825572329123465,0.3098738996890502,14941.538985655643,0.19475966974711278,-0.4635021702329989,0.3483784803521852,0.9948953953671206,2.5336465225664444,0.00019986675549643618,531.8044658923593,0.6637457394816108,0.2703148220732614
114,ds114_time114_78.h5,0.0013134894904732806,0,4750.0,0.00125,2.9011864541391787,0.32228392566894004,19970.1059955415,0.13533581880668738,-0.46029502530344985,0.32980264601661075,0.994732710348551,2.47723868578977,0.00019986675549643618,523.810757770199,0.646802044109632,0.2714736081588929
114,ds114_time114_79.h5,0.0013134894904732806,1,4750.0,0.0015,2.9283464370288654,0.31306865319645094,27477.85381955811,0.06622731609595789,-0.4538863496669601,0.22523466323317484,0.9937199125521792,2.5190193686620317,0.00019986675549643618,518.4413702322253,0.5966346293786248,0.2892191891322776
114,ds114_time114_80.h5,0.0013134894904732806,1,4750.0,0.00175,2.982699912880719,0.30098240310845514,47435.18334518523,-0.004625078856463512,-0.43346027191599845,0.13278062924517955,0.9987326035290293,3.025345705252848,0.009673550966027511,564.073580980491,0.5759591868048889,0.32097018846608333
114,ds114_time114_81.h5,0.0015033650313378308,0,5000.0,0.0005,2.5971031303768113,0.19569690209346857,3756.9314346695814,0.7314620812485123,-0.4871035016312832,0.4826640061580317,0.995336608844612,2.3440670481553534,0.00019999999999999185,597.5755133671177,0.7189940512363713,0.2600848839064457
114,ds114_time114_82.h5,0.0015033650313378308,0,5000.0,0.00075,2.302654053648353,0.26601714011498423,7138.871765015509,0.3934019588587502,-0.48316734685502516,0.4713977900268657,0.9960237300911463,2.454859873839342,0.00019999999999999185,570.7707001834481,0.7171405940536952,0.26139381302726244
114,ds114_time114_83.h5,0.0015033650313378308,0,5000.0,0.001,2.2542320384805614,0.3008021043360709,11249.195896838046,0.27701091008787826,-0.48049321749744767,0.4313492936992974,0.9950643386219841,2.33132319058784,0.00019999999999999185,556.2569564831365,0.7147668686535855,0.26168876307711253
114,ds114_time114_84.h5,0.0015033650313378308,0,5000.0,0.00125,2.280497617391023,0.3123231996427783,16641.48779882191,0.1458561706639709,-0.47649363661157484,0.38196988669583987,0.9953283767308896,2.442741018201386,0.00019999999999999185,547.537370338845,0.7119188865832402,0.2629528194615546
114,ds114_time114_85.h5,0.0015033650313378308,0,5000.0,0.0015,2.3270045815777833,0.30616523121593986,29718.41324387626,0.07938988302608307,-0.46987930551955864,0.32228934550392113,0.9947317940314439,2.484310906539106,0.00019999999999999185,528.9232283915728,0.7048792093965861,0.2660325708728636
114,ds114_time114_86.h5,0.0015033650313378308,1,5000.0,0.00175,2.382804032556605,0.3218828426685909,36553.575279013596,0.05832981482552886,-0.46538520744206885,0.24738037917173353,0.9914082704075343,2.5543496332364772,0.00019999999999999185,523.6303994738144,0.6951339727046323,0.273641632259059
114,ds114_time114_87.h5,0.0015033650313378308,1,5000.0,0.002,2.5287835115528505,0.30448836819214076,47136.87495542009,0.024536251566000533,-0.45717724865681314,0.1461282642152325,0.9905272256890206,2.6491851262354142,0.005799999999999764,536.3760256359516,0.6703085380979039,0.2921832306337638
114,ds114_time114_88.h5,0.0019210368377167006,0,5250.0,0.0005,3.9288958396533427,0.16878310392403606,4212.98829731552,0.8763060583059589,-0.48041592931845145,0.4693447705242282,0.9966636915882431,2.3449566369863115,0.00020120724346076382,615.7251772483562,0.7294243580345318,0.2706071761965734
114,ds114_time114_89.h5,0.0019210368377167006,0,5250.0,0.00075,2.9088565811276776,0.2596580593856628,7816.639289692699,0.4180087709798344,-0.4758497535928535,0.45252184425620795,0.9971068061322569,2.412326830658911,0.00020120724346076382,588.3951456933632,0.7263695630385127,0.27065139564119967
114,ds114_time114_90.h5,0.0019210368377167006,0,5250.0,0.001,2.7420935804457054,0.28005482761372114,12431.349109932398,0.26244024624130086,-0.47190367939544275,0.41341555848033457,0.9965366364767452,2.5162113047477233,0.00020120724346076382,572.2648411072078,0.7223279564055579,0.2714250160183594
114,ds114_time114_91.h5,0.0019210368377167006,0,5250.0,0.00125,2.706504244352104,0.29778667906503986,18555.562356649745,0.1651461568630068,-0.4688553860696917,0.3893969440716988,0.9962840979072689,2.4288456493245247,0.00020120724346076382,566.361037011049,0.7193490653552054,0.27156751509290805
114,ds114_time114_92.h5,0.0019210368377167006,0,5250.0,0.0015,2.746842238682963,0.2995653285998111,25745.495949965425,0.14165650244103656,-0.4650687825006751,0.3477344926889013,0.995702662344348,2.441350155552908,0.00020120724346076382,556.3405134952898,0.7135933677959914,0.2727111443508488
114,ds114_time114_93.h5,0.0019210368377167006,0,5250.0,0.00175,2.8216852982621208,0.3184806639383898,34669.92351357027,0.08466870087222242,-0.46154445669243527,0.3346272220577977,0.9938744120415322,2.6045566473792006,0.00020120724346076382,548.4056546036554,0.7077414126632808,0.2737886327998484
114,ds114_time114_94.h5,0.0019210368377167006,1,5250.0,0.002,2.8245186671731646,0.3288752101644644,43610.85933097398,0.07837578704202644,-0.45840556674930916,0.311242328456756,0.9925596242944777,2.849533087162629,0.00020120724346076382,550.0501473993015,0.7025595646141084,0.27403201397359467
114,ds114_time114_95.h5,0.0019210368377167006,1,5250.0,0.0022500000000000003,2.9645654316427588,0.3187080674661148,57418.51277286469,0.012595108623628988,-0.45555485218698694,0.27092452371934367,0.9925062475519095,2.707472519050477,0.00020120724346076382,545.4903386068354,0.6965345327241307,0.27529788815792205
114,ds114_time114_96.h5,0.0019210368377167006,1,5250.0,0.0025,2.975496673521628,0.31631806800639506,70160.47323557775,0.040307083513215956,-0.45238670253750984,0.2656450615813524,0.9927756900717003,2.6008261168556728,0.0002414486921529166,544.0764410611193,0.6902722858742028,0.2770298490078123
114,ds114_time114_97.h5,0.0019210368377167006,1,5250.0,0.0027500000000000003,3.0929310420672746,0.31782324988816724,83933.51646872523,-0.0012815828553754737,-0.44781383017993487,0.23056125127174465,0.9908130072769837,2.5813938440796753,0.0002414486921529166,542.6745054194678,0.6822012685312647,0.28121411742025876
114,ds114_time114_98.h5,0.0016765565560497874,0,5500.0,0.0005,3.525658517066174,0.15522758890973398,6121.904620279349,0.9584483655252961,-0.47992658937470767,0.35775762170480974,0.9979215356540918,2.410559706483697,0.00016042780748662389,633.3224045010576,0.6279838586907183,0.24574093827309862
114,ds114_time114_99.h5,0.0016765565560497874,0,5500.0,0.00075,2.709242959998264,0.24718951098467312,9910.833498417885,0.4497645500292277,-0.47573093652346693,0.39733635864689965,0.9981179894096456,2.3661237095295484,0.00016042780748662389,603.8061610894824,0.6224971619045989,0.2464531492946059
114,ds114_time114_100.h5,0.0016765565560497874,0,5500.0,0.001,2.6455662236846047,0.2869237364189141,11826.388730737486,0.27390309204681207,-0.47157291003282437,0.4280352926121818,0.997348616982323,2.482008041266344,0.00016042780748662389,593.8698455598561,0.6196655393971959,0.24744504386733412
114,ds114_time114_101.h5,0.0016765565560497874,0,5500.0,0.00125,2.7695550020151987,0.2911751225193361,18026.68784652294,0.12672278847905688,-0.4667016199098032,0.41039472078770617,0.9876243464295765,2.654001187105806,0.00016042780748662389,581.9059757156591,0.6161842690752459,0.24961448330083494
114,ds114_time114_102.h5,0.0016765565560497874,0,5500.0,0.0015,2.9304962930557172,0.3068066134678713,27215.195409630647,0.10633396892533925,-0.4631035999111494,0.3655609280028522,0.9863907914893909,2.6703038800073537,0.00020053475935827986,577.6327643962213,0.6181935981101776,0.2512919317554588
114,ds114_time114_103.h5,0.0016765565560497874,1,5500.0,0.00175,2.61783821770761,0.2906361683248515,44018.16934325172,-0.045360894745063295,-0.4526638088235794,0.3553950719662639,0.996832185199147,2.771746234252267,0.002927807486630886,596.9065423146378,0.7166231036527607,0.28110176238383044
114,ds114_time114_104.h5,0.0016765565560497874,1,5500.0,0.002,2.529747301169724,0.2117139932180987,121618.14606152053,-0.351526709153832,-0.41690091989723344,0.39262755918500364,0.9987768940470864,3.249346364223011,0.002927807486630886,728.5256129894018,0.7481196026643155,0.34642100278782895
114,ds114_time114_105.h5,0.001346895954120365,0,5750.0,0.0005,5.078024237343629,0.16555369348802906,4462.031606151337,0.9256539209575492,-0.4807427512764628,0.475497368483597,0.9857889035511195,2.31416801953905,0.00016053511705682588,654.0497211566849,0.5791467383893355,0.2466398577292822
114,ds114_time114_106.h5,0.001346895954120365,0,5750.0,0.00075,3.4594492970365764,0.2438021541278046,8263.385050082872,0.5194875078987979,-0.47673478880506187,0.43289078619952753,0.9735509983752569,2.3492988365099925,0.00016053511705682588,619.6649589459018,0.5755609041090727,0.2470607711374646
114,ds114_time114_107.h5,0.001346895954120365,0,5750.0,0.001,3.049521584837466,0.2961788991611993,13210.088783016057,0.24858022997810264,-0.47184477302931566,0.41355609656590236,0.957032315807242,2.36258704937356,0.00016053511705682588,604.8278261681211,0.573685890004242,0.24737258266863396
114,ds114_time114_108.h5,0.001346895954120365,0,5750.0,0.00125,2.9525493607020166,0.3040534377302405,21604.407382025493,0.1113489303074341,-0.4661112952690262,0.3718357087461759,0.975837630288492,2.5338267995357002,0.00016053511705682588,610.8791419134567,0.6331495384392439,0.2528607765789669
114,ds114_time114_109.h5,0.001346895954120365,1,5750.0,0.0015,2.437088053072363,0.242254461472176,51137.58706000081,-0.24798010257204292,-0.43830387813041966,0.4044005459481174,0.9987499873859736,3.027831769677769,0.005016722408025809,696.711241520252,0.7457057616620104,0.3219010800727086
114,ds114_time114_110.h5,0.0013263699190362876,0,6000.0,0.0005,4.999279027896507,0.14482891567952627,5163.982473803181,0.9583013178002944,-0.47955632501651585,0.48079182957573674,0.999615899335887,2.3847710218276137,0.00016129032258064516,670.9089495371857,0.55299703017257,0.27622512940710797
114,ds114_time114_111.h5,0.0013263699190362876,0,6000.0,0.00075,3.2732633799774478,0.24238865678131927,9384.431472728631,0.4987426301510666,-0.4758307012026349,0.4336667931418241,0.9994444238040116,2.3038300610741618,0.00016129032258064516,640.1711298644468,0.5481014483526114,0.2762168608536183
114,ds114_time114_112.h5,0.0013263699190362876,0,6000.0,0.001,3.067254533548862,0.2749182494217908,13850.126377771634,0.3242272535022321,-0.47116920045630123,0.38994836963353585,0.9995094650994257,2.407325336497549,0.00016129032258064516,621.5472574737571,0.552150819040845,0.2768329441232605
114,ds114_time114_113.h5,0.0013263699190362876,0,6000.0,0.00125,3.0158887824048457,0.28584819104985215,13372.350072648482,0.2826190099657588,-0.4716582317223537,0.391469527990813,0.9991791906731071,2.367704779273958,0.00016129032258064516,620.8890510848202,0.5501528763771462,0.27708703523091305
114,ds114_time114_114.h5,0.0013263699190362876,1,6000.0,0.0015,2.8346573312942187,0.2860533717330995,22300.545993471336,0.1204667042070145,-0.4643148780615916,0.3542844855403888,0.9915534334513934,2.466946999320995,0.00016129032258064516,623.9760502999669,0.6760919901687624,0.28482912543935596
114,ds114_time114_115.h5,0.0013263699190362876,1,6000.0,0.00175,2.348863689159734,0.2317215197961484,51005.091627147354,-0.17699463320941825,-0.43631838155320607,0.41423849599277834,0.9991681925705832,2.917586575561702,0.009838709677419354,715.256401879307,0.7591999647743124,0.3153781755560686
114,ds114_time114_116.h5,0.0014550606843241002,0,6250.0,0.0005,4.164196426756678,0.16207404730395647,5200.565813762737,0.8114063953224417,-0.48852608562106253,0.45104844460784205,0.9997807838875316,2.315711188664056,0.00015999999999999348,696.8576255688972,0.47481010362780557,0.275125858745545
114,ds114_time114_117.h5,0.0014550606843241002,0,6250.0,0.00075,3.03838832683322,0.269578694632849,7125.107374186191,0.3850093330681031,-0.48415728877207315,0.47310767773702844,0.9995833380594291,2.457351844298425,0.00015999999999999348,667.866870972855,0.47863797259540347,0.27535600016315287
114,ds114_time114_118.h5,0.0014550606843241002,0,6250.0,0.001,3.044029122900388,0.24604604955813592,7238.534578306626,0.41784393424728533,-0.4839593500881066,0.48669903878444737,0.9996227075785022,2.3949666614401175,0.00015999999999999348,668.516621820943,0.47913947361802617,0.27538025990842196
114,ds114_time114_119.h5,0.0014550606843241002,0,6250.0,0.00125,3.0795828888321135,0.29983910707621597,12459.338534026709,0.26473372519632743,-0.47956362434869154,0.4304093058213236,0.9993033071464268,2.3989905336069137,0.00015999999999999348,654.3620566895279,0.48948587001448185,0.27628866735319113
114,ds114_time114_120.h5,0.0014550606843241002,1,6250.0,0.0015,2.7945166259449237,0.2902693453295603,26714.141907283687,-0.0033579396660076526,-0.4669132061551235,0.3085760806100934,0.9933093673573008,2.6173523027061965,0.0025599999999998957,667.841625266753,0.5464270423734902,0.3081083162918914
114,ds114_time114_121.h5,0.0014550606843241002,1,6250.0,0.00175,2.9538703849647083,0.21242038132937124,116883.05379362988,-0.47649978938489107,-0.4137097437377195,0.31823783259213934,0.9983308481284445,3.6763929786730576,0.002599999999999894,804.7278410232582,0.5731574418888659,0.30595665013463336
114,ds114_time114_122.h5,0.0011455215398435557,0,6500.0,0.0005,3.5636043777415214,0.11859134970356955,5515.3736119091745,1.0000427481088712,-0.47103373710788454,0.4349472701351939,0.9997651746126976,2.339505679186703,0.00015915119363396624,716.0356236858802,0.43632387184578675,0.2642756097518105
114,ds114_time114_123.h5,0.0011455215398435557,0,6500.0,0.00075,2.9416400753878063,0.23920217367882168,10613.690771393065,0.4787404916193837,-0.46549714694189015,0.40981382645260694,0.9996490778290391,2.3948899216009134,0.00015915119363396624,683.8790674794283,0.4379501298841889,0.2650237459151985
114,ds114_time114_124.h5,0.0011455215398435557,0,6500.0,0.001,2.9617166563460775,0.25183846987028313,10599.481907765996,0.4681352967550946,-0.46542210300631975,0.4046360457436452,0.9994996977208184,2.3785569452303217,0.00011936339522547468,685.7912730103818,0.43768941557807284,0.2653972379308686
114,ds114_time114_125.h5,0.0011455215398435557,1,6500.0,0.00125,2.7223699619190596,0.24560355238097875,19308.62492228445,0.11805604949821588,-0.4533757656858041,0.3409055858657994,0.9951361433339864,2.5390870692306637,0.00011936339522547468,684.1111189764716,0.5196799102394354,0.2883402372952978
114,ds114_time114_126.h5,0.0011455215398435557,1,6500.0,0.0015,2.8837548401816058,0.1988729563624887,84453.48134733204,-0.37845588865765023,-0.39618959230135325,0.3336485268385307,0.9978870996944396,3.752769738034358,0.0067241379310350735,844.9407388840916,0.5678691543575802,0.29619290928344355
114,ds114_time114_127.h5,0.001008393000622409,0,6750.0,0.0005,2.9893473009592895,0.1182362401201753,8862.961507333368,0.9209356822012907,-0.4798840984784365,0.07580995902059869,0.9997957589863268,2.3203251222634926,0.00015873015873016025,737.3571478988495,0.38719481261851374,0.2695397660967304
114,ds114_time114_128.h5,0.001008393000622409,0,6750.0,0.00075,3.0502623662515975,0.1441828916512189,8903.12077722375,0.9252529463761813,-0.47984122658996153,0.07481648627894255,0.9997785246585864,2.348774160738405,0.00015873015873016025,737.3218434263499,0.3871990225695436,0.2695322070578658
114,ds114_time114_129.h5,0.001008393000622409,0,6750.0,0.001,2.832782671315415,0.25067537687196584,14188.227884131655,0.4776434071243499,-0.47414631463504203,0.10141729361974175,0.9997205554908148,2.4662909547151117,0.00015873015873016025,703.5971303545415,0.39981561273475646,0.27127828866324694
114,ds114_time114_130.h5,0.001008393000622409,1,6750.0,0.00125,2.892984081863949,0.1927939802219396,35771.599327402255,-0.2576148024581349,-0.4330620996442536,0.30671125266278154,0.9987060328432597,3.2526858272211814,0.01321428571428584,803.3370966011273,0.5493155524216082,0.3085270629981123
114,ds114_time114_131.h5,0.0009622500460854055,0,7000.0,0.0005,2.7333894045856217,0.12117292620170916,5692.126641270217,0.9327667561665295,-0.4896142042131994,0.37288981864804405,0.9997117526691292,2.32661592054635,0.0001587301587301585,750.2621229767191,0.35685779500594283,0.27618615262856805
114,ds114_time114_132.h5,0.0009622500460854055,0,7000.0,0.00075,2.772808025828515,0.127884778259862,5966.524986300799,0.9375864640499085,-0.48913886025143427,0.3638141490962132,0.9997606666239301,2.3778353815916264,0.0001587301587301585,750.3349039683051,0.3580310617909036,0.27627122135385607
114,ds114_time114_133.h5,0.0009622500460854055,1,7000.0,0.001,2.880791167785597,0.22392705696311155,11207.746817913241,0.43122240621890223,-0.482217540869797,0.34899377168177154,0.9995879335781094,2.419041616458515,0.0001587301587301585,717.0076727145372,0.40058233169662355,0.2793427947219655
114,ds114_time114_134.h5,0.0009622500460854055,1,7000.0,0.00125,2.8024971933160203,0.21812076834464333,46790.19140062458,-0.23316623463987493,-0.42866417223304953,0.3148203546025114,0.9983023854217168,3.5971869329945028,0.006547619047619039,865.140726663881,0.5463784160446967,0.307275148166854
114,ds114_time114_135.h5,0.0009774995210295734,0,7250.0,0.0005,2.67370233721171,0.0929452721171804,6869.38059988772,1.0392138053060271,-0.4697142615501637,0.34455288254993277,0.9988740583746639,2.3502373044095317,0.00011936339522547468,772.8764374356058,0.3540446719832715,0.26780594966822496
114,ds114_time114_136.h5,0.0009774995210295734,0,7250.0,0.00075,2.7444657453425205,0.08863233840796769,6927.701323162273,1.0999033227299126,-0.47054691804033666,0.3608254528601986,0.9990158233508392,2.3840213297107815,0.00011936339522547468,774.9902753108016,0.35467236968245597,0.267513819783705
114,ds114_time114_137.h5,0.0009774995210295734,1,7250.0,0.001,2.8108939743239074,0.22189100618062185,15597.40921723138,0.5268666890930507,-0.463344671226426,0.28209850922000956,0.9988561469165637,2.3662033079234757,0.00011936339522547468,731.1341653975242,0.361238431648444,0.2686338400296762
114,ds114_time114_138.h5,0.0009774995210295734,1,7250.0,0.00125,2.763123079818883,0.22099380901699828,40897.965561462275,-0.13694566159302057,-0.42764124888390764,0.31514221758074557,0.99796062239726,3.1446609380864357,0.0040185676392576475,816.0802211948698,0.48530989438081046,0.2814635707263942
114,ds114_time114_139.h5,0.0010453421085484603,0,7500.0,0.0005,2.9587107525554934,0.171182909057364,1603.2053940761475,2.4993289542908794,-0.48823374958618143,0.3233545278977447,0.9983026994596347,2.4409284517149303,0.00011999999999999511,903.9526963776424,0.37848225158484816,0.27601363916100563
114,ds114_time114_140.h5,0.0010453421085484603,0,7500.0,0.00075,2.7280734735211665,0.11369716767341442,7213.850489817972,1.032758161616025,-0.4811334319709585,0.30447612012723757,0.9982613434505369,2.340414340643541,0.00011999999999999511,786.0169503706381,0.377804874575759,0.2753337295608422
114,ds114_time114_141.h5,0.0010453421085484603,0,7500.0,0.001,2.7282918627198156,0.19651053565193544,12564.377976750862,0.5341557930176473,-0.4747355251148667,0.284117627006455,0.9977803277869987,2.304406980031974,0.00011999999999999511,745.8503270222155,0.3783013179374455,0.2754185537608865
114,ds114_time114_142.h5,0.0010453421085484603,1,7500.0,0.00125,2.6521838206629518,0.23791618412644522,30601.351639199507,-0.04450799374526634,-0.44770262719722825,0.3001258989616862,0.9979069683048639,2.934287777926303,0.007879999999999679,810.157408595502,0.44044470392288343,0.2822207714801933
114,ds114_time114_143.h5,0.001168629383352545,0,7750.0,0.0005,6.065119426852818,0.1727024002628046,3341.3474958457814,2.294995932671645,-0.499343542302412,0.4887175145227981,0.99732720888868,2.3017346151508513,0.00012096774193548834,914.9653537122574,0.42486332217381667,0.2819464556814235
114,ds114_time114_144.h5,0.001168629383352545,0,7750.0,0.00075,3.6460597800750634,0.11266140244278922,6699.621911124659,0.9731192454390968,-0.491861581047028,0.5449093645936156,0.9967851673701189,2.3022243980666577,0.00012096774193548834,801.0528640035857,0.42420224680910634,0.28097677237752666
114,ds114_time114_145.h5,0.001168629383352545,0,7750.0,0.001,3.1409180794510494,0.21894754090639745,8604.3221681277,0.5015573589938457,-0.48589090779121463,0.543789377105247,0.9962747444735256,2.4280104582247963,0.00012096774193548834,766.2331597942008,0.4257930187198901,0.2800511532215475
114,ds114_time114_146.h5,0.001168629383352545,1,7750.0,0.00125,3.1058127155939546,0.23917734159252135,8559.413383178773,0.5014143616117125,-0.48633248144849794,0.5338181100636997,0.9961507824109723,2.416551668465466,0.00012096774193548834,768.1490360051007,0.42609880649879095,0.28028791103723183
114,ds114_time114_147.h5,0.001168629383352545,1,7750.0,0.0015,2.7746743376736243,0.2444070606953317,18495.971255904693,0.09583078880945282,-0.4704095119637004,0.4424604744855057,0.99523824811774,2.7097886006723835,0.00012096774193548834,767.7827145120405,0.47112959751004785,0.2879399124101298
114,ds114_time114_148.h5,0.001168629383352545,1,7750.0,0.00175,2.781823373589561,0.2344894160884281,58954.18978226886,-0.1237214888056108,-0.44404853105351,0.2724526285439545,0.9868139934334906,3.3183367537912134,0.01173387096774237,857.3509561890158,0.5289405059842027,0.2969943625035349
114,ds114_time114_149.h5,0.0013600918607301754,0,8000.0,0.0005,12.497691432176833,0.15475820676174845,2430.448247397546,2.3149398656734905,-0.487834911976328,0.27871391719101424,0.9996560353806716,2.3400424803962228,0.0001196808510638414,944.3643432273573,0.5078347460528193,0.27804952275651323
114,ds114_time114_150.h5,0.0013600918607301754,0,8000.0,0.00075,5.042107393816752,0.11404229948203426,7840.431312325588,0.9049734604452448,-0.4800091711824307,0.2589548193350868,0.9994501137015225,2.3655457048031514,0.0001196808510638414,833.46531041833,0.5057331477521014,0.2768501442580137
114,ds114_time114_151.h5,0.0013600918607301754,0,8000.0,0.001,3.8201132605322483,0.22527182864517603,14672.946445479793,0.5300597310007258,-0.4747678873592203,0.23972640385569302,0.9994024665482816,2.499938872699469,0.0001196808510638414,797.025601221136,0.5102182793354997,0.27643321419752326
114,ds114_time114_152.h5,0.0013600918607301754,0,8000.0,0.00125,3.714108447401433,0.21902106672641053,14966.637780193596,0.4968562293837304,-0.47442296166652137,0.24077135959758558,0.999288610327432,2.4422323139822573,0.0001196808510638414,797.5796015548301,0.5099001069728625,0.27633688604782664
114,ds114_time114_153.h5,0.0013600918607301754,1,8000.0,0.0015,3.310156267853927,0.2654448911721424,20011.65152164977,0.3058381394275659,-0.46859709102641717,0.22656908980110407,0.9991657436168563,2.4963028145665263,0.0001196808510638414,773.2928611491598,0.5212446348435793,0.27739527438064565
114,ds114_time114_154.h5,0.0013600918607301754,1,8000.0,0.00175,2.9391071893306675,0.2563030469065757,38393.48614325158,-0.0369713350848535,-0.44793772682083693,0.24072584365771904,0.9982742130471959,2.7669338463258293,0.003869680851064205,792.1279226029037,0.5791535874201738,0.3067280763127018
114,ds114_time114_155.h5,0.0016446110353720085,0,8250.0,0.0005,17.091943256745683,0.20592871612565555,2475.3383494522677,2.1390433791432857,-0.4993907748490259,0.21259953958267505,0.9998975463780005,2.350236539144132,0.00012121212121210534,967.6656134295612,0.6544482762292289,0.27272786594740356
114,ds114_time114_156.h5,0.0016446110353720085,0,8250.0,0.00075,5.497415395551168,0.15839352025570985,8594.093619548294,0.8452641312488953,-0.4909431365401737,0.20568344062381327,0.9998595613846062,2.3909114614305778,0.00012121212121210534,852.845569016863,0.6521524133503049,0.2729249702982028
114,ds114_time114_157.h5,0.0016446110353720085,0,8250.0,0.001,3.442708641791018,0.23713144306926992,16347.557379509983,0.41988572678917635,-0.48526274434866634,0.18970242297045548,0.9995626157911018,2.4221029613339633,0.00012121212121210534,811.1167481143298,0.6560505521249764,0.27605324572810674
114,ds114_time114_158.h5,0.0016446110353720085,0,8250.0,0.00125,3.5580569403840405,0.23051130527621422,15900.06086433255,0.4141689698442314,-0.4845837742734841,0.1986999064653904,0.9995214338483541,2.4298295491194013,0.00012121212121210534,809.4704611043563,0.6576682874158453,0.2749602054826844
114,ds114_time114_159.h5,0.0016446110353720085,0,8250.0,0.0015,3.1802655739962646,0.2645606624072667,25700.779058328833,0.19862193200066577,-0.47859579417123516,0.17279635868910131,0.9993732380432734,2.603039746915525,0.00012121212121210534,793.3190006477033,0.6711285389984876,0.27912403288610776
114,ds114_time114_160.h5,0.0016446110353720085,1,8250.0,0.00175,3.3000939017084927,0.28642911853479003,36795.6104861308,0.14622319164408387,-0.4728451489922928,0.16592395539858573,0.9992042209965971,2.8365787059839627,0.00012121212121210534,785.7103562294149,0.6813464442968956,0.29204713291548423
114,ds114_time114_161.h5,0.0016446110353720085,1,8250.0,0.002,3.2709599585520137,0.2714296208683288,37973.14193126877,0.17616701243153476,-0.4727563408459439,0.16451774315375312,0.9986269591639404,2.80684421700254,0.00012121212121210534,786.0050012130656,0.6801945386086788,0.2915960705925116
114,ds114_time114_162.h5,0.0019471493695576148,0,8500.0,0.0005,18.572536835738585,0.17108631760990756,3090.9496665654488,2.2605849921048717,-0.48768028238062994,0.1688173957465935,0.9942790609043853,2.3427090249581233,0.0001203208556149731,993.2630135863523,0.8677352965760151,0.24990220638482238
114,ds114_time114_163.h5,0.0019471493695576148,0,8500.0,0.00075,5.467972460956744,0.10611887853667867,14223.617904820212,0.898244443572769,-0.47879937496319386,0.1566348747167961,0.9954675811153412,2.511554754085421,0.0001203208556149731,874.2108528085423,0.8485894745115907,0.25384966732556424
114,ds114_time114_164.h5,0.0019471493695576148,0,8500.0,0.001,3.267747090693436,0.21495857516437145,22457.682198887207,0.4221322262775581,-0.4725908563465557,0.1662480500047975,0.9961529825156502,2.611505006523467,0.0001203208556149731,829.5848113955137,0.8238789739168393,0.2679618064893608
114,ds114_time114_165.h5,0.0019471493695576148,0,8500.0,0.00125,3.493364897595114,0.23500221352325745,21658.201352312135,0.44920588419387036,-0.47313026937027763,0.17121287234086435,0.9974249457750007,2.464955199718503,0.0001203208556149731,833.7294262813501,0.8225312167243454,0.2680745623174327
114,ds114_time114_166.h5,0.0019471493695576148,0,8500.0,0.0015,3.1527085383358657,0.24992441795341225,25523.127942500607,0.2369182784996109,-0.466342430798067,0.17538133562948585,0.9978693054808968,2.7216374397094163,0.0001203208556149731,816.9031329805225,0.8003387928047657,0.283969724937437
114,ds114_time114_167.h5,0.0019471493695576148,0,8500.0,0.00175,3.145736730337051,0.27668919279979654,25550.96054564143,0.260005533327413,-0.46593137544613983,0.17505849200229218,0.997611972386815,2.5800300946529453,0.0001203208556149731,814.9708259471041,0.7999640572990137,0.2835759169156069
114,ds114_time114_168.h5,0.0019471493695576148,1,8500.0,0.002,3.1561339872269643,0.2946994788920869,39419.512073755715,0.10613414616486233,-0.4602734758150103,0.17418501745896248,0.9829336384655829,2.923068684742511,0.0001203208556149731,812.595648243347,0.7699473196832135,0.3178717641783523
114,ds114_time114_169.h5,0.0019471493695576148,1,8500.0,0.0022500000000000003,3.1362429594965358,0.29228680081893255,72475.14855132136,-0.060884082021288186,-0.4410307357749615,0.1986136576666722,0.9991253184991268,3.037906558710566,0.001885026737967912,821.36406503121,0.7329520371374038,0.3211443413363623
114,ds114_time114_170.h5,0.0019471493695576148,1,8500.0,0.0025,3.1196618202572823,0.26049055997737314,74562.01150676416,-0.05740518048008473,-0.4409947974365132,0.19959658807141764,0.9988246399006584,3.141939616721081,0.001885026737967912,821.3388382215423,0.7329671601231844,0.3214718213814978
114,ds114_time114_171.h5,0.001641867081037743,0,8750.0,0.0005,16.911893415389343,0.15579037709394328,3084.095589493557,2.353727865794749,-0.4755986290480773,0.21021303153970633,0.9959311168601434,2.335450159943249,0.00011960132890365126,1032.8794264063629,0.9474829201273707,0.24633266223186018
114,ds114_time114_172.h5,0.001641867081037743,0,8750.0,0.00075,5.278549480699532,0.11227063989312147,10656.05015699656,0.8928185030668204,-0.4669921414186974,0.20072020988176628,0.9964940433591558,2.455623776636894,0.00011960132890365126,907.9911492753591,0.9177042581600672,0.2515447826497238
114,ds114_time114_173.h5,0.001641867081037743,0,8750.0,0.001,5.09596565071224,0.12822172652022457,10294.736933893764,0.8586002595517946,-0.46745812849608814,0.20141374126953518,0.9972312043909395,2.5280912805968545,0.00011960132890365126,907.0669678232289,0.9195395998968968,0.250571450335171
114,ds114_time114_174.h5,0.001641867081037743,0,8750.0,0.00125,3.6065648217780355,0.2097975873873914,19248.2430100399,0.4385975416761095,-0.45917658454285376,0.18681367270167398,0.994851639537118,2.6280234063929537,0.00011960132890365126,860.6598198713403,0.8777288499066825,0.2630797844616136
114,ds114_time114_175.h5,0.001641867081037743,0,8750.0,0.0015,3.105556131116634,0.26005076252723336,29955.36175650396,0.2314672530131748,-0.453120401247857,0.16950502997939534,0.996576838912235,2.6647494632311437,0.00011960132890365126,835.6089610559951,0.8270426650248722,0.29620843519565193
114,ds114_time114_176.h5,0.001641867081037743,1,8750.0,0.00175,3.2933291002981893,0.2717617501480587,29811.045683969376,0.28649192482900565,-0.45314392770670137,0.16573734325322173,0.9951455803693872,2.5949950197922282,0.00011960132890365126,838.9599600621431,0.8250688081350275,0.2972710795050158
114,ds114_time114_177.h5,0.001641867081037743,1,8750.0,0.002,2.8362382100165213,0.23097444087737995,52799.14323392091,-0.06640977005540881,-0.4364727224248851,0.2479714164616528,0.9950125967499919,2.831433056500255,0.0018338870431893193,840.436862731928,0.7468514684363827,0.341439030520456
114,ds114_time114_178.h5,0.001641867081037743,1,8750.0,0.0022500000000000003,3.0864784169210178,0.265654035600172,174081.0514772692,-0.20232675093923091,-0.3972746317009085,0.3284299781029241,0.98776798664901,4.0175624106336425,0.0018737541528238697,957.4359862675868,0.7422448987467396,0.26763075050447094
114,ds114_time114_179.h5,0.0014633595888308207,0,9000.0,0.0005,13.531977384958564,0.1813511563015523,3529.819810349769,2.034194652027319,-0.5003914642953345,0.17597478643979503,0.999341815501284,2.2943148553909,0.00011904761904760196,1039.369885742613,0.7846524070786326,0.2680905624035845
114,ds114_time114_180.h5,0.0014633595888308207,0,9000.0,0.00075,4.331645754422992,0.1317544089885503,9823.93657946558,0.7646264736965254,-0.4917197771873682,0.1597063319455204,0.999101699967437,2.4296637102754546,0.00011904761904760196,915.835611462824,0.7630728857495631,0.2703555552253512
114,ds114_time114_181.h5,0.0014633595888308207,0,9000.0,0.001,4.171054912638514,0.13545237003385346,9894.199921117717,0.7131803667155352,-0.49122868197223674,0.16351320906495556,0.9991550263253283,2.5198253586254915,0.00011904761904760196,912.9227300310462,0.7643281441357601,0.270197609344704
114,ds114_time114_182.h5,0.0014633595888308207,0,9000.0,0.00125,3.1819329764425635,0.2602459724559316,18349.81118401303,0.3275149957887243,-0.4832511902631162,0.1491094970525967,0.9979978479631783,2.810836820962582,0.00011904761904760196,873.0931651425648,0.746337222011962,0.2788490067887929
114,ds114_time114_183.h5,0.0014633595888308207,1,9000.0,0.0015,2.6025214676866737,0.23238514464645887,40361.15718632447,-0.061743410680481434,-0.46632750994446603,0.2591186851531157,0.9961795808244626,2.7919289284768922,0.00011904761904760196,886.3239871511894,0.7411629033738193,0.34930254312088604
114,ds114_time114_184.h5,0.0014633595888308207,1,9000.0,0.00175,2.6229000000129474,0.21720407763508365,40316.99163835819,-0.07304234013961651,-0.4656560118426507,0.25709344347785024,0.9962768082054518,2.7653669021214675,0.00011904761904760196,889.853053829069,0.7398774135647777,0.3503528716629444
114,ds114_time114_185.h5,0.0013629657959080559,0,9250.0,0.0005,11.596161762736415,0.16534194928885626,3103.088018077602,2.187360136157942,-0.48749843568984563,0.15748492509219908,0.9997874010270854,2.3350831752634673,0.00011865524060644672,1063.9730413124912,0.6543510103789086,0.27085507711601986
114,ds114_time114_186.h5,0.0013629657959080559,0,9250.0,0.00075,3.7016433998512226,0.11658502699093387,10971.989775157801,0.8034532078358898,-0.4785621404780971,0.15640904656775012,0.999679844123485,2.5539098783955545,0.00011865524060644672,936.4617636859483,0.648040929624451,0.2706980870562979
114,ds114_time114_187.h5,0.0013629657959080559,0,9250.0,0.001,3.6414536116560585,0.1287885057524134,11236.824135518204,0.8013373225301972,-0.4782695023790961,0.15475548734878505,0.9995827515083867,2.5778606403035327,0.00011865524060644672,940.6162671951207,0.6472251262401745,0.27166789563718896
114,ds114_time114_188.h5,0.0013629657959080559,0,9250.0,0.00125,2.974739023030047,0.2430605228931253,21190.680286144994,0.38711750154325264,-0.4701468720582023,0.14928596935792585,0.9993272508164391,2.5671578234050267,0.00011865524060644672,897.8636712483642,0.646415005425496,0.27907315312321446
114,ds114_time114_189.h5,0.0013629657959080559,1,9250.0,0.0015,2.600763511528973,0.16822832349907002,57606.83040461749,-0.243077204170095,-0.4421562024222045,0.3517636408589751,0.9983580104235942,2.960263613482627,0.007989452867500746,951.680940938803,0.7397292506802124,0.32479070570344076
114,ds114_time114_190.h5,0.0013629657959080559,1,9250.0,0.00175,2.611238292315878,0.18793907124326004,56527.40984990027,-0.2553137334752434,-0.442623942310412,0.3317810208607054,0.9987650394467538,2.93499682106499,0.007989452867500746,946.8535315451005,0.7394447501382169,0.32430060966719554
114,ds114_time114_191.h5,0.0013159185241309638,0,9500.0,0.0005,9.861120227028913,0.12272955276780251,3880.160694804142,2.5894379015806637,-0.4607296623427627,0.15250389415879295,0.9996659150566486,2.3395778795057223,8.097165991904909e-05,1096.1984690992708,0.599691525482874,0.2607388993211235
114,ds114_time114_192.h5,0.0013159185241309638,0,9500.0,0.00075,3.0964783170761248,0.04786805676676975,12917.190512408251,1.0095335772060456,-0.450190351374043,0.1465769624100424,0.9997424548434227,2.4875766868856055,8.097165991904909e-05,961.1146977925868,0.5930246308346724,0.2628228335152538
114,ds114_time114_193.h5,0.0013159185241309638,0,9500.0,0.001,3.12239429982678,0.043918937054889584,13839.609666684612,1.0532269803082617,-0.451400947027246,0.14624884532650853,0.9994939772970173,2.5242514910467553,8.097165991904909e-05,963.4458184273471,0.5944187293677158,0.26140805040738224
114,ds114_time114_194.h5,0.0013159185241309638,0,9500.0,0.00125,2.6904658795815646,0.22110335945917226,24011.249755606703,0.4742863527170977,-0.44252660753569395,0.1417763824038141,0.9996120434781075,2.718873418595513,8.097165991904909e-05,917.7919895227517,0.6047394413593253,0.26717252283237297
114,ds114_time114_195.h5,0.0013159185241309638,1,9500.0,0.0015,2.798199888104488,0.21308457971881123,24100.250506336877,0.48446478044919383,-0.44319594440363347,0.14014855573278848,0.9997055958203105,2.5998143850608857,8.097165991904909e-05,917.4669713488965,0.6040115923140701,0.26672658272432664
114,ds114_time114_196.h5,0.0013159185241309638,1,9500.0,0.00175,2.570701330163056,0.15977769653497087,66075.71450070184,-0.20967861367988347,-0.41252843689269386,0.34008026575099476,0.9983145761106883,2.921593539174545,8.097165991904909e-05,970.465396199849,0.7567219646061096,0.31422207156323767
114,ds114_time114_197.h5,0.0013159185241309638,1,9500.0,0.002,2.570695828821409,0.15446225571118344,238270.06661912103,-0.2993500364952473,-0.357764538871091,0.5595911599684329,0.9966571885334896,4.554127495172001,0.0,1147.9755244309576,0.7685891003992212,0.272476894851341
114,ds114_time114_198.h5,0.0013092287930248324,0,9750.0,0.0005,6.176405476306779,0.147032958295374,2709.536685275634,2.342148076250645,-0.488891800920647,0.11765915207719532,0.9998570359840817,2.4022936637307755,0.00012145748987857363,1096.3745899987266,0.5310462815884142,0.27062937477429405
114,ds114_time114_199.h5,0.0013092287930248324,0,9750.0,0.00075,2.5287479572595437,0.06639398532168639,12506.450638256381,0.8557020351453811,-0.47921204484305147,0.1169948969059693,0.9998753627360177,2.4491011305835126,0.00012145748987857363,959.7826986169176,0.5297732363134335,0.2729781912767779
114,ds114_time114_200.h5,0.0013092287930248324,0,9750.0,0.001,2.635469836096603,0.07992970242868624,12478.016808861244,0.9010599179123626,-0.47797670181080293,0.11791464900112185,0.9998896529619983,2.4089968369473342,0.00012145748987857363,965.2437702221663,0.529112390588235,0.27394226544978295
114,ds114_time114_201.h5,0.0013092287930248324,0,9750.0,0.00125,2.7521679690227385,0.21789127523408336,23682.790188986048,0.3787331660257406,-0.46957003853972745,0.11996680423835686,0.9997374351263377,2.6621805583472162,8.097165991904909e-05,923.5079540113638,0.5761873495528897,0.28465910040303827
114,ds114_time114_202.h5,0.0013092287930248324,1,9750.0,0.0015,2.7686755299290824,0.21215999665316487,22809.08496934101,0.3585141104825493,-0.46885115793300974,0.11615528500057043,0.999798145957308,2.695017764305518,0.00012145748987857363,918.2895956307657,0.5752795059206682,0.2856874023388273
114,ds114_time114_203.h5,0.0013363416075787373,0,10000.0,0.0005,3.8419959517161058,0.13828951543885926,2742.3881089266492,2.212063643381032,-0.48865085912686895,0.11928992898623873,0.9997983527474048,2.2797496156143082,0.00011842105263160096,1118.1791232113387,0.4968798352109032,0.27014317281097244
114,ds114_time114_204.h5,0.0013363416075787373,0,10000.0,0.00075,2.5058440521735603,0.06603213092486038,12580.994097020335,0.9508266754912337,-0.47866051008637267,0.11587798109282414,0.9996690228609239,2.3972819999056565,7.894736842106731e-05,987.5179063438516,0.49599644296522055,0.27168043229066674
114,ds114_time114_205.h5,0.0013363416075787373,0,10000.0,0.001,2.5108759715918243,0.08378625918068927,12755.590470585284,0.8917102463632917,-0.478982963559706,0.11772680662182523,0.9998248328266397,2.4081654072428944,7.894736842106731e-05,982.537584385915,0.4960743834720479,0.2711584154978432
114,ds114_time114_206.h5,0.0013363416075787373,0,10000.0,0.00125,2.7920094181311184,0.18769554091097795,23226.830190757086,0.4786780324781338,-0.47004961566660697,0.10431204550435791,0.9997880766245092,2.521369299715525,0.00011842105263160096,941.3324966129751,0.5136977841767634,0.2806783371709592
114,ds114_time114_207.h5,0.0013363416075787373,1,10000.0,0.0015,2.7947662559026805,0.21437624908392117,22880.627306361494,0.38560280607638,-0.4708317061858505,0.10537384087314727,0.9997439462421212,2.622889854055269,7.894736842106731e-05,943.8565885792923,0.5146187918748218,0.28095838928650074
114,ds114_time114_208.h5,0.0013946056183436527,0,10250.0,0.0005,2.9294834453747702,0.13339494118462492,4065.1103738798015,2.380940424682886,-0.4750016984313394,0.12302700380885824,0.9997811859286392,2.2852792727821423,7.910349373763115e-05,1164.2613284138995,0.49071364424443925,0.26213993521193174
114,ds114_time114_209.h5,0.0013946056183436527,0,10250.0,0.00075,2.412991419369544,0.05997132954354689,13646.33424274932,0.9646831558768413,-0.4636317246715816,0.1161090584001655,0.9997539468947813,2.3707223737896115,7.910349373763115e-05,1005.8160837134448,0.4883457677984691,0.26388449273193654
114,ds114_time114_210.h5,0.0013946056183436527,0,10250.0,0.001,2.43197777935911,0.05758290199884408,13827.799700504522,0.9894136837676644,-0.4637772291254929,0.11334067506830482,0.9998233785775986,2.403713515825251,7.910349373763115e-05,1012.9442677186095,0.4878002506605142,0.2639935931678612
114,ds114_time114_211.h5,0.0013946056183436527,0,10250.0,0.00125,2.6412993333528116,0.209245798831603,26835.028889471672,0.4490073373048701,-0.45406745577430085,0.11484725850371594,0.9998186276676249,2.4736701194219672,7.910349373763115e-05,974.9280690455236,0.5026296920668903,0.2732427375313468
114,ds114_time114_212.h5,0.0013946056183436527,1,10250.0,0.0015,2.700201785551203,0.18774647986657111,25973.704322292535,0.45615916747129465,-0.45357866760779275,0.1139902222573591,0.9997890030672925,2.53958979475162,7.910349373763115e-05,963.6966827126572,0.5015790583250269,0.2731889074546713
114,ds114_time114_213.h5,0.0013796814526920473,0,10500.0,0.0005,2.3558768302811894,0.151335582286779,5356.8803601983145,2.1140598603759724,-0.5033610529111899,0.08448798484718814,0.9997463006126157,2.293487183165536,0.00011904761904760196,1149.3163013844605,0.48534073914558523,0.2783013999833235
114,ds114_time114_214.h5,0.0013796814526920473,0,10500.0,0.00075,2.4136331411629155,0.0860442469573921,10655.804132855825,0.8299307785577202,-0.4935097702409316,0.09646530557733002,0.999767549824509,2.400823368281659,0.00011904761904760196,1008.1279002890709,0.4850982000925992,0.27901240326232
114,ds114_time114_215.h5,0.0013796814526920473,0,10500.0,0.001,2.4306505273374417,0.08784762313583006,11172.433629432831,0.8221499634791264,-0.4933904617112467,0.09472311973994063,0.999793463521115,2.3252325473883415,0.00011904761904760196,1012.7594448641847,0.48509496247244466,0.2786570934202421
114,ds114_time114_216.h5,0.0013796814526920473,0,10500.0,0.00125,2.717819441771748,0.1829004374028862,19098.457858897473,0.15462264300391595,-0.4748279854661837,0.13037411289500248,0.9997260807801767,2.608060316174271,7.936507936506798e-05,974.9768344186485,0.5055470089554005,0.2987873974303935
114,ds114_time114_217.h5,0.0013796814526920473,1,10500.0,0.0015,2.6490813959496706,0.19006930687673806,19655.200547631186,0.14619596795589987,-0.4744113892679535,0.12825818919855364,0.9997709161909336,2.57840955832155,7.936507936506798e-05,974.1429393869317,0.5044746545738974,0.29852784585732944
114,ds114_time114_218.h5,0.001343302036250884,0,10750.0,0.0005,2.2208586458858606,0.1328839581731005,4133.104280414105,2.261463738077284,-0.48914550197088263,0.09312134488693494,0.9997390032733239,2.3785424621126885,7.973421926910085e-05,1183.0342565129429,0.4926282592055622,0.2702787499619976
114,ds114_time114_219.h5,0.001343302036250884,0,10750.0,0.00075,2.360247477390006,0.020390080470731986,14140.47615373596,0.9616267751916007,-0.4787084321337752,0.08953996300160581,0.9995913539965178,2.3240398111098055,7.973421926910085e-05,1033.4810200207146,0.492331790651348,0.27198268817400867
114,ds114_time114_220.h5,0.001343302036250884,0,10750.0,0.001,2.3227493991686052,0.03917181618423493,13627.543867078974,0.9280525350330606,-0.47910934065687444,0.08891246074173575,0.9997624817849731,2.3032102207976046,7.973421926910085e-05,1026.1840798491846,0.49219480242099156,0.2711258669914251
114,ds114_time114_221.h5,0.001343302036250884,0,10750.0,0.00125,2.6096250173149915,0.124681502789312,31988.95365365059,0.19251607648127714,-0.4588350211465772,0.11457377178805722,0.9996389397782982,2.7032157655997837,7.973421926910085e-05,993.4848806709765,0.501930936477795,0.28339820268627586
114,ds114_time114_222.h5,0.001343302036250884,1,10750.0,0.0015,2.6060490065864883,0.14169278226165827,32018.493212675214,0.16315561830854228,-0.4594055773617705,0.11912883458288462,0.9996396539569303,2.552049945890396,7.973421926910085e-05,995.0573291367018,0.5020817552657222,0.2834488246752745
114,ds114_time114_223.h5,0.0013172397521607345,0,11000.0,0.0005,2.2153911088416653,0.1218897729281101,5734.438405469689,2.418940047839326,-0.47436215754994365,0.0969593426560878,0.9988623180964992,2.2854627024519076,8.021390374331194e-05,1208.0323128107393,0.5037211526807741,0.26203174301632143
114,ds114_time114_224.h5,0.0013172397521607345,0,11000.0,0.00075,2.1834686001524437,0.13302317206628755,5909.99599031214,2.439078874122389,-0.4742739568555284,0.09662585053235406,0.9990019445402991,2.3320195063230895,8.021390374331194e-05,1221.3629156720656,0.5039073702951773,0.2623134469808296
114,ds114_time114_225.h5,0.0013172397521607345,0,11000.0,0.001,2.2523932838115455,-0.004962208853653616,15004.357194789683,1.0338821075239222,-0.4631439367679023,0.08614546155577067,0.9989209368112293,2.3575044187949765,8.021390374331194e-05,1045.9471066918213,0.5033976503603815,0.26289191515203825
114,ds114_time114_226.h5,0.0013172397521607345,0,11000.0,0.00125,2.2408012204117083,0.009035148998914,14696.557926432439,1.0450092060470908,-0.46359634854374926,0.08823599759585271,0.9989889384763421,2.3753251920636664,8.021390374331194e-05,1049.9660796224746,0.5034545196821246,0.2630689442942996
114,ds114_time114_227.h5,0.0013172397521607345,1,11000.0,0.0015,2.402544285622435,0.13259803346558474,31791.678840802186,0.2592466202853091,-0.4459931845603336,0.10985105315354425,0.9987918727989297,2.511259056331655,8.021390374331194e-05,1010.8008663773602,0.5063416867383751,0.26763482702403885
114,ds114_time114_228.h5,0.0013172397521607345,1,11000.0,0.00175,2.3888205910848206,0.11160689210019026,31748.82962024441,0.29975122766622503,-0.4464321740041948,0.11280459515848258,0.9991520918464165,2.5553963348449047,8.021390374331194e-05,1008.9820714372577,0.5063025139421835,0.26752130743653657
114,ds114_time114_229.h5,0.0012996997101182592,0,11250.0,0.0005,2.1315989516743934,0.09070389767030318,5515.317919301078,2.6397662672826123,-0.4585604823474019,0.09417714047274409,0.9976588033438135,2.324017551263019,8.080808080807023e-05,1259.9264117309283,0.5191901547821467,0.2530723411192878
114,ds114_time114_230.h5,0.0012996997101182592,0,11250.0,0.00075,2.1427301314389187,0.11864767933380449,5136.548083169399,2.520130246591393,-0.4585394685868723,0.09199690226592179,0.9977224155819194,2.3501183110649833,8.080808080807023e-05,1243.2493792951602,0.5190284901423066,0.2529928741262344
114,ds114_time114_231.h5,0.0012996997101182592,0,11250.0,0.001,2.176520196935301,-0.016623806359439497,17037.668618114494,1.1302829087997373,-0.44761161157720813,0.0903320415958484,0.99768890737629,2.404436976819923,8.080808080807023e-05,1083.8416484688819,0.5189077077795925,0.2526600019684117
114,ds114_time114_232.h5,0.0012996997101182592,0,11250.0,0.00125,2.173349425291071,-0.002040589125979597,17447.820100046458,1.157146252026875,-0.4480229070231622,0.08792434014684565,0.9973637844467806,2.3370979287400173,8.080808080807023e-05,1083.8286765605062,0.5189139103804501,0.25299535223521397
114,ds114_time114_233.h5,0.0012996997101182592,1,11250.0,0.0015,2.22878110162124,0.15125164274206715,30982.803621599465,0.6014996472983771,-0.4364443776477892,0.08879326174031076,0.9971584646946784,2.419501474549816,8.080808080807023e-05,1020.181324455575,0.5194356013284426,0.25219366136885524
114,ds114_time114_234.h5,0.0012996997101182592,1,11250.0,0.00175,2.2371661386871677,0.11559369094714333,31035.282656205625,0.594736869331178,-0.4367565442912186,0.09163596777431687,0.9977002921234145,2.52796657364392,8.080808080807023e-05,1015.058634836756,0.5193586683112863,0.25240991523784473
114,ds114_time114_235.h5,0.001289346762702284,0,11500.0,0.0005,2.387522694189782,0.09474740031665507,5472.300146160521,2.637771798885152,-0.45834943248709553,0.0922861032451925,0.9976787083849714,2.366863347978941,7.905138339919793e-05,1285.0836178897905,0.5203684346119904,0.2525077493990576
114,ds114_time114_236.h5,0.001289346762702284,0,11500.0,0.00075,2.329902969233388,0.10834623449346603,5293.958356231406,2.5392912666200185,-0.4574496800708062,0.09310547551555516,0.9977609568446364,2.350830825853464,7.905138339919793e-05,1277.9711455120903,0.5204923069557554,0.25220584905183097
114,ds114_time114_237.h5,0.001289346762702284,0,11500.0,0.001,2.234905065367166,-0.027237059614328096,18048.10192037697,1.1862532927419434,-0.44741798847450226,0.08927852700271198,0.9971314402887387,2.374839914983364,7.905138339919793e-05,1107.0395863146828,0.5204844467419038,0.2511640965601734
114,ds114_time114_238.h5,0.001289346762702284,0,11500.0,0.00125,2.2180518159714913,-0.021848375900544337,17304.11045226632,1.123858024033914,-0.4469572568535793,0.09047449511837223,0.9969210330983395,2.3782998816707663,7.905138339919793e-05,1097.0212581222524,0.52038325588099,0.25170292964535723
114,ds114_time114_239.h5,0.001289346762702284,1,11500.0,0.0015,2.2002407854649966,0.11829393732253934,32790.936163486724,0.50647658437148,-0.43589088039837226,0.09268436917847715,0.9962783085010122,2.4680214392939135,7.905138339919793e-05,1047.1286373786527,0.5213935953593908,0.25214069491955815
114,ds114_time114_240.h5,0.001289346762702284,1,11500.0,0.00175,2.188730355624247,0.143096632471704,32224.92134484772,0.5624099574912107,-0.4349663511462883,0.09394099610653957,0.9964264397882857,2.623347734807166,7.905138339919793e-05,1049.388610343155,0.5211525452155987,0.2516566306551569
