dataset_id,file,boundary_m,label,omega_rpm,axial_depth_m,kurtosis_1st_derivative,ar_coeff_2,d2_energy,skewness_1st_derivative,multi_axis_energy_asymmetry,d3_d4_subband_energy_ratio,coherence_at_dominant_resonant,impulse_factor,cross_axis_peak_delay,cross_spectral_centroid,phase_space_ellipsicity,bivariate_orbit_radius_ratio
1,ds1_time1_1.h5,0.0014729720492096473,0,2000.0,0.001,2.155898882697718,-0.9008667320576634,1530.63310162088,2.2391171144164574,-0.46433375335405375,0.2752011799348989,0.9999882452227767,2.1887865440295253,0.0004787234042553656,169.75802719521093,0.7822365434869323,0.2030308268915098
1,ds1_time1_2.h5,0.0014729720492096473,1,2000.0,0.002,1.849062145295407,-2.059534440193355,117831.28079909924,-0.9194653574567926,-0.38799002240703984,0.3056588027699234,0.9997591235236979,3.6454072684072125,0.007898936170213533,272.06258140929674,0.7406175874064228,0.26446398888868927
1,ds1_time1_3.h5,0.0014729720492096473,1,2000.0,0.003,1.8867285497628836,-1.7229145621387496,2025009.558554598,-0.09192011837335887,-0.3138404744605643,0.4316482880257459,0.9988075658799035,7.108503881395625,0.02194148936170426,472.85714882126223,0.7464232973353124,0.23590510964519693
1,ds1_time1_4.h5,0.00486265734176468,0,2500.0,0.001,1.5844014483517481,-0.9258208126460967,2591.5972405353245,2.124174156607614,-0.4781886918830206,0.3398291247704697,0.9993543926966573,2.184883577683847,0.0003999999999999837,210.75398710015108,0.7315379077751276,0.18669522304030522
1,ds1_time1_5.h5,0.00486265734176468,0,2500.0,0.002,1.6273779739261252,-0.8353615515413764,1659.595859066142,0.8972439508996309,-0.46301649521290644,0.15197693140023222,0.9976996898233587,2.3079341547474503,0.00047999999999998044,186.7136694668188,0.7273096923853413,0.19398503289242627
1,ds1_time1_6.h5,0.00486265734176468,0,2500.0,0.003,1.6225939376149219,-0.8418897196389827,1829.8670949658654,0.5649680873248422,-0.45260918709901127,0.09721543147195798,0.9955021037823779,2.3170270383203033,0.00047999999999998044,178.14948251474215,0.7237015794784215,0.20812361980599028
1,ds1_time1_7.h5,0.00486265734176468,0,2500.0,0.004,1.6961184826778377,-0.8872336702691608,1944.0041290708664,0.38561771555441104,-0.4435148777193535,0.08566409017046264,0.9912336672446781,2.2076001503168747,0.0005599999999999772,173.27023719796742,0.7175839879345194,0.23590266236960028
1,ds1_time1_8.h5,0.00486265734176468,1,2500.0,0.005,2.2190208974404877,-2.01251080934379,4913.764625766238,-0.2879597422608369,-0.4318582213088809,0.24015094813270954,0.9999940429605132,2.131051209554795,0.005439999999999778,175.2247667257642,0.8059143048222263,0.3023531929304341
1,ds1_time1_9.h5,0.00486265734176468,1,2500.0,0.006,1.8626934065321274,-2.3088260413314687,116037.8596492716,-0.8179553700562955,-0.39534954991211474,0.2859122967155909,0.9999560565384753,2.8520236880310748,0.005519999999999775,257.1345657536289,0.853434611067012,0.3244969401280279
1,ds1_time1_10.h5,0.00122736072758267,0,3000.0,0.001,3.0216414391645094,-0.936494115034782,4097.317985857516,1.7798502050583174,-0.46923036960016434,0.34307217368554577,0.9999998273826267,2.167201264337834,0.0003225806451612903,247.24767565992346,0.8492351532381517,0.27440608488655815
1,ds1_time1_11.h5,0.00122736072758267,1,3000.0,0.002,1.6908036771142008,-1.932824651225042,113070.92055010321,-0.21889790909183698,-0.39261899027642877,0.45573179824078075,0.9995636260319706,3.7624242699851647,0.019596774193548386,371.9259187412173,0.7740229568610908,0.25868282705169404
1,ds1_time1_12.h5,0.00122736072758267,1,3000.0,0.003,1.702052270594021,-1.7896605967348533,1506251.432298271,0.379499405166029,-0.3459759955605612,0.5942965134857753,0.9993002626971802,6.757812820655213,0.009758064516129032,539.4102842212591,0.781750550109858,0.23878835272289647
1,ds1_time1_13.h5,0.0037118327626069485,0,3500.0,0.001,1.5823462348770008,-0.9548152868736475,4813.045816852113,1.99384443906758,-0.48234657074168696,0.3117760747585933,0.9999689656971025,2.1222143334090053,0.000317460317460317,294.5379213116099,0.7164364982116878,0.1982347360240501
1,ds1_time1_14.h5,0.0037118327626069485,0,3500.0,0.002,2.0097294129628978,-0.8916326617693802,3641.7654291939343,0.9545406003151626,-0.4692326344838393,0.1981563410449542,0.9998677864777635,2.214307328047647,0.000317460317460317,264.47197924314185,0.6813156259349209,0.2057729927824573
1,ds1_time1_15.h5,0.0037118327626069485,0,3500.0,0.003,2.758545114624615,-0.8608115565520751,3421.813666819811,0.5753245738821554,-0.4580447092553843,0.10356052936266041,0.9997213155934829,2.304917787359893,0.0003968253968253963,250.7125363910039,0.6431071159846061,0.21721943540889765
1,ds1_time1_16.h5,0.0037118327626069485,1,3500.0,0.004,1.9425213980963107,-2.1870524518480017,25048.860398565725,-0.780476272420296,-0.43172601995125875,0.29803576574973584,0.9999783185862838,2.411480112328731,0.003888888888888884,270.8223154115885,0.8090864651682841,0.3453713788553301
1,ds1_time1_17.h5,0.0037118327626069485,1,3500.0,0.005,1.9166110294386614,-2.140473843841108,264046.78060124745,-0.9223615064409382,-0.37978663586937417,0.3724731637029091,0.9998817937113591,3.5037229813184387,0.0038095238095238048,368.4965080022706,0.8182778229889652,0.3476682707994886
1,ds1_time1_18.h5,0.0026254736930035327,0,4000.0,0.001,3.5085323975368046,-0.9562956592596529,7196.610730432461,1.8079466881682,-0.4716640669206963,0.2111413062704463,0.9999380809998669,2.144135900501825,0.0002393617021276828,331.98125459804993,0.7517931482594314,0.201109412134754
1,ds1_time1_19.h5,0.0026254736930035327,0,4000.0,0.002,6.27642236774616,-0.927937403370557,6600.319044867942,1.0180487032610097,-0.46127953228184054,0.15616639340621957,0.999812685215733,2.2311558862894416,0.0002393617021276828,305.8231431948239,0.7366444535018182,0.21492656508948715
1,ds1_time1_20.h5,0.0026254736930035327,1,4000.0,0.003,2.2844462283407583,-1.593165750306224,20275.150566829587,-0.47600587939319705,-0.4383566273835996,0.24522546862155326,0.9995150810297829,2.529665097064442,0.004069148936170608,301.768161392295,0.7243423052214999,0.38211577707602434
1,ds1_time1_21.h5,0.0026254736930035327,1,4000.0,0.004,1.7687382979052388,-1.9139081417808128,905681.821457738,-0.7078036143963676,-0.3442719622629434,0.5900530734684392,0.9997272694421897,4.665524407678144,0.007898936170213533,475.09067031941834,0.7318226504025844,0.27176707786165716
1,ds1_time1_22.h5,0.0012660557382003584,0,4500.0,0.001,4.449297200841733,-0.9753852905353774,5573.665202076083,2.2574581774412743,-0.4898352868166596,0.1450245078019652,0.9999999993733987,2.17395193116721,0.00023809523809520392,391.1176255594888,0.6408884499650112,0.2862497750871297
1,ds1_time1_23.h5,0.0012660557382003584,1,4500.0,0.002,1.698729326747834,-1.6506996454282228,308211.8299988911,-0.6094664007808298,-0.38044873598037837,0.6489291414255816,0.9990476156240744,4.723506755515813,0.013650793650791693,534.6183342876466,0.7422575000551115,0.24728894692030878
1,ds1_time1_24.h5,0.0012660557382003584,1,4500.0,0.003,1.657558947495166,-1.5533460307234377,1706261.5401416454,0.22680998075547507,-0.3601646769993673,0.7827931850215455,0.9983086176163214,6.184977939420894,0.013650793650791693,649.7190747814795,0.7472831005377104,0.23603729912484137
1,ds1_time1_25.h5,0.0012467600519764047,0,5000.0,0.001,2.517457638682732,-0.973559164825398,8505.054977616885,2.160211843469257,-0.4769994001242402,0.10781268342044169,0.9999999990087315,2.2653006899527646,0.00023684210526320193,432.419541295218,0.5707564022071329,0.279209171775511
1,ds1_time1_26.h5,0.0012467600519764047,1,5000.0,0.002,1.7409322120140116,-1.6235166624001922,66377.20947637295,-0.5104179070583678,-0.4195402775959555,0.41630032714289844,0.9992619175720417,3.279637171142225,0.01176315789473903,461.90975758944313,0.7458801811478012,0.27157450190945887
1,ds1_time1_27.h5,0.0012467600519764047,1,5000.0,0.003,1.6480311831118626,-1.6908519051111168,1036092.1316321822,0.47713715997445877,-0.36327389226547113,0.7187452640083345,0.9996112204837694,5.306771145751701,0.005842105263158981,621.5827434970666,0.7600777330154688,0.22933280867536
1,ds1_time1_28.h5,0.0017359116151273064,0,5500.0,0.001,1.5395054996937025,-0.9691444662562623,10818.95083824865,2.065876454492324,-0.4608660987659831,0.08320031751075188,0.99999999717291,2.2293213824764004,0.00016042780748662389,472.88665084797407,0.5570318012486648,0.26725787025175163
1,ds1_time1_29.h5,0.0017359116151273064,1,5500.0,0.002,2.094085081165764,-1.1717993609655502,26660.73502145065,0.2859713484769038,-0.43671028274678314,0.12752442322632682,0.9999915483603201,2.418190557389608,0.00016042780748662389,430.0534695590602,0.7216826251281809,0.31128390557013147
1,ds1_time1_30.h5,0.0017359116151273064,1,5500.0,0.003,1.8101288188816222,-1.7943595345551682,361489.9020286529,-1.3182859914555785,-0.3564789817910911,0.4462954400795329,0.9995635266678754,4.215944798724687,0.005695187165775148,527.9885412474231,0.7765516606601199,0.22145379262086168
1,ds1_time1_31.h5,0.0029457126545122288,0,6000.0,0.001,1.5084679237609087,-0.9654286826518835,14313.96372520646,1.895211684372469,-0.45901827347773,0.06980832049733332,0.9999999852318922,2.2499276711330514,0.00016129032258063725,508.9428900841193,0.5774433229064646,0.2648275912189768
1,ds1_time1_32.h5,0.0029457126545122288,0,6000.0,0.002,1.7427351195289864,-0.9039758890338084,22069.586084601757,0.9017062080980065,-0.44239923285290905,0.05759157475960987,0.9999999637772251,2.3592407862571805,0.00016129032258063725,450.5912106435343,0.5760344859488108,0.2659452929563696
1,ds1_time1_33.h5,0.0029457126545122288,1,6000.0,0.003,2.0041607851795247,-0.8835083875161035,20543.097168372224,0.6577279393981778,-0.43515233338606346,0.05246182228274696,0.9999999379715916,2.397391252444077,0.00016129032258063725,436.49147328813024,0.5807543835159639,0.2672039202996057
1,ds1_time1_34.h5,0.0029457126545122288,1,6000.0,0.004,2.005404221493878,-1.8038465175333125,118868.095218723,-0.7089927066887788,-0.39073187770105466,0.2182549658489954,0.999916682351697,2.853912008486914,0.00016129032258063725,469.19894660992674,0.7643103951241184,0.303344144255315
1,ds1_time1_35.h5,0.0029457126545122288,1,6000.0,0.005,1.8405139177983063,-1.766790100797944,645926.2088635926,-0.7520240152703228,-0.3338497427663451,0.4046102412309743,0.9999081846607143,3.9853287557201793,8.064516129031862e-05,545.2451366437359,0.8025090728166143,0.25380099352430635
1,ds1_time1_36.h5,0.005340597669805986,0,6500.0,0.001,1.5340010829834887,-0.9644847099803617,15183.472284862888,1.636755906564268,-0.4761806677673657,0.06307495556196635,0.9999998528444767,2.179643520125061,0.00015915119363396624,539.4942691287861,0.6083474617069913,0.27347095449735914
1,ds1_time1_37.h5,0.005340597669805986,0,6500.0,0.002,1.5218533093334377,-0.933534594317436,22389.003197985225,1.0677702801521134,-0.46704162087357515,0.058871980275509314,0.9999997733207706,2.22694770416085,0.00015915119363396624,502.5596961423793,0.6076944538423482,0.27395915986712
1,ds1_time1_38.h5,0.005340597669805986,0,6500.0,0.003,1.5184332131262692,-0.8328779349131288,20641.940601897455,0.5822111604251096,-0.45207163714943904,0.049390845168096796,0.999999500075945,2.255370547777207,0.00015915119363396624,466.22728690946593,0.6066054207268714,0.27459791751797463
1,ds1_time1_39.h5,0.005340597669805986,0,6500.0,0.004,1.5850037790494709,-0.6888937641069639,13996.218195492984,0.3493153590946521,-0.439686108128478,0.04252055539912438,0.9999991261225405,2.2583641381153234,0.00023872679045094936,449.5137562800427,0.6063214871745723,0.27502077954586174
1,ds1_time1_40.h5,0.005340597669805986,0,6500.0,0.005,1.6519156486987123,-0.628819034458808,14658.550332110877,0.2586279573470611,-0.4341526565423647,0.04165570652611064,0.9999988996997076,2.355454996717452,0.00023872679045094936,445.2148462609249,0.6073197120220192,0.2753225484359829
1,ds1_time1_41.h5,0.005340597669805986,1,6500.0,0.006,2.3312808482455654,-1.7427688030759818,89180.21796249208,-0.44229934131538207,-0.41162536900966323,0.11707050808422653,0.9999978851262767,2.6619144097292224,0.007161803713528481,464.1043090291336,0.6678196546825379,0.2870915120660793
1,ds1_time1_42.h5,0.005340597669805986,1,6500.0,0.007,2.077070493011211,-2.026166631987674,474200.3540888055,-0.8434874411784158,-0.3647956816136074,0.28601354409891133,0.9999959272526295,3.346451163019349,0.007161803713528481,528.9468614432291,0.7660961699666088,0.30306761449333514
1,ds1_time1_43.h5,0.00913760235676533,0,7000.0,0.001,1.5260197169187797,-0.9631265808374887,15713.946625382318,1.3590177613031684,-0.49538956611784696,0.06572138060514619,0.9999916452250396,2.0903813823293897,0.00015873015873013596,567.7542389565642,0.6591832296144072,0.284095505814374
1,ds1_time1_44.h5,0.00913760235676533,0,7000.0,0.002,1.5204574131473967,-0.9283388344207948,22882.40656515533,0.8740463793029913,-0.48597686017212777,0.06311360960905357,0.9999872871987061,2.0960839542833876,0.00015873015873013596,531.2069025659985,0.6589949920154966,0.2847419213959321
1,ds1_time1_45.h5,0.00913760235676533,0,7000.0,0.003,1.520732202980362,-0.7832588847122178,19743.101976029182,0.4722610224438123,-0.47075688853842407,0.05697665225450102,0.9999755051063243,2.0524329809885233,0.00015873015873013596,495.7654423497279,0.6587240305092541,0.2857583232950063
1,ds1_time1_46.h5,0.00913760235676533,0,7000.0,0.004,1.522554007450198,-0.6669987027789246,15350.181504525845,0.368225740537492,-0.4643220613375065,0.054175654480176735,0.9999682605282191,2.020262126235845,0.00023809523809520392,486.4456730162311,0.6586121461968706,0.2861318115658687
1,ds1_time1_47.h5,0.00913760235676533,0,7000.0,0.005,1.5266126189566915,-0.7055534284227043,14450.339325318404,0.23278831968724759,-0.4533209098911449,0.05029159271853047,0.9999510326592704,2.000867878759163,0.00023809523809520392,476.8020617525402,0.6585104373702046,0.28667681396982975
1,ds1_time1_48.h5,0.00913760235676533,0,7000.0,0.006,1.5289906677365444,-0.7066386150527647,18857.51814565325,0.18558094025735897,-0.4486629507948805,0.04921853462416208,0.999941163178415,1.9877133809528713,0.00023809523809520392,475.1233444794947,0.6585275461400889,0.2868706437461795
1,ds1_time1_49.h5,0.00913760235676533,0,7000.0,0.007,1.5364149414479111,-0.8459068810446497,24905.737086326924,0.09506843337217918,-0.4408018486830118,0.04870804308723143,0.9999177206119364,1.967285010558607,0.00023809523809520392,472.90674686086896,0.6586632561511853,0.2871522210769984
1,ds1_time1_50.h5,0.00913760235676533,0,7000.0,0.008,1.5499193407857217,-0.7810059188699949,25612.90055276183,-0.0031423278817914544,-0.43426242270486815,0.05099213975974428,0.9998870758632292,2.0093190036625495,0.00023809523809520392,472.3893916553846,0.6591720496283532,0.2874226407401258
1,ds1_time1_51.h5,0.00913760235676533,0,7000.0,0.009,1.6365569813067609,-1.1344843633885782,49568.250602187276,-0.2164542604124521,-0.42861289683607695,0.0717085874175689,0.999866945900185,2.078996897124591,0.0019047619047616313,478.75621818517436,0.6638272132796862,0.28838857683220315
1,ds1_time1_52.h5,0.00913760235676533,1,7000.0,0.009999999999999998,2.1331685431569487,-1.649249321448729,248769.00715071018,-0.5990363539408915,-0.40243607047140867,0.17901414023085926,0.999810754468507,2.4013969044055963,0.0019047619047616313,522.8668771503446,0.704691163889686,0.2965614012386077
1,ds1_time1_53.h5,0.014106855697582374,0,7500.0,0.001,1.558876320033622,-0.030496220184409006,7993.314405239154,2.9541878258009353,-0.4698691599104823,0.09082188749937703,0.9997238492865218,2.088674891687425,7.999999999999674e-05,732.3017234613469,0.7265167791009084,0.26034232760852766
1,ds1_time1_54.h5,0.014106855697582374,0,7500.0,0.002,1.571431011546429,-0.9003629060892487,34807.31486851891,1.0175605482389087,-0.4462495469676314,0.08551915578690067,0.9995738317753043,2.0838538342391764,0.00015999999999999348,572.9662541730704,0.7264813540421692,0.25944473496207293
1,ds1_time1_55.h5,0.014106855697582374,0,7500.0,0.003,1.5717903958884996,-0.8287226253530865,35492.89839969343,0.7317461096133074,-0.4379737643577592,0.08189406686148326,0.9994714394829787,2.0732892415865964,0.00015999999999999348,547.4918314855772,0.7264901398523479,0.2590184808720897
1,ds1_time1_56.h5,0.014106855697582374,0,7500.0,0.004,1.5690509425374095,-0.6159578565631608,23771.660635789114,0.4224618641845234,-0.4241536389700506,0.07570390345591173,0.999217650348426,2.041752926958109,0.00015999999999999348,520.8436275533844,0.7265389552560153,0.25820397575226056
1,ds1_time1_57.h5,0.014106855697582374,0,7500.0,0.005,1.5672178227206504,-0.5202451452954071,22017.99397344571,0.32658275705146794,-0.41830580166739917,0.07381797707150622,0.9990705448086309,2.02068426269737,0.00015999999999999348,514.263348876867,0.7265730021382149,0.25783074130882344
1,ds1_time1_58.h5,0.014106855697582374,0,7500.0,0.006,1.5651826446310708,-0.6895186221277378,31280.941126523234,0.19351321025051202,-0.4083227489885758,0.0720365815728683,0.9987357983681969,1.9618096379889927,0.00015999999999999348,509.2826423639329,0.7266388120374079,0.257207723455199
1,ds1_time1_59.h5,0.014106855697582374,0,7500.0,0.007,1.565442072936955,-0.8126644766990196,36395.821056056724,0.13673189784175319,-0.40405498659746913,0.07181990428835051,0.9985412966520105,1.9243253746038123,0.00015999999999999348,508.2915188523458,0.7266577792464991,0.2569611778175304
1,ds1_time1_60.h5,0.014106855697582374,0,7500.0,0.008,1.5694144620313895,-0.7306128402169181,40131.561678675775,0.02949122199634707,-0.39648748734176237,0.07140549556915292,0.9980809897299817,1.8402988747505922,0.00015999999999999348,507.2820176634214,0.726643008412411,0.25660495704194664
1,ds1_time1_61.h5,0.014106855697582374,0,7500.0,0.009,1.5732668740957136,-0.711674081753118,41218.40282183229,-0.02276229744841864,-0.3930077533271394,0.07118729478356077,0.9978081643654989,1.7945957716174392,0.00015999999999999348,507.2819129854701,0.7266033498572887,0.2564832554104809
1,ds1_time1_62.h5,0.014106855697582374,0,7500.0,0.009999999999999998,1.578220728022633,-0.7031729320976029,41256.88710252302,-0.07591885507063777,-0.3896376117102973,0.07106068894927396,0.9975039971436989,1.7355366451506211,0.00015999999999999348,507.50216046088934,0.7265446498541905,0.2563931395595652
1,ds1_time1_63.h5,0.014106855697582374,0,7500.0,0.011,1.590110288374739,-0.539935712862644,31722.548353369006,-0.18846142334060698,-0.38310918495708474,0.07235226321509393,0.9967938126532173,1.5794801413323254,0.00015999999999999348,508.5939024755066,0.7263790629140373,0.2563072368813149
1,ds1_time1_64.h5,0.014106855697582374,0,7500.0,0.012,1.5963442989151677,-0.46500133186231235,25916.199403248356,-0.24948023906398006,-0.3799468349937845,0.0741682549502637,0.9963889589200648,1.485160085799992,0.00015999999999999348,510.11557575822,0.7262830941534437,0.2563156952608497
1,ds1_time1_65.h5,0.014106855697582374,0,7500.0,0.013,1.6084576654575287,-0.6065171569209182,27873.044701170096,-0.42111338032626117,-0.37396820213736814,0.08031342591082255,0.995508606197183,1.3745060931530455,0.00015999999999999348,520.9755874382054,0.7260934077270902,0.25651265922663213
1,ds1_time1_66.h5,0.014106855697582374,0,7500.0,0.013999999999999999,1.6140606873849546,-0.7105926777952587,33980.565244240526,-0.5416578252877036,-0.37127854836198065,0.08447874594306495,0.9950315617834865,1.3335548725125632,0.00015999999999999348,531.716373177292,0.7260083177504338,0.25675185383227966
1,ds1_time1_67.h5,0.014106855697582374,1,7500.0,0.015,1.7749371203037796,-1.033064454848634,51409.13116342169,-0.538836685510014,-0.3640666785657307,0.15714158822311414,0.9939426811459395,1.3339214567194857,0.001839999999999925,587.257715296818,0.732907330496088,0.25919501269488304
1,ds1_time1_68.h5,0.005321338763032498,0,8000.0,0.001,1.6976532987931428,-0.038712614933916756,8398.161555662227,2.4985180759370054,-0.49137912124091165,0.121302940913487,0.9999950465090819,2.12466600665781,0.00016304347826087695,754.7602034014814,0.8132496157486372,0.27095648914192744
1,ds1_time1_69.h5,0.005321338763032498,0,8000.0,0.002,1.5922794805287774,-0.8923099119874898,36761.647830322225,0.767853095303122,-0.4655673455073881,0.11805403005691019,0.9999898281562585,2.277722015885911,0.00016304347826087695,598.643239303961,0.8125224367173793,0.2692634821410111
1,ds1_time1_70.h5,0.005321338763032498,0,8000.0,0.003,1.599858090640499,-0.8111363193007041,37865.90979159351,0.5059909042893002,-0.4564722670162293,0.1160014705036317,0.999986391247031,2.3664280080710873,0.00016304347826087695,574.2820349045037,0.8121140365042991,0.26851256356387815
1,ds1_time1_71.h5,0.005321338763032498,0,8000.0,0.004,1.6212831775728649,-0.70386560441624,34175.400148904824,0.3261412506329672,-0.44845215490841245,0.11450809572374854,0.9999824062508952,2.4795837749916987,0.00016304347826087695,559.4518731365054,0.811629794337305,0.267883195102441
1,ds1_time1_72.h5,0.005321338763032498,0,8000.0,0.005,1.715063287637827,-0.7862867290830843,38879.481581566055,0.06676870077346157,-0.4344961363530719,0.11707266133872932,0.9999742257254577,2.7560457736931863,0.00016304347826087695,545.9215610288016,0.8100008603433313,0.2677753327080982
1,ds1_time1_73.h5,0.005321338763032498,1,8000.0,0.006,1.8848398930546093,-1.0704637824166536,89505.20622396469,-0.2401071059132952,-0.4229882718839548,0.1471647973639619,0.9999687141265915,2.9280928883349033,0.002038043478260962,551.3011515067982,0.8039579988255469,0.27764706636474656
1,ds1_time1_74.h5,0.005321338763032498,1,8000.0,0.007,2.2288216254594935,-1.3678115206029933,402767.7412600591,-0.6427772276532709,-0.3922909508978194,0.2886599061577798,0.9999545955765758,3.1124299027955225,0.003913043478261047,589.0975325849184,0.7831595089583988,0.3005538559276175
1,ds1_time1_75.h5,0.003154848369242181,0,8500.0,0.001,2.3035240529158227,-0.034769637356897976,13724.60605122169,2.6205153079416235,-0.46737077028880636,0.15366063730696777,0.9999998736695296,2.207131090024265,8.021390374331194e-05,814.3857285389585,0.8653934532411999,0.2578737006726907
1,ds1_time1_76.h5,0.003154848369242181,0,8500.0,0.002,1.830184384444129,-0.8827350026026524,46171.639956480445,0.8000135903026667,-0.4387051259356183,0.14882883510520736,0.9999996643577664,2.50469398513552,0.00016042780748662389,638.0345649917242,0.8614804200207781,0.2582399917353972
1,ds1_time1_77.h5,0.003154848369242181,0,8500.0,0.003,1.8859044903228004,-0.830960595814432,51781.87758267563,0.4630314575882827,-0.42791845029343417,0.14822021394196302,0.9999995327611907,2.711150951681431,0.00016042780748662389,611.4999697731259,0.8564933394772254,0.26252221855912933
1,ds1_time1_78.h5,0.003154848369242181,1,8500.0,0.004,2.414281581210291,-1.2859488648806807,218406.35701010277,-0.6659027858837059,-0.39232333449178763,0.27248829307721684,0.9988594526460984,3.011581991942404,0.0019251336898394866,629.1737921335366,0.7921836591383173,0.29845662253414884
1,ds1_time1_79.h5,0.003154848369242181,1,8500.0,0.005,2.411046881355605,-1.4804000189816098,1347617.8612218485,-0.8536363021142803,-0.3294114943580067,0.5607116601308034,0.9990341953479128,4.416846097037612,0.0019251336898394866,721.3802359303066,0.7558203966158845,0.2586830656462787
1,ds1_time1_80.h5,0.0022662204522670426,0,9000.0,0.001,2.4917658174760438,-0.050117264688122054,8314.25948168926,1.9768157281219736,-0.5162429214759148,0.18916943731206076,0.9999999847378034,2.170842215515819,0.0006349206349205438,816.9156292605508,0.923868148089066,0.2834540830549096
1,ds1_time1_81.h5,0.0022662204522670426,0,9000.0,0.002,2.0221061332376595,-0.932016847568116,25123.18441905295,0.9163186719007392,-0.5000647472847148,0.18881615392007847,0.9999999710921545,2.3434244983029706,0.00015873015873013596,702.1070450790629,0.9182116203265769,0.2858064675789528
1,ds1_time1_82.h5,0.0022662204522670426,1,9000.0,0.003,2.4932780444201046,-1.507838027989193,1332406.1665256033,-1.240057367419002,-0.377970457172298,0.7411421842220075,0.997757203830959,4.905386921099105,0.0018253968253965636,814.0673341743621,0.7429274135846125,0.26135408445631203
1,ds1_time1_83.h5,0.0022662204522670426,1,9000.0,0.004,2.3813898714370794,-1.4868161721422024,4256996.428211946,-0.7282830729894018,-0.3534689130897549,0.9904500278322647,0.9969308548765676,6.857821666453601,0.0018253968253965636,899.5860869201683,0.7390708998057495,0.257387979727646
1,ds1_time1_84.h5,0.001813142078071514,0,9500.0,0.001,3.1528271276195334,-0.043538448225230564,12204.709888114436,2.1440758627442245,-0.49242806602817896,0.23906647688665172,0.9999999966104929,2.211429919355572,7.894736842105343e-05,876.7499018452361,0.9924316615859287,0.2696111691480771
1,ds1_time1_85.h5,0.001813142078071514,1,9500.0,0.002,2.2866738224682193,-0.9209086465307433,56646.10880208331,0.9969727506288208,-0.47445838596154266,0.24374056702865865,0.9999999905776227,2.41379689109201,7.894736842105343e-05,745.697247395322,0.971967838483538,0.28344375096182867
1,ds1_time1_86.h5,0.001813142078071514,1,9500.0,0.003,2.579045945231398,-1.3610995747886305,592307.4525260135,-1.3886087324558334,-0.38219412528723523,0.6424738237772546,0.9980230723174538,4.452529902667054,0.006157894736842168,819.2642994782491,0.744878547875114,0.25306107139948036
1,ds1_time1_87.h5,0.001813142078071514,1,9500.0,0.004,2.296641617356169,-1.3851414771555228,6109915.821934694,-0.5445636098867682,-0.33121882180812046,1.1239405923804422,0.9972257964522582,7.701421028212779,0.014052631578947511,968.4695108549962,0.738102276392667,0.24308836130842204
1,ds1_time1_88.h5,0.0015542224672644915,0,10000.0,0.001,3.9088688268027307,-0.03854960382489603,14713.308046319753,2.283915119199134,-0.46499582128870026,0.33823059070527195,0.999999999240149,2.2172245604879532,7.894736842105343e-05,937.0462109847061,0.9319442569333789,0.25510835418571315
1,ds1_time1_89.h5,0.0015542224672644915,1,10000.0,0.002,2.7463559521131256,-0.9265166198593018,82969.87726744439,0.6169815997644966,-0.43777773458307356,0.3529169446629909,0.9999999803254814,2.4040515031948875,7.894736842105343e-05,796.2916982503986,0.8742260477848074,0.30562831796962214
1,ds1_time1_90.h5,0.0015542224672644915,1,10000.0,0.003,2.4222760881724175,-1.395846039298659,1062937.014003526,-1.0802879577399536,-0.33412389475375903,0.8338578840818879,0.9974161539143006,5.454625620311616,0.011921052631579068,902.1865001534806,0.743951516560308,0.23314110026356188
1,ds1_time1_91.h5,0.001396960044729048,0,10500.0,0.001,3.231494707109593,-0.055043877076410785,13665.881896233628,1.5887976114786708,-0.521795032552648,0.4636827545596483,0.9999999997593885,2.1817923266760824,0.0005555555555555487,926.8668892474137,0.8579283192579847,0.28740460727280076
1,ds1_time1_92.h5,0.001396960044729048,1,10500.0,0.002,2.5192916873520477,-1.189912473754359,285466.7825988096,-1.2021398425602223,-0.43473937420116926,0.7748205811302438,0.9978015745397808,4.207896765371886,0.004126984126984076,889.5904178454737,0.7542060492184685,0.25783492703140576
1,ds1_time1_93.h5,0.001396960044729048,1,10500.0,0.003,2.236551828349625,-1.50831515088311,2217671.2852514917,-0.6747437510721392,-0.38226565313111227,1.1610475170684595,0.9963698476336632,6.923552379433385,0.004126984126984076,998.4840617736173,0.7475987131867509,0.24968112175076676
1,ds1_time1_94.h5,0.0012991744510970804,0,11000.0,0.001,3.8247766671745276,-0.04651236172365003,15058.899021464435,1.7749432708567083,-0.49430616508064407,0.6664697848269833,0.999999999848261,2.2261508298996926,8.021390374331541e-05,987.025066745032,0.7809180896739873,0.2741236658063385
1,ds1_time1_95.h5,0.0012991744510970804,1,11000.0,0.002,2.3796426728403635,-1.1900253396137268,390503.0612630403,-0.9012421811475171,-0.3996036109905531,0.9549826927767515,0.9976410244756715,4.5007276358829085,0.004010695187165771,938.0950570599821,0.7663397380782435,0.24114173324229404
1,ds1_time1_96.h5,0.0012991744510970804,1,11000.0,0.003,2.0207643602333447,-1.3792078887397046,2318255.943503756,-0.2703883605400281,-0.3641695305961009,1.1822904509809626,0.9971396388723522,5.85627670551278,0.004010695187165771,1022.8250463339077,0.7629050683472078,0.23360125020640116
1,ds1_time1_97.h5,0.001239244016761887,0,11500.0,0.001,4.416990475833651,-0.04097987704229711,14921.480184670654,1.932607997077545,-0.461798184888167,0.8922048193928885,0.9999999999507846,2.29202919366732,8.1521739130435e-05,1049.3396009388528,0.7018774039196358,0.25982278139892506
1,ds1_time1_98.h5,0.001239244016761887,1,11500.0,0.002,2.4105371554016055,-1.2109996051251646,435642.2606919548,-0.7518468710638153,-0.3636894786785113,1.9285753372471133,0.9966070980624383,4.657121795489155,0.007907608695652196,975.6718781322444,0.7880615383636385,0.22814367938720337
1,ds1_time1_99.h5,0.001239244016761887,1,11500.0,0.003,2.255727316280223,-1.2371344886297653,1159775.3804361625,-0.5076663946095907,-0.3321688974402314,2.891650125115891,0.9977198140693561,5.835477608166194,0.0,1048.476357137895,0.7851519008565545,0.20260061452576536
1,ds1_time1_100.h5,0.001205076880252254,0,12000.0,0.001,4.695323175687619,-0.04096592286974299,14916.851135732786,1.932862930716619,-0.461796842590017,0.8923325220141292,0.9999999999637161,2.283356235523667,7.812499999999833e-05,1094.966423415868,0.706229728146772,0.26257721312466
1,ds1_time1_101.h5,0.001205076880252254,1,12000.0,0.002,2.448186007747245,-1.2676429916075926,427935.22190708795,-0.6911378545923353,-0.3627530739466843,1.9423561082424283,0.9976976680432574,4.8307445612107225,0.0038281249999999184,1006.8048183526064,0.7475846878876463,0.22740387233445364
1,ds1_time1_102.h5,0.001205076880252254,1,12000.0,0.003,2.299441098998515,-1.2802122555800248,2045436.0646567757,-0.7194560769608717,-0.3246548167676493,2.443978106902989,0.9973331583901882,6.626605623320383,0.0038281249999999184,1044.317498488582,0.7417667017957648,0.21421923387874114
2,ds2_time2_1.h5,0.0014729720492096467,0,2000.0,0.001,1.889092692950945,-0.9124043212812054,14538.410117337491,3.676392737647677,0.5464071234850489,0.323491857403702,0.9999982863268296,2.3144300691333575,0.00015957446808512188,203.76888568279216,0.7939792469252357,0.20191940932524108
2,ds2_time2_2.h5,0.0014729720492096467,1,2000.0,0.002,1.8122521840561006,-1.9143368755573913,178150.21985819237,0.19919725761916982,0.5515380582926411,0.21673514751071832,0.9996698627287125,5.019853672766403,0.007898936170213533,362.7019047680728,0.7380490159068034,0.1961595411126533
2,ds2_time2_3.h5,0.0014729720492096467,1,2000.0,0.003,1.804257462829865,-1.922619608511815,3109055.643483377,0.49107347563969467,0.5612124506164489,0.330964253300247,0.9990951892389179,7.483522431079656,0.007898936170213533,494.06156203436694,0.7443359162055129,0.1879807419226974
2,ds2_time2_4.h5,0.0048626573417646785,0,2500.0,0.001,1.6976374548908992,-0.9196217585636614,26628.729293317352,3.6660608133881705,0.5310646085566249,0.39108089598199186,0.999854418916019,2.234586849688603,0.00015999999999999348,254.30211999631112,0.73328057526153,0.1870117260173893
2,ds2_time2_5.h5,0.0048626573417646785,0,2500.0,0.002,1.6297227364367528,-0.7912334003701204,16412.216757030954,1.9916620244976608,0.5506147650568515,0.1602951192112794,0.9997990269206471,2.3015345758177315,0.00031999999999998696,209.8071340057289,0.7283948147276826,0.1935569255397986
2,ds2_time2_6.h5,0.0048626573417646785,0,2500.0,0.003,1.5540878333932688,-0.6754803515189255,17727.004684616975,1.3968951648380796,0.5652237105045566,0.08956338995895628,0.9997657105274773,2.33742500035524,0.0003999999999999837,193.80480035419015,0.7250546024200569,0.20657004155621755
2,ds2_time2_7.h5,0.0048626573417646785,0,2500.0,0.004,1.567722304358334,-0.5617875705173878,17920.120576385292,1.015950465413283,0.5790589031951987,0.0812698019572803,0.9997055133835663,2.31937126137834,0.00047999999999998044,184.1533837408265,0.7208667329013346,0.23308267525567491
2,ds2_time2_8.h5,0.0048626573417646785,1,2500.0,0.005,2.447985511850996,-0.7765755220428051,23712.675689388558,0.40458257907077944,0.5955244491648833,0.21104175889929727,0.9993432269722115,2.325751582510522,0.005519999999999775,181.21976749371547,0.7731618288363854,0.28229093710413394
2,ds2_time2_9.h5,0.0048626573417646785,1,2500.0,0.006,2.168973518095629,-2.2891631046438308,313376.3037075927,-0.16883986889565955,0.6097525907332453,0.3645997037862661,0.9999401450088805,3.1088847972373927,0.005519999999999775,276.4548232055216,0.8808188135428183,0.2719331891204075
2,ds2_time2_10.h5,0.0012273607275826697,0,3000.0,0.001,2.4122445039483935,-0.9063036911774798,39429.19565065642,3.220385938854522,0.5412152475547269,0.398924766862153,0.9999999825880451,2.3247319655680987,0.00016129032258064516,293.3686081310438,0.8752026165267898,0.268029891641305
2,ds2_time2_11.h5,0.0012273607275826697,1,3000.0,0.002,1.7846150171328365,-1.6817674288195015,346005.38357919,0.09855508782492316,0.5471004733807905,0.3970794366535072,0.9995241783784212,4.923249949143438,0.009758064516129032,443.1294522658244,0.7730467860714406,0.20021530658924108
2,ds2_time2_12.h5,0.0012273607275826697,1,3000.0,0.003,1.694325188200164,-1.569153727114197,2570113.5877975402,-0.6045985440586561,0.566225814799897,0.42501509791628084,0.9988393687634028,6.230670589087405,0.009758064516129032,508.4855022044968,0.7796481635269095,0.19820685610277783
2,ds2_time2_13.h5,0.0037118327626069515,0,3500.0,0.001,1.789568546419433,-0.9237703431860879,53726.2063069622,3.565437919760656,0.5262348430134813,0.4264923263800967,0.9999958542317299,2.248039272998266,7.936507936507926e-05,355.95398556521326,0.7055362700099995,0.19669067689113642
2,ds2_time2_14.h5,0.0037118327626069515,0,3500.0,0.002,1.9637167646247824,-0.832818501268492,37199.70884006478,2.1266474270466422,0.5430404928369394,0.27072728697085974,0.9999918419671876,2.3064270061802827,0.0002380952380952378,299.8189546856058,0.6871681141553714,0.20281480084472847
2,ds2_time2_15.h5,0.0037118327626069515,0,3500.0,0.003,1.7898308299195984,-0.739765036623758,32196.115434094783,1.4542396710668373,0.5585725393356148,0.1430616236939574,0.9999861697059248,2.3544143659352716,0.0002380952380952378,274.026390090334,0.6687505832086243,0.21326586063805852
2,ds2_time2_16.h5,0.0037118327626069515,1,3500.0,0.004,2.196398436819358,-1.5109445515402329,100286.78068651768,0.10848443356950203,0.580100034495877,0.3113354352028966,0.9999569670122568,2.815893080766011,0.003888888888888884,288.7347259686536,0.7763885266483329,0.27866413789506883
2,ds2_time2_17.h5,0.0037118327626069515,1,3500.0,0.005,2.12270502176081,-2.1175475658588176,866543.7621818401,-0.05297747370953326,0.5908151322612072,0.5126630520174221,0.9998008294706171,3.9252630617712114,0.016746031746031724,424.7003009190285,0.8385956372192409,0.2648225331665944
2,ds2_time2_18.h5,0.002625473693003529,0,4000.0,0.001,2.557336177047969,-0.9124086144650952,68934.93818235237,3.2443029357273074,0.5387430761101188,0.37385992207711977,0.9999964085744641,2.2760845382395747,7.978723404256094e-05,395.9492773485124,0.7987826291158069,0.20183989158871407
2,ds2_time2_19.h5,0.002625473693003529,0,4000.0,0.002,1.8285181597658275,-0.8441273940427362,59113.26764419801,2.203121829992397,0.5517255401783944,0.2775884488273324,0.9999939481982003,2.351235398085216,0.00015957446808512188,348.01985578451104,0.7920955154793976,0.20883118767486603
2,ds2_time2_20.h5,0.002625473693003529,1,4000.0,0.003,2.3664524196672128,-1.0282251643645592,65398.21810769015,0.8857862914502208,0.5702874556766974,0.2209635784071364,0.9997643754840774,2.8616560137336227,0.003989361702128047,329.7490725547379,0.7415246577098803,0.29350718128021847
2,ds2_time2_21.h5,0.002625473693003529,1,4000.0,0.004,1.7613642833334715,-1.8945240204326805,1903860.869716249,0.4762288468195428,0.5660103445257954,0.43317920520314407,0.9988847757706083,5.675542494092276,0.003989361702128047,510.850239866929,0.7301503987503817,0.192095958692848
2,ds2_time2_22.h5,0.0012660557382003588,0,4500.0,0.001,7.405182009911059,-0.9479181714887801,62203.99691092385,3.9421927832437085,0.5175537442740246,0.3228450974415145,0.9999999834499499,2.2567798309667397,7.936507936506798e-05,482.3320961693647,0.8570518451603629,0.28641390794109106
2,ds2_time2_23.h5,0.0012660557382003588,1,4500.0,0.002,1.796058285022873,-1.4302741538995087,761622.3567294921,0.40689828653200333,0.5254623333834999,0.5912790955964133,0.9986774749763937,5.8192622703763695,0.009920634920633498,569.023832678069,0.7423012098146877,0.20015161749339652
2,ds2_time2_24.h5,0.0012660557382003588,1,4500.0,0.003,1.7325908412754976,-1.652027183025566,3266345.1038336153,0.12181581361463141,0.5400351076341751,0.6781930430345691,0.9982200661332458,6.666158061492546,0.00984126984126843,621.9456193845859,0.7481484251331042,0.19308185367157019
2,ds2_time2_25.h5,0.0012467600519764047,0,5000.0,0.001,5.557462662703942,-0.941868538453096,73843.56459272612,3.6956475277839673,0.532259882026884,0.259613983785504,0.9999999992137637,2.2944253454750863,7.894736842106731e-05,527.0790110064241,0.7624525467197758,0.2774685861061364
2,ds2_time2_26.h5,0.0012467600519764047,1,5000.0,0.002,1.995712539762754,-1.2643241073162346,301496.08022043086,0.7875473469064362,0.545292943060209,0.5218582197733236,0.9985887534996272,4.204877765529589,0.005842105263158981,531.6305933024515,0.7497435451381615,0.21295399920502953
2,ds2_time2_27.h5,0.0012467600519764047,1,5000.0,0.003,1.7524224616532114,-1.5327312282405638,2198099.4229711546,-0.30691542420392287,0.5640657585998956,0.616953620341605,0.9988952213690127,5.462573546536581,0.005842105263158981,598.6244974951406,0.7567820755061634,0.1923819462504852
2,ds2_time2_28.h5,0.001735911615127306,0,5500.0,0.001,2.885586797996228,-0.9339417579919458,98090.49634527926,3.434427700259811,0.5502888455452919,0.2009810820643487,0.9999999981645343,2.347032090284978,8.021390374331194e-05,569.1923433281764,0.6727515003505201,0.2658318328209366
2,ds2_time2_29.h5,0.001735911615127306,1,5500.0,0.002,2.3616580139390577,-0.9348025834924829,167858.9678693217,1.5774600628171893,0.5701650851287768,0.22365304915354603,0.9998175698056514,2.967438038414597,8.021390374331194e-05,485.19200432906075,0.7472519527056999,0.2634387246370416
2,ds2_time2_30.h5,0.001735911615127306,1,5500.0,0.003,1.9650499415639262,-1.647225303837677,1339884.6368877352,0.18256937887137875,0.5832106715984323,0.7504105655022058,0.9986040204845572,5.127881824629165,0.013475935828876406,592.2427036012278,0.7900136505801908,0.22187293684016823
2,ds2_time2_31.h5,0.0029457126545122288,0,6000.0,0.001,1.602497241118639,-0.9261383282091422,116651.15518762913,3.2227050918308766,0.5524259053634664,0.16833096375625797,0.9999999913591906,2.3705877836515024,8.064516129031862e-05,608.2648319499688,0.6302790617143803,0.2634038640111743
2,ds2_time2_32.h5,0.0029457126545122288,0,6000.0,0.002,1.8570438719529145,-0.7998831506962877,167606.34596167633,1.8666093443167289,0.5728021365834775,0.13336168708666976,0.9999999857451632,2.4147526533396264,0.00016129032258063725,504.8279865109643,0.6149085391106563,0.2631796804135821
2,ds2_time2_33.h5,0.0029457126545122288,1,6000.0,0.003,1.9442834807735068,-0.7465357190299491,143836.19606947844,1.5026359504486848,0.5819475524779636,0.1134847076357383,0.9999999807275837,2.468046411371837,0.00016129032258063725,478.98193380269964,0.6066449448469331,0.2630873242750089
2,ds2_time2_34.h5,0.0029457126545122288,1,6000.0,0.004,2.22867414080999,-1.4529752181499442,531256.2292829144,0.125583325690587,0.6013860825638996,0.3395348042551977,0.9996861037413677,3.5183015325410505,8.064516129031862e-05,512.3224960455274,0.7799475488386886,0.2562243719995409
2,ds2_time2_35.h5,0.0029457126545122288,1,6000.0,0.005,2.0509171664257724,-1.6874439603609266,3010398.9249395346,0.03737312431300258,0.6044017357095617,0.7065146517046209,0.9991968897157617,4.947110251720518,0.00758064516128995,605.4198625403162,0.8199107338283286,0.22767235113083156
2,ds2_time2_36.h5,0.005340597669805985,0,6500.0,0.001,1.6690976942385243,-0.9193724863632302,133219.4093143307,3.0699310565864115,0.5335272822652715,0.1527633645790019,0.9999999225066427,2.3139057339838165,7.957559681698312e-05,644.3187492413861,0.6270930807978391,0.271829918612585
2,ds2_time2_37.h5,0.005340597669805985,0,6500.0,0.002,1.8098680570169134,-0.8437619575019868,188948.19335836117,2.255894833265108,0.5450044570356075,0.13950445464233752,0.9999999008196481,2.3372017914602212,7.957559681698312e-05,576.8223878207185,0.6242527577772757,0.27171535136665154
2,ds2_time2_38.h5,0.005340597669805985,0,6500.0,0.003,1.734512314731744,-0.7160431901251014,159632.48636242817,1.4042479441883353,0.565167732948167,0.10636927335693246,0.9999998410749107,2.398202029639403,0.00015915119363396624,509.72118362820925,0.6181021501525326,0.2715490879437578
2,ds2_time2_39.h5,0.005340597669805985,0,6500.0,0.004,1.606495667752325,-0.5900872229717538,107512.19589370671,0.9314994471065697,0.5834026865433974,0.07575958091051674,0.9999997642766055,2.3902921495379834,0.00015915119363396624,476.7008163760949,0.6119132197435105,0.2714298056776824
2,ds2_time2_40.h5,0.005340597669805985,0,6500.0,0.005,1.5728862807925723,-0.5251012838959346,101506.15893068118,0.7603642246000079,0.59191946346157,0.0643263400966336,0.9999997223520121,2.395681491468031,0.00015915119363396624,466.4234056433175,0.6096280957897716,0.27138700976024827
2,ds2_time2_41.h5,0.005340597669805985,1,6500.0,0.006,2.1568164694325214,-1.057224575415625,322522.443495227,0.10383516625409608,0.6088532230093289,0.1363724267133352,0.999999637437881,2.7037167738928374,0.007161803713528481,477.11115991643095,0.6586247480090696,0.27147030260057176
2,ds2_time2_42.h5,0.005340597669805985,1,6500.0,0.007,2.2419234604414404,-1.8801517687013218,2027092.3924777554,-0.0860496131601629,0.615786892890451,0.4613190348537077,0.9997383164878869,3.5337770300609015,0.007161803713528481,565.4246148001996,0.7768593845040525,0.26375216778930116
2,ds2_time2_43.h5,0.009137602356765327,0,7000.0,0.001,1.7070093345920698,-0.910904504262992,151045.2145948296,2.90919913696827,0.5115618508211135,0.14843965997281205,0.9999954237679786,2.2301090914350956,7.936507936506798e-05,677.4968338508116,0.6637034046111315,0.2822885798790541
2,ds2_time2_44.h5,0.009137602356765327,0,7000.0,0.002,1.673735374350086,-0.8257813521059658,212118.65150746488,2.121291699177651,0.5239195345825516,0.13695231572838157,0.9999941398947992,2.245103180189286,7.936507936506798e-05,607.6848895805443,0.6630461186198678,0.2821223162964196
2,ds2_time2_45.h5,0.009137602356765327,0,7000.0,0.003,1.5936804696721274,-0.6763972819543818,174903.26535507146,1.2993160339751626,0.5455603806236935,0.10772196720939203,0.9999908946273812,2.2612219282263535,0.00015873015873013596,539.1590411033901,0.661619326253114,0.28185519730155323
2,ds2_time2_46.h5,0.009137602356765327,0,7000.0,0.004,1.566261122571787,-0.6012912817969424,138754.51699465007,1.045357527191334,0.5555251649457759,0.09343848898978242,0.9999889916662646,2.2516547188636697,0.00015873015873013596,520.0918590721503,0.6608408407877779,0.28174683057937044
2,ds2_time2_47.h5,0.009137602356765327,0,7000.0,0.005,1.5353748730004149,-0.5534877924862541,121036.1564299785,0.6821117612388016,0.5740577259876809,0.07078327860183835,0.9999847851658551,2.1842105722240603,0.00015873015873013596,496.8035096213844,0.6596030688864353,0.2815745084623986
2,ds2_time2_48.h5,0.009137602356765327,0,7000.0,0.006,1.5290141310483862,-0.5053793643750907,136460.2416846963,0.546166965563139,0.5826202250275178,0.0629428684620818,0.9999825045204033,2.1317590482992084,0.00015873015873013596,490.0611874348644,0.6591612204699161,0.281509761511144
2,ds2_time2_49.h5,0.009137602356765327,0,7000.0,0.007,1.5213465823744783,-0.5670629182023058,152238.91177324523,0.2936614364069084,0.5983635457251574,0.05319898529664993,0.9999773651632515,2.0330492062214223,0.00015873015873013596,481.6349771910451,0.6585850519522067,0.2814118411583781
2,ds2_time2_50.h5,0.009137602356765327,0,7000.0,0.008,1.5189315884781363,-0.5699434670407065,149614.20965548357,0.05542312079205418,0.6128429556371178,0.05013404243264371,0.9999709054975419,1.960355930897704,0.0008730158730157478,478.3400865939762,0.6584415396190623,0.2813354884662981
2,ds2_time2_51.h5,0.009137602356765327,0,7000.0,0.009,1.5743765872361037,-0.7760795420783951,208806.7894203268,-0.128510192134975,0.6197463663953644,0.06725291937197662,0.9999669494772153,2.0210594859819655,0.0019047619047616313,483.3464734469642,0.6612531373490897,0.28145015534925055
2,ds2_time2_52.h5,0.009137602356765327,1,7000.0,0.009999999999999998,2.0916165818063566,-1.645266967021663,990783.4973908893,-0.26586079378873606,0.6285730095046602,0.23630893101969208,0.999956347095786,2.3545386101290395,0.0019047619047616313,541.8047860729624,0.7006994825123977,0.28021497378453175
2,ds2_time2_53.h5,0.014106855697582351,0,7500.0,0.001,1.4967799070818992,-0.0038242758457126547,61801.17060585728,4.407778578454218,0.5412245711394885,0.16860843253078284,0.9997486358232933,2.298111915212692,0.0,926.6280108033549,0.7273734698764338,0.2609060507537434
2,ds2_time2_54.h5,0.014106855697582351,0,7500.0,0.002,1.5355207277401757,-0.80866204691543,254961.9351000922,1.9914495638566228,0.5716048679682306,0.1497769670512393,0.9996812558769816,2.295152642737824,7.999999999999674e-05,647.8977715893639,0.7270698940243976,0.2607106156846892
2,ds2_time2_55.h5,0.014106855697582351,0,7500.0,0.003,1.541484402293947,-0.725953666498693,251485.5334846836,1.5172961449449425,0.5833897153565367,0.13594920482657266,0.999646849385322,2.288747875551074,7.999999999999674e-05,602.6553347933487,0.7269209626108253,0.2606191313774888
2,ds2_time2_56.h5,0.014106855697582351,0,7500.0,0.004,1.5469645625124029,-0.5664216288693166,164304.8770662194,0.934360056074104,0.6047340845423634,0.1074439620164509,0.9995777769937861,2.246998279271385,0.00015999999999999348,552.9988207337523,0.7266340935053146,0.2604490083478619
2,ds2_time2_57.h5,0.014106855697582351,0,7500.0,0.005,1.5482278390441837,-0.4916189718486793,141798.44926292473,0.7367137301971353,0.6144909444858785,0.09549626223535768,0.999543318852251,2.2120344987696097,0.00015999999999999348,538.7415252639233,0.7265237917259368,0.26037313287745734
2,ds2_time2_58.h5,0.014106855697582351,0,7500.0,0.006,1.5501391096392103,-0.4859568074642595,163954.80130083623,0.4416066674343732,0.6321813303840351,0.07894346145664989,0.9994751515155256,2.1157420740123634,0.00015999999999999348,522.3797964527411,0.7264075082980074,0.2602554433426697
2,ds2_time2_59.h5,0.014106855697582351,0,7500.0,0.007,1.5509840824721934,-0.5272625028080121,178742.44371157524,0.31118009256737955,0.6400859176666563,0.07421530384735466,0.9994416643469219,2.0554650283200138,0.00015999999999999348,517.9611465176132,0.7263987966222348,0.2602221334072811
2,ds2_time2_60.h5,0.014106855697582351,0,7500.0,0.008,1.553464583205364,-0.5412347755188652,188615.8522874521,0.057997487321338685,0.6544781623247514,0.07000329071780886,0.9993722789468414,1.913976161921289,0.00015999999999999348,513.9440392497169,0.7264581262918678,0.2602304405360459
2,ds2_time2_61.h5,0.014106855697582351,0,7500.0,0.009,1.5553634078462875,-0.5618209216476892,191709.52563391195,-0.06677243427751126,0.6611788983925224,0.07040607892457842,0.9993363521544794,1.8343198511741614,0.00015999999999999348,514.034402988594,0.7265208983689934,0.26026974696190947
2,ds2_time2_62.h5,0.014106855697582351,0,7500.0,0.009999999999999998,1.557718577747508,-0.5958561802849685,193817.6109308864,-0.19210468783885573,0.66763725467092,0.0723882858603779,0.9992996379916391,1.7498451359696512,0.00015999999999999348,515.4949145245289,0.7266029631276235,0.26033270880510656
2,ds2_time2_63.h5,0.014106855697582351,0,7500.0,0.011,1.5632727798323256,-0.574190666187717,170295.2640879854,-0.4501044446857498,0.6799070892085518,0.0819263401610033,0.9992198854383406,1.570009074594967,0.00015999999999999348,523.0121047290891,0.7268207956999174,0.2605141628466945
2,ds2_time2_64.h5,0.014106855697582351,0,7500.0,0.012,1.5660019192938115,-0.586238118934623,152091.91019214632,-0.5856887294604545,0.6857124302422626,0.09001556044681697,0.9991739214446628,1.5254154696326594,0.00015999999999999348,529.7503740285546,0.7269559178367484,0.2606326194281794
2,ds2_time2_65.h5,0.014106855697582351,0,7500.0,0.013,1.5709701304956398,-0.6271532360370125,177557.1505215922,-0.9443937664336789,0.6965126021873741,0.1136142498339316,0.999052587074301,1.5011526935285708,0.00015999999999999348,554.7252778893287,0.7272998118751616,0.2608992171852887
2,ds2_time2_66.h5,0.014106855697582351,0,7500.0,0.013999999999999999,1.5719445746304452,-0.6949613439595206,222882.61694021957,-1.1787996162630296,0.7012883262008968,0.12960921028478878,0.9989599047005046,1.495678836171648,0.001839999999999925,575.8832244796414,0.7275751936437921,0.2610573688153537
2,ds2_time2_67.h5,0.014106855697582351,1,7500.0,0.015,1.7290156100930514,-0.8749054463068014,319911.258718207,-0.9406974177629445,0.7074247031621573,0.20457330478022573,0.9985591951867816,1.4888326450375717,0.001839999999999925,638.524109795042,0.737801004281273,0.26168813523535966
2,ds2_time2_68.h5,0.005321338763032501,0,8000.0,0.001,2.2639609760782675,-0.003901828814074415,71091.76307279698,4.175382808238462,0.5164824036394493,0.19571099273221804,0.9999961820141315,2.2661478296727666,0.0,958.9127716482884,0.8148023867525228,0.2725386713070326
2,ds2_time2_69.h5,0.005321338763032501,0,8000.0,0.002,1.6896596324459277,-0.7817756653385626,292204.38884057425,1.848342523776554,0.5500218088580271,0.17766370495945238,0.9999943301965599,2.323651482397473,8.152173913043848e-05,674.0791625651036,0.8144604685791293,0.27346466017825893
2,ds2_time2_70.h5,0.005321338763032501,0,8000.0,0.003,1.6325816012432617,-0.6833201213611539,286444.52640025516,1.393739746710365,0.5630149641206709,0.1644636520782852,0.9999932899198004,2.3526447965564175,8.152173913043848e-05,628.6981136849939,0.8142845237826851,0.27394487895904157
2,ds2_time2_71.h5,0.005321338763032501,0,8000.0,0.004,1.5970607789820757,-0.5856062284755293,236347.83956282816,1.0756962523274989,0.575099506932557,0.15086612850804418,0.9999921486115658,2.3902195428241213,0.00016304347826087695,599.9157994161604,0.8140461711660885,0.2744092344003612
2,ds2_time2_72.h5,0.005321338763032501,0,8000.0,0.005,1.5608086553820824,-0.519648352758869,179049.23819743702,0.6445826150185104,0.597064090503909,0.12802039017769595,0.9999890524281061,2.514028437080809,0.00016304347826087695,567.3256601672023,0.8133377836083251,0.27519957936053896
2,ds2_time2_73.h5,0.005321338763032501,1,8000.0,0.006,1.7014919417911336,-0.6195941080822229,275810.19977994566,0.37303115442989904,0.6068605059049391,0.14515942571307933,0.9999846619157926,2.5995106383458735,0.002038043478260962,563.450097058617,0.8083565342274056,0.27364024881295984
2,ds2_time2_74.h5,0.005321338763032501,1,8000.0,0.007,2.3561399385443087,-1.3742667484887323,1326082.2414429823,-0.003075650925150986,0.6097203005015552,0.31878334745909837,0.9985638546094707,3.2727968456137306,0.003913043478261047,595.3653256986901,0.774731269397035,0.24073736215773872
2,ds2_time2_75.h5,0.003154848369242182,0,8500.0,0.001,4.243784848662152,-0.004979955066858555,51860.400399586186,4.06507131225672,0.5431848989249296,0.220532401404701,0.9999999028686143,2.3908646694322755,0.0,1021.0649884184303,0.8706071736178739,0.2596109178067035
2,ds2_time2_76.h5,0.003154848369242182,0,8500.0,0.002,2.054046884573321,-0.7703856139708787,340142.95887105074,1.774485882871195,0.577528186756179,0.20535025506909296,0.9999998589154971,2.5080661651042337,8.021390374331194e-05,714.0930312432306,0.8695833597827819,0.26077086220442597
2,ds2_time2_77.h5,0.003154848369242182,0,8500.0,0.003,1.8538407184360637,-0.6682144885387188,319871.44529034,1.3234823657405308,0.590782146168013,0.19214945804294686,0.9999998304630107,2.5214589011292943,8.021390374331194e-05,665.4154146611844,0.8687790825864699,0.2613060128770131
2,ds2_time2_78.h5,0.003154848369242182,1,8500.0,0.004,2.7425579568362366,-0.8890205424962649,539574.1594202919,0.5966661481866248,0.6023241085801888,0.27656439608717087,0.9987265312867795,3.5804362291291696,0.0019251336898394866,652.83372855842,0.7967247779894406,0.2335265656132356
2,ds2_time2_79.h5,0.003154848369242182,1,8500.0,0.005,2.3107323645203217,-1.4923060067551839,3835738.2816758575,0.3939727615684204,0.5987543027268457,0.6289512235450232,0.996618649050864,5.197995844932975,0.0019251336898394866,718.4989806669453,0.7479655592951684,0.19167319325218948
2,ds2_time2_80.h5,0.002266220452267042,0,9000.0,0.001,5.857559216190554,-0.003607574059655283,81849.65574214014,3.925981647397139,0.4864183957410077,0.26289700088371754,0.9999999892535694,2.250171697526849,0.0,1043.3694124013314,0.9341726236658128,0.2859950683904517
2,ds2_time2_81.h5,0.002266220452267042,0,9000.0,0.002,2.9642230273157866,-0.8724561440819731,239924.74116145738,2.400278364349178,0.5073513212285281,0.25559131107905547,0.9999999868639031,2.3341074537893913,7.936507936506798e-05,820.7860643168491,0.9337854977637889,0.28703277298866103
2,ds2_time2_82.h5,0.002266220452267042,1,9000.0,0.003,2.3340020074734467,-1.3424084145639563,3191627.217240256,0.6421593646396976,0.5253947698402786,0.7205165413350451,0.9962374038356037,5.523194957633216,0.0018253968253965636,799.3481196074999,0.7387470236434919,0.20081084743281663
2,ds2_time2_83.h5,0.002266220452267042,1,9000.0,0.004,2.1598755200957003,-1.588017688535051,9439399.816287102,0.5406434868013015,0.536317353241449,0.8554248510202923,0.9951997594612225,6.6501243781289645,0.0018253968253965636,843.8093084058996,0.7388273796987669,0.19921167039857376
2,ds2_time2_84.h5,0.0018131420780715126,0,9500.0,0.001,7.440501372512321,-0.00492677012239473,63763.69646986039,3.8123753080368714,0.5147604417476768,0.368946747766714,0.9999999976808941,2.3516799778132356,0.0,1102.4765267077066,0.9934208814257149,0.27201054149415616
2,ds2_time2_85.h5,0.0018131420780715126,1,9500.0,0.002,3.4550768764988895,-0.8651169207098874,192975.3272733478,2.314746822991404,0.5364050554514888,0.3226186438671558,0.9999999974000977,2.441310089998014,7.894736842105343e-05,863.8290308088771,0.9934964973235246,0.2731504729651089
2,ds2_time2_86.h5,0.0018131420780715126,1,9500.0,0.003,2.6268785873528984,-1.1099345040341224,2007596.1413585963,0.8681842333673072,0.5417101540738368,0.6525713095308088,0.9968695950204716,5.346072682587728,0.007973684210526397,840.0472234728229,0.7400070150303621,0.1947837374526901
2,ds2_time2_87.h5,0.0018131420780715126,1,9500.0,0.004,2.0948285780427534,-1.562848507022696,13933650.076359458,0.30158913541238297,0.565261981256474,0.9509102445424166,0.9948470459121622,7.353505944016918,0.0,897.0826698225393,0.7385579757659305,0.18946796928833712
2,ds2_time2_88.h5,0.0015542224672644913,0,10000.0,0.001,8.528142165071795,-0.006632507270608268,105480.58238311787,3.6929096915816606,0.545732331769067,0.4089023239986764,0.999999999500367,2.442623044698851,0.0,1160.819302371145,0.9176990661732289,0.25677926874643836
2,ds2_time2_89.h5,0.0015542224672644913,1,10000.0,0.002,3.8313324458175746,-0.8574871781529041,308369.5300600955,2.212948943628798,0.5682229039791787,0.4051294735769189,0.9999999986437476,2.5675990922674328,7.894736842105343e-05,907.1126009633803,0.9389902792791492,0.2585961397616766
2,ds2_time2_90.h5,0.0015542224672644913,1,10000.0,0.003,2.355652098502667,-1.184666374117509,3022998.1188359666,0.7130624136363473,0.5723380847443964,0.8714514936647738,0.9954555652495845,6.26618737844571,0.011921052631579068,905.2752272508103,0.7412109437962875,0.18527763978145878
2,ds2_time2_91.h5,0.0013969600447290478,0,10500.0,0.001,8.643169806786114,-0.004144497214571663,69452.69703479801,3.539578619730733,0.47959759727243784,0.5334756697496007,0.9999999998269179,2.229038677001301,0.0,1171.9305948876226,0.8406902335881812,0.2869453634811877
2,ds2_time2_92.h5,0.0013969600447290478,1,10500.0,0.002,2.884869114850097,-0.9462565250238275,975248.6702103144,1.3931420776523873,0.4947823073173395,0.823999617697226,0.9966837076889549,4.870921339741649,0.009920634920634799,951.6322458810617,0.7517800265831099,0.20603803160644452
2,ds2_time2_93.h5,0.0013969600447290478,1,10500.0,0.003,2.0993980337509206,-1.2479472726870937,5381176.0429540705,0.3545578097340685,0.5148707621817432,1.0869950808381728,0.9942969052569375,6.5719125394796905,0.009920634920634799,959.0070561323803,0.7482397299651814,0.197108954312141
2,ds2_time2_94.h5,0.0012991744510970796,0,11000.0,0.001,8.975243489117114,-0.006341318384095129,125629.81681765278,3.4159747461682852,0.5126779999872539,0.7380227849857828,0.999999999922791,2.35082698081801,0.0,1225.5532225968366,0.7660302172639197,0.2703261444212587
2,ds2_time2_95.h5,0.0012991744510970796,1,11000.0,0.002,2.7099818700489107,-0.9606491969472006,1372315.362236978,1.2778388713357076,0.5272502822827468,1.0106477484125054,0.9960669361280924,5.433595114317425,0.004010695187165771,998.3949949939908,0.764711564106626,0.1967749393097388
2,ds2_time2_96.h5,0.0012991744510970796,1,11000.0,0.003,2.1394236240493436,-1.280367120655199,6240589.9032536615,0.32070069832564485,0.5450388143086233,1.166422372676433,0.9943283485331149,6.568534133632472,0.004010695187165771,988.1632033879354,0.7648091370404603,0.19006204269034518
2,ds2_time2_97.h5,0.0012392440167618862,0,11500.0,0.001,9.039762929130102,-0.0093346429073623,133346.81427483994,3.284060929822182,0.5494065817841206,0.2245437792316596,0.9999999999767557,2.4715742816478308,0.0,1282.5501868450503,0.6912959749616072,0.2521846027914663
2,ds2_time2_98.h5,0.0012392440167618862,1,11500.0,0.002,2.527573663274031,-0.9610579057139177,1987978.2315767186,1.0731134407974556,0.5699218356643181,0.45751203140957997,0.9921224166583751,5.556560086487148,0.0,1044.0294874896956,0.7868136138425842,0.19628306080831803
2,ds2_time2_99.h5,0.0012392440167618862,1,11500.0,0.003,2.0598305277568367,-1.2774159076431717,5207020.42550371,0.12060598374545264,0.5722851803223973,0.9419461573320531,0.9936224714557125,6.3269774248100985,0.0,1051.8641466833296,0.7881635122713824,0.21268196817277008
2,ds2_time2_100.h5,0.0012050768802522526,0,12000.0,0.001,9.508926537872501,-0.009334720119890894,133347.95687406714,3.284077114857965,0.5494027506296324,0.22454788961745012,0.999999999984663,2.4812606101366446,0.0,1338.3130338722196,0.693993752460072,0.25099618856579037
2,ds2_time2_101.h5,0.0012050768802522526,1,12000.0,0.002,2.576254195589657,-0.9548204283279444,2077844.867182901,1.0704466629507985,0.5699489253233126,0.4583083544687998,0.9960503400006432,5.438881224772987,0.0038281249999999184,1076.8559833102424,0.7460144653466771,0.19069404089898087
2,ds2_time2_102.h5,0.0012050768802522526,1,12000.0,0.003,2.1425208123191806,-1.2589102494217779,6882162.300230207,0.1487136511199556,0.5822336735961652,0.7124868454081245,0.995437298358794,7.15740352188557,0.0038281249999999184,1047.3790534519362,0.747337621950725,0.19389456128236565
3,ds3_time3_1.h5,0.0011911426148525498,0,2000.0,0.001,3.4651445563957903,-0.6833542724324128,389.46057614542997,1.9946464865567313,-0.46701554873479456,0.09899446094246894,0.999870646171895,2.1223297276267483,0.0004787234042553656,165.6585644661769,0.7204366252351463,0.24588252939601957
3,ds3_time3_2.h5,0.0011911426148525498,1,2000.0,0.002,2.1396245511091068,-1.4866902826789716,449607.06161281455,-0.394222344353193,-0.3543131454925011,0.23203213196961778,0.9997860467356803,5.535891601836273,0.006901595744681521,639.8224843771352,0.7602005849353595,0.23434411610816225
3,ds3_time3_3.h5,0.0011911426148525498,1,2000.0,0.003,2.12782639997896,-1.0465357624583511,3759469.737846748,0.35716209269371324,-0.34030292835367537,0.2828535998619486,0.9986815798151748,9.536949798979466,0.006901595744681521,916.926762314648,0.7635260301111928,0.22794740609979042
3,ds3_time3_4.h5,0.0027496569450743105,0,2500.0,0.001,2.061692134994086,-0.7506651233358448,402.105602893156,1.9367426650871518,-0.4706874202705747,0.14176059570998434,0.9986656407814315,2.115639426251862,0.00040000000000040004,206.30008175910635,0.7307331306283451,0.19206808718287172
3,ds3_time3_5.h5,0.0027496569450743105,0,2500.0,0.002,2.1679326353827904,-0.6178753407415051,440.4679040720951,0.9901983837446225,-0.4588156495583028,0.06886853984697262,0.9939558273858313,2.062065272424749,0.0004400000000004401,188.21946808628897,0.7144641043707974,0.24763718595575007
3,ds3_time3_6.h5,0.0027496569450743105,1,2500.0,0.003,1.8906903975821066,-2.630511285314634,4865.222353900595,-0.9037735531126996,-0.4404758548962489,0.17036951577400777,0.9999865829465643,2.326993433674634,0.006520000000006521,211.09184790614276,0.8121896838677909,0.35591646664587717
3,ds3_time3_7.h5,0.0027496569450743105,1,2500.0,0.004,1.8341382432410882,-2.150144513450684,530757.2722569552,-0.7196526347948969,-0.36790083722655875,0.21180488017582771,0.9999120688344136,4.209772808772151,0.006520000000006521,553.5246034556346,0.8101846689663811,0.2585569991593615
3,ds3_time3_8.h5,0.003161776429361422,0,3000.0,0.001,2.0819767532373348,-0.8271282111304122,603.2473470619011,2.09873151911169,-0.46848106041815,0.20101219674338763,0.998989313302483,2.0888051490304402,0.000320000000000098,250.96039639567707,0.7319478132126278,0.16485428859469659
3,ds3_time3_9.h5,0.003161776429361422,0,3000.0,0.002,2.148576684430785,-0.7009295927292324,652.9900692654021,1.015992210865344,-0.4558110331185129,0.06689581598655321,0.9955269614867068,2.1020918778663003,0.00036000000000011023,226.60997411161034,0.7145117693881027,0.2126691129476588
3,ds3_time3_10.h5,0.003161776429361422,0,3000.0,0.003,5.387117216525439,-0.7151947538808303,666.7901492038741,0.6014740528128721,-0.44323749448223065,0.08616012499472332,0.985070231107879,2.064769393635595,0.00044000000000013473,213.6971663948431,0.6622587736276792,0.27316484283261916
3,ds3_time3_11.h5,0.003161776429361422,1,3000.0,0.004,1.840948574151438,-2.4396699837245226,91068.85879613843,-0.7252853681146414,-0.3980149629702479,0.20669521782872616,0.9999519431208238,3.0619555980943205,0.00552000000000169,397.50942261964195,0.8220394877696535,0.3171749602523385
3,ds3_time3_12.h5,0.003161776429361422,1,3000.0,0.005,1.8159281982730844,-2.0849702088490867,973520.3869173509,-0.35886327882774655,-0.34451142965664794,0.2438646059741704,0.9997924458159632,4.994552588868539,0.004680000000001433,654.5912418510662,0.8199623485630472,0.24646140418175305
3,ds3_time3_13.h5,0.0016634176873593345,0,3500.0,0.001,1.8232732350806256,-0.8633485843365809,937.314984776542,2.093939580922411,-0.4689357994635811,0.23321704382764524,0.999990886829631,2.1402419285490724,0.0002803738317757043,292.9146974773759,0.7021535742944889,0.20890967225169016
3,ds3_time3_14.h5,0.0016634176873593345,1,3500.0,0.002,1.8628820537680444,-2.16612985554057,9256.418348211464,-0.9056294546440055,-0.439629335445216,0.19544427368599332,0.9999415629571995,2.5076289682521558,0.00392523364485986,332.015887072155,0.7782455671814249,0.35238212706323024
3,ds3_time3_15.h5,0.0016634176873593345,1,3500.0,0.003,1.9808454517469183,-1.729205915322802,678494.8797423153,-1.4484155319914418,-0.3680862320554978,0.27047082824755003,0.9994236024549142,4.667704528965209,0.003885180240320474,685.0958370882578,0.7791791356075822,0.20125056528434862
3,ds3_time3_16.h5,0.001472964972014854,0,4000.0,0.001,2.155898882697718,-0.9008667320576634,1530.63310162088,2.2391171144164574,-0.46433375335405375,0.2752011799348989,0.9999882452227765,2.1887865440295253,0.0002393617021276828,339.51605439042186,0.7822365434869323,0.2030308268915098
3,ds3_time3_17.h5,0.001472964972014854,1,4000.0,0.002,1.849062145295407,-2.059534440193355,117831.28079909924,-0.9194653574567926,-0.38799002240703984,0.3056588027699234,0.9997591235236971,3.6454072684072125,0.0039494680851067665,544.1251628185935,0.7406175874064228,0.26446398888868927
3,ds3_time3_18.h5,0.001472964972014854,1,4000.0,0.003,1.8867285497628836,-1.7229145621387496,2025009.558554598,-0.09192011837335887,-0.3138404744605643,0.4316482880257459,0.9988075658799035,7.108503881395625,0.01097074468085213,945.7142976425245,0.7464232973353124,0.23590510964519693
3,ds3_time3_19.h5,0.0015905675250361849,0,4500.0,0.001,2.1893930957203147,-0.901068723395857,1902.198093358078,1.9425629255608134,-0.4688500391859986,0.28218902602951546,0.9999978986200824,2.2091598867402924,0.00020080321285143032,373.4316334812551,0.7415269874319773,0.2474205171615321
3,ds3_time3_20.h5,0.0015905675250361849,1,4500.0,0.002,1.830218933771606,-2.1110073676974754,37670.84749890688,-0.9809245762957838,-0.42108459298869316,0.24816963229427835,0.9998000879967077,2.9980212713699537,0.009718875502009228,478.91584086892277,0.7797371796439938,0.3140958805473751
3,ds3_time3_21.h5,0.0015905675250361849,1,4500.0,0.003,1.8924885514380922,-1.6834877853329424,500707.3000136979,-1.4160148015607825,-0.37229107366438285,0.27186808917568783,0.999530874557872,4.357258082237966,0.009678714859438942,722.3179586682103,0.7790137517172784,0.2095344305320059
3,ds3_time3_22.h5,0.004862656964723274,0,5000.0,0.001,1.5844014483517481,-0.9258208126460967,2591.5972405353245,2.124174156607614,-0.4781886918830206,0.3398291247704697,0.9993543926966568,2.184883577683847,0.00019999999999999185,421.5079742003021,0.7315379077751276,0.18669522304030522
3,ds3_time3_23.h5,0.004862656964723274,0,5000.0,0.002,1.6273779739261252,-0.8353615515413764,1659.595859066142,0.8972439508996309,-0.46301649521290644,0.15197693140023222,0.9976996898233587,2.3079341547474503,0.00023999999999999022,373.4273389336375,0.7273096923853413,0.19398503289242627
3,ds3_time3_24.h5,0.004862656964723274,0,5000.0,0.003,1.6225939376149219,-0.8418897196389827,1829.8670949658654,0.5649680873248422,-0.45260918709901127,0.09721543147195798,0.9955021037823775,2.3170270383203033,0.00023999999999999022,356.2989650294843,0.7237015794784215,0.20812361980599028
3,ds3_time3_25.h5,0.004862656964723274,0,5000.0,0.004,1.6961184826778377,-0.8872336702691608,1944.0041290708664,0.38561771555441104,-0.4435148777193535,0.08566409017046264,0.9912336672446783,2.2076001503168747,0.0002799999999999886,346.5404743959349,0.7175839879345194,0.23590266236960028
3,ds3_time3_26.h5,0.004862656964723274,1,5000.0,0.005,2.2190208974404877,-2.01251080934379,4913.764625766238,-0.2879597422608369,-0.4318582213088809,0.24015094813270954,0.9999940429605138,2.131051209554795,0.002719999999999889,350.4495334515284,0.8059143048222263,0.3023531929304341
3,ds3_time3_27.h5,0.004862656964723274,1,5000.0,0.006,1.8626934065321274,-2.3088260413314687,116037.8596492716,-0.8179553700562955,-0.39534954991211474,0.2859122967155909,0.9999560565384755,2.8520236880310748,0.0027599999999998875,514.2691315072578,0.853434611067012,0.3244969401280279
3,ds3_time3_28.h5,0.0014133922566958704,0,5500.0,0.001,2.781034865447933,-0.9314603532001451,2856.1339979944532,1.9715386173908322,-0.47018729615365973,0.36018806835100664,0.99998904089912,2.186982802115444,0.00016042780748662389,459.4628870476733,0.8289510183830028,0.25287873406163014
3,ds3_time3_29.h5,0.0014133922566958704,1,5500.0,0.002,1.8441378758555165,-1.8993269373921133,178053.2482999617,-0.9982197533629414,-0.37953925972672414,0.4348261978612614,0.999504406345028,4.156808913761196,0.002927807486630886,724.1896954211112,0.7477539324536838,0.2618734315061204
3,ds3_time3_30.h5,0.0014133922566958704,1,5500.0,0.003,1.8620056916831822,-1.325033601952019,2107469.7660305733,-0.15539506304121184,-0.3264946412888298,0.562238701390249,0.9989312990795024,7.6060367067643115,0.002927807486630886,1097.2478813971893,0.7532926623390256,0.23711071221261715
3,ds3_time3_31.h5,0.0012273601866864062,0,6000.0,0.001,3.0216414391645094,-0.936494115034782,4097.317985857516,1.7798502050583174,-0.46923036960016434,0.34307217368554577,0.9999998273826267,2.167201264337834,0.00016129032258064516,494.4953513198469,0.8492351532381517,0.27440608488655815
3,ds3_time3_32.h5,0.0012273601866864062,1,6000.0,0.002,1.6908036771142008,-1.932824651225042,113070.92055010321,-0.21889790909183698,-0.39261899027642877,0.45573179824078075,0.9995636260319711,3.7624242699851647,0.009798387096774193,743.8518374824347,0.7740229568610908,0.25868282705169404
3,ds3_time3_33.h5,0.0012273601866864062,1,6000.0,0.003,1.702052270594021,-1.7896605967348533,1506251.432298271,0.379499405166029,-0.3459759955605612,0.5942965134857753,0.9993002626971802,6.757812820655213,0.004879032258064516,1078.820568442518,0.781750550109858,0.23878835272289647
3,ds3_time3_34.h5,0.0018782531021033133,0,6500.0,0.001,2.6917351698897,-0.9550635776076871,4723.833733042973,2.321071438200544,-0.4637442472331949,0.3664824709780404,0.9999999746162826,2.1818672097917804,0.00015915119363396624,560.2265450141056,0.82154747609895,0.2555532122902857
3,ds3_time3_35.h5,0.0018782531021033133,1,6500.0,0.002,1.8918103810394957,-1.3675811160427553,6461.641886187077,0.025543425239416485,-0.4411789458548935,0.2904961664570287,0.9999881403420514,2.2752885514919114,0.004774535809018987,509.1955912731811,0.7770561006438087,0.36061542372017796
3,ds3_time3_36.h5,0.0018782531021033133,1,6500.0,0.003,1.873129378291442,-2.0756796393125345,230176.94575264395,-1.3121269139381921,-0.36865752948552105,0.3820184345650502,0.9996240928343736,3.9698026939209567,0.004774535809018987,746.2783403851084,0.7785584964986266,0.25992925134303574
3,ds3_time3_37.h5,0.0037118326740854407,0,7000.0,0.001,1.5823462348770008,-0.9548152868736475,4813.045816852113,1.99384443906758,-0.48234657074168696,0.3117760747585933,0.9999689656971026,2.1222143334090053,0.0001587301587301585,589.0758426232197,0.7164364982116878,0.1982347360240501
3,ds3_time3_38.h5,0.0037118326740854407,0,7000.0,0.002,2.0097294129628978,-0.8916326617693802,3641.7654291939343,0.9545406003151626,-0.4692326344838393,0.1981563410449542,0.9998677864777634,2.214307328047647,0.0001587301587301585,528.9439584862836,0.6813156259349209,0.2057729927824573
3,ds3_time3_39.h5,0.0037118326740854407,0,7000.0,0.003,2.758545114624615,-0.8608115565520751,3421.813666819811,0.5753245738821554,-0.4580447092553843,0.10356052936266041,0.9997213155934823,2.304917787359893,0.00019841269841269814,501.4250727820079,0.6431071159846061,0.21721943540889765
3,ds3_time3_40.h5,0.0037118326740854407,1,7000.0,0.004,1.9425213980963107,-2.1870524518480017,25048.860398565725,-0.780476272420296,-0.43172601995125875,0.29803576574973584,0.9999783185862838,2.411480112328731,0.001944444444444442,541.6446308231768,0.8090864651682841,0.3453713788553301
3,ds3_time3_41.h5,0.0037118326740854407,1,7000.0,0.005,1.9166110294386614,-2.140473843841108,264046.78060124745,-0.9223615064409382,-0.37978663586937417,0.3724731637029091,0.9998817937113594,3.5037229813184387,0.0019047619047619024,736.9930160045412,0.8182778229889652,0.3476682707994886
3,ds3_time3_42.h5,0.007070328423285719,0,7500.0,0.001,1.695848301641919,-0.9562531325248077,6549.81850811147,1.9255498697502598,-0.47177580658530993,0.2618876516300609,0.9991859743055228,2.0534095380565547,0.00011999999999999511,628.2176146862855,0.7281669530350999,0.10435004597335393
3,ds3_time3_43.h5,0.007070328423285719,0,7500.0,0.002,1.791792236930615,-0.9016538652203017,4994.32868940634,0.9052269812934537,-0.45735860138212703,0.1654281040993138,0.9969762637997711,2.1787509179971174,0.00015999999999999348,563.0085665711382,0.7202285478091365,0.11043695646228434
3,ds3_time3_44.h5,0.007070328423285719,0,7500.0,0.003,1.890522692969255,-0.8808114262432327,4560.095467161998,0.5235450186195589,-0.44519171746332403,0.08811424596558153,0.9934060180631843,2.362475890318721,0.00015999999999999348,533.7520390674639,0.7110867951178425,0.12170853494136549
3,ds3_time3_45.h5,0.007070328423285719,0,7500.0,0.004,2.346418983160007,-0.8733389034014929,5003.311878015208,0.32309916159482716,-0.43485618619675365,0.04683448251408653,0.9882918148261,2.4520457927972963,0.00019999999999999185,518.1866125440664,0.7018623503497223,0.13965457265089243
3,ds3_time3_46.h5,0.007070328423285719,0,7500.0,0.005,3.0253902253676994,-0.8415412750238911,4552.16812114632,0.23984241518463922,-0.4289262729894179,0.033974238436259456,0.9838647347602759,2.433630530291511,0.00019999999999999185,512.4247454584122,0.6949757204898095,0.15654255979012888
3,ds3_time3_47.h5,0.007070328423285719,0,7500.0,0.006,4.637207188188444,-0.8967129529518324,5269.951492535277,0.160625391742568,-0.4213804312980743,0.02862170467066963,0.9757407543790858,2.294647492210363,0.00019999999999999185,508.5850350396388,0.6804202061937944,0.1922235245949929
3,ds3_time3_48.h5,0.007070328423285719,0,7500.0,0.007,6.908496170472043,-0.863319700280188,5649.680740329227,0.09887133071205852,-0.4152696693533534,0.03192088337762308,0.9639580290418576,2.01029358600464,0.00019999999999999185,507.07865206049286,0.6499893089454154,0.24410759013526434
3,ds3_time3_49.h5,0.007070328423285719,1,7500.0,0.008,1.8736673071274692,-1.9802601614791349,57427.53567209607,-0.7616738324559844,-0.39761540007277396,0.2721810980179256,0.9999615248355279,2.2845997768383417,0.0017999999999999267,580.2699874136606,0.8627797150761827,0.34202351799433983
3,ds3_time3_50.h5,0.007070328423285719,1,7500.0,0.009,1.7860115485787693,-2.016514904512502,268960.83568890457,-0.7111965422758815,-0.3685310646258742,0.3197231643487568,0.9999873886508736,2.8900687000817626,0.0017999999999999267,729.5973429746114,0.8763247303311837,0.3096914311170551
3,ds3_time3_51.h5,0.0026254655007385773,0,8000.0,0.001,3.5085323975368046,-0.9562956592596529,7196.610730432461,1.8079466881682,-0.4716640669206963,0.2111413062704463,0.9999380809998669,2.144135900501825,0.0001196808510638414,663.9625091960999,0.7517931482594314,0.201109412134754
3,ds3_time3_52.h5,0.0026254655007385773,0,8000.0,0.002,6.27642236774616,-0.927937403370557,6600.319044867942,1.0180487032610097,-0.46127953228184054,0.15616639340621957,0.999812685215733,2.2311558862894416,0.0001196808510638414,611.6462863896478,0.7366444535018182,0.21492656508948715
3,ds3_time3_53.h5,0.0026254655007385773,1,8000.0,0.003,2.2844462283407583,-1.593165750306224,20275.150566829587,-0.47600587939319705,-0.4383566273835996,0.24522546862155326,0.9995150810297826,2.529665097064442,0.002034574468085304,603.53632278459,0.7243423052214999,0.38211577707602434
3,ds3_time3_54.h5,0.0026254655007385773,1,8000.0,0.004,1.7687382979052388,-1.9139081417808128,905681.821457738,-0.7078036143963676,-0.3442719622629434,0.5900530734684392,0.9997272694421899,4.665524407678144,0.0039494680851067665,950.1813406388367,0.7318226504025844,0.27176707786165716
3,ds3_time3_55.h5,0.0015922880142001188,0,8500.0,0.001,4.05680908580524,-0.9584636539502386,12936.052512486722,1.6717532716910464,-0.4710270761383825,0.14902246580692924,0.9999999977200547,2.242281041763635,0.0001203208556149731,698.7388093766999,0.7128966825952876,0.27622688054831546
3,ds3_time3_56.h5,0.0015922880142001188,1,8500.0,0.002,1.761543696010503,-1.8642098481978566,64781.953314696424,-1.2259965061614118,-0.4229246682272334,0.45856777972101165,0.9997713684038522,2.944073239767293,0.0019251336898395697,768.6083072641345,0.7404048982376799,0.31035588136780184
3,ds3_time3_57.h5,0.0015922880142001188,1,8500.0,0.003,1.7865624582006217,-1.7310410389114574,2148347.18396139,-0.4087265318593281,-0.3255706227924951,0.8052160909992884,0.9980996182160624,6.442821601289866,0.0019251336898395697,1247.63408118273,0.7494332395017703,0.24134428734703314
3,ds3_time3_58.h5,0.0012660523790161754,0,9000.0,0.001,4.449297200841733,-0.9753852905353774,5573.665202076083,2.2574581774412743,-0.4898352868166596,0.1450245078019652,0.9999999993733988,2.17395193116721,0.00011904761904760196,782.2352511189775,0.6408884499650112,0.2862497750871297
3,ds3_time3_59.h5,0.0012660523790161754,1,9000.0,0.002,1.698729326747834,-1.6506996454282228,308211.8299988911,-0.6094664007808298,-0.38044873598037837,0.6489291414255816,0.9990476156240744,4.723506755515813,0.006825396825395846,1069.2366685752932,0.7422575000551115,0.24728894692030878
3,ds3_time3_60.h5,0.0012660523790161754,1,9000.0,0.003,1.657558947495166,-1.5533460307234377,1706261.5401416454,0.22680998075547507,-0.3601646769993673,0.7827931850215455,0.9983086176163214,6.184977939420894,0.006825396825395846,1299.438149562959,0.7472831005377104,0.23603729912484137
3,ds3_time3_61.h5,0.0011870977643144063,0,9500.0,0.001,3.6451361058181226,-0.9716369940667661,8980.751608463188,2.4594247088159182,-0.44923332124982335,0.1377419885793925,0.9999999993425877,2.2799615880962665,8.097165991904909e-05,841.9714637159187,0.6369339834728847,0.27200010085155135
3,ds3_time3_62.h5,0.0011870977643144063,1,9500.0,0.002,1.7426341324928278,-1.7573522780790725,292660.9176053305,-0.7141714318115339,-0.33862630195231386,0.683062490749761,0.9991972671118797,5.034546163730553,0.004858299595142945,1087.447877320713,0.772207100951967,0.23464501246893008
3,ds3_time3_63.h5,0.0011870977643144063,1,9500.0,0.003,1.8089940899766936,-1.6515665672176763,1470003.4605246047,-0.6463220061837809,-0.31024314508885087,0.81013317545078,0.9985929379436757,6.995140384902145,0.004858299595142945,1283.1758154269364,0.7763791930596567,0.2192724324256807
3,ds3_time3_64.h5,0.0012467584930206483,0,10000.0,0.001,2.517457638682732,-0.973559164825398,8505.054977616885,2.160211843469257,-0.4769994001242402,0.10781268342044169,0.9999999990087315,2.2653006899527646,0.00011842105263160096,864.8390825904359,0.5707564022071329,0.279209171775511
3,ds3_time3_65.h5,0.0012467584930206483,1,10000.0,0.002,1.7409322120140116,-1.6235166624001922,66377.20947637295,-0.5104179070583678,-0.4195402775959555,0.41630032714289844,0.9992619175720412,3.279637171142225,0.005881578947369515,923.8195151788861,0.7458801811478012,0.27157450190945887
3,ds3_time3_66.h5,0.0012467584930206483,1,10000.0,0.003,1.6480311831118626,-1.6908519051111168,1036092.1316321822,0.47713715997445877,-0.36327389226547113,0.7187452640083345,0.9996112204837695,5.306771145751701,0.0029210526315794905,1243.165486994133,0.7600777330154688,0.22933280867536
3,ds3_time3_67.h5,0.0014242401513352692,0,10500.0,0.001,1.8232580544049273,-0.974594060324789,6545.684037666423,1.90295895398898,-0.4914777753606949,0.08787860581967341,0.9999999982944237,2.248506631541886,0.00011904761904760196,890.9183841474946,0.5480330095656172,0.2838463866954767
3,ds3_time3_68.h5,0.0014242401513352692,1,10500.0,0.002,1.9245107852175003,-1.5811331496607126,32646.923187181546,-0.5030845872417531,-0.4473291462251024,0.30160953513894084,0.9988119391418995,3.0002933389704096,0.005793650793649963,898.8959393254075,0.7530369469514213,0.289899288828725
3,ds3_time3_69.h5,0.0014242401513352692,1,10500.0,0.003,1.9486505494170576,-1.4390360151862591,416934.3074177201,-0.9451646433790012,-0.39594713491297023,0.4573647573899809,0.9988281281170099,4.273133376733729,0.005793650793649963,1096.624838251355,0.7578406490788469,0.20032684463200545
3,ds3_time3_70.h5,0.0017359102638536217,0,11000.0,0.001,1.5395054996937025,-0.9691444662562623,10818.95083824865,2.065876454492324,-0.4608660987659831,0.08320031751075188,0.9999999971729104,2.2293213824764004,8.021390374331194e-05,945.7733016959481,0.5570318012486648,0.26725787025175163
3,ds3_time3_71.h5,0.0017359102638536217,1,11000.0,0.002,2.094085081165764,-1.1717993609655502,26660.73502145065,0.2859713484769038,-0.43671028274678314,0.12752442322632682,0.9999915483603201,2.418190557389608,8.021390374331194e-05,860.1069391181204,0.7216826251281809,0.31128390557013147
3,ds3_time3_72.h5,0.0017359102638536217,1,11000.0,0.003,1.8101288188816222,-1.7943595345551682,361489.9020286529,-1.3182859914555785,-0.3564789817910911,0.4462954400795329,0.9995635266678756,4.215944798724687,0.002847593582887574,1055.9770824948464,0.7765516606601199,0.22145379262086168
3,ds3_time3_73.h5,0.0022230896701246877,0,11500.0,0.001,1.4574867524960278,-0.9662598341072481,13414.838878667666,2.1342441471270726,-0.44356500007302446,0.08408746739269451,0.9999999939749117,2.259518107685322,7.905138339919793e-05,995.6812024721901,0.5561380623939077,0.25774364964570373
3,ds3_time3_74.h5,0.0022230896701246877,0,11500.0,0.002,2.056778886208631,-0.9158250670276894,20818.60962685098,1.0245895620646437,-0.42728351313443896,0.06828620627990578,0.9999999855686993,2.3461317707479807,7.905138339919793e-05,877.3081779636414,0.558761839990156,0.25991302447726117
3,ds3_time3_75.h5,0.0022230896701246877,1,11500.0,0.003,1.87248241966318,-1.700373373515849,94470.11552239947,-0.7694983473147284,-0.3788503711126298,0.21324636812755907,0.9999121051853335,2.965090916302516,0.0038339920948610995,933.5739714592614,0.7534773324839036,0.2941007141711725
3,ds3_time3_76.h5,0.0022230896701246877,1,11500.0,0.004,1.7331618145534033,-1.8999962946692064,711283.8197407797,-1.0149006849956579,-0.3127503774974714,0.4277099008586187,0.9997772747856343,4.746534408847797,0.0038339920948610995,1110.889588684872,0.7748230438043796,0.22066267335062875
3,ds3_time3_77.h5,0.0029457112523219044,0,12000.0,0.001,1.5084679237609087,-0.9654286826518835,14313.96372520646,1.895211684372469,-0.45901827347773,0.06980832049733332,0.9999999852318925,2.2499276711330514,8.064516129031862e-05,1017.8857801682386,0.5774433229064646,0.2648275912189768
3,ds3_time3_78.h5,0.0029457112523219044,0,12000.0,0.002,1.7427351195289864,-0.9039758890338084,22069.586084601757,0.9017062080980065,-0.44239923285290905,0.05759157475960987,0.9999999637772254,2.3592407862571805,8.064516129031862e-05,901.1824212870688,0.5760344859488108,0.2659452929563696
3,ds3_time3_79.h5,0.0029457112523219044,1,12000.0,0.003,2.0041607851795247,-0.8835083875161035,20543.097168372224,0.6577279393981778,-0.43515233338606346,0.05246182228274696,0.9999999379715917,2.397391252444077,8.064516129031862e-05,872.9829465762605,0.5807543835159639,0.2672039202996057
3,ds3_time3_80.h5,0.0029457112523219044,1,12000.0,0.004,2.005404221493878,-1.8038465175333125,118868.095218723,-0.7089927066887788,-0.39073187770105466,0.2182549658489954,0.9999166823516972,2.853912008486914,8.064516129031862e-05,938.3978932198531,0.7643103951241184,0.303344144255315
3,ds3_time3_81.h5,0.0029457112523219044,1,12000.0,0.005,1.8405139177983063,-1.766790100797944,645926.2088635926,-0.7520240152703228,-0.3338497427663451,0.4046102412309743,0.9999081846607135,3.9853287557201793,4.032258064515931e-05,1090.4902732874718,0.8025090728166143,0.25380099352430635
3,ds3_time3_82.h5,0.003969004780406621,0,12500.0,0.001,1.5489173474514997,-0.9691443515378724,11843.74923104696,1.5451339933722896,-0.4938283527164355,0.058521869909635364,0.9999999559587025,2.1675137510409366,7.999999999999674e-05,1030.7285273362581,0.5881335502238395,0.28299018196992504
3,ds3_time3_83.h5,0.003969004780406621,0,12500.0,0.002,1.5853696516414901,-0.9430734094342491,17956.714408749598,0.9996404588842447,-0.4851997052387329,0.05471643897110117,0.9999999296718382,2.2309522068297847,7.999999999999674e-05,963.1636306601082,0.5874702512956244,0.2834841871154225
3,ds3_time3_84.h5,0.003969004780406621,0,12500.0,0.003,1.6887219838951038,-0.8566065461786786,17130.868181604972,0.5319556327250288,-0.4709118121392529,0.046058031407255715,0.999999837088563,2.332713995926412,0.00011999999999999511,896.3330968196258,0.5877280853112494,0.284374400584917
3,ds3_time3_85.h5,0.003969004780406621,1,12500.0,0.004,2.4050545302579645,-1.1259863636225962,22222.334611686696,0.04081055320756077,-0.45545858848556736,0.0625790066559519,0.9999996588723271,2.4923742287564967,0.001079999999999956,876.6115029969571,0.6233061530553732,0.2913443929661471
3,ds3_time3_86.h5,0.003969004780406621,1,12500.0,0.005,2.0072699858890704,-1.94243770017183,309071.957249162,-0.8995219534148902,-0.3975717021996125,0.2947960481199211,0.9999857237297092,3.2429176786017595,0.004679999999999809,1025.4481775413067,0.7768950473732426,0.31303145026737256
3,ds3_time3_87.h5,0.005340597618458012,0,13000.0,0.001,1.5340010829834887,-0.9644847099803617,15183.472284862888,1.636755906564268,-0.4761806677673657,0.06307495556196635,0.9999998528444767,2.179643520125061,7.957559681698312e-05,1078.9885382575724,0.6083474617069913,0.27347095449735914
3,ds3_time3_88.h5,0.005340597618458012,0,13000.0,0.002,1.5218533093334377,-0.933534594317436,22389.003197985225,1.0677702801521134,-0.46704162087357515,0.058871980275509314,0.9999997733207712,2.22694770416085,7.957559681698312e-05,1005.1193922847586,0.6076944538423482,0.27395915986712
3,ds3_time3_89.h5,0.005340597618458012,0,13000.0,0.003,1.5184332131262692,-0.8328779349131288,20641.940601897455,0.5822111604251096,-0.45207163714943904,0.049390845168096796,0.9999995000759448,2.255370547777207,7.957559681698312e-05,932.454573818932,0.6066054207268714,0.27459791751797463
3,ds3_time3_90.h5,0.005340597618458012,0,13000.0,0.004,1.5850037790494709,-0.6888937641069639,13996.218195492984,0.3493153590946521,-0.439686108128478,0.04252055539912438,0.9999991261225405,2.2583641381153234,0.00011936339522547468,899.0275125600854,0.6063214871745723,0.27502077954586174
3,ds3_time3_91.h5,0.005340597618458012,0,13000.0,0.005,1.6519156486987123,-0.628819034458808,14658.550332110877,0.2586279573470611,-0.4341526565423647,0.04165570652611064,0.9999988996997077,2.355454996717452,0.00011936339522547468,890.4296925218497,0.6073197120220192,0.2753225484359829
3,ds3_time3_92.h5,0.005340597618458012,1,13000.0,0.006,2.3312808482455654,-1.7427688030759818,89180.21796249208,-0.44229934131538207,-0.41162536900966323,0.11707050808422653,0.9999978851262767,2.6619144097292224,0.0035809018567642403,928.2086180582669,0.6678196546825379,0.2870915120660793
3,ds3_time3_93.h5,0.005340597618458012,1,13000.0,0.007,2.077070493011211,-2.026166631987674,474200.3540888055,-0.8434874411784158,-0.3647956816136074,0.28601354409891133,0.9999959272526292,3.346451163019349,0.0035809018567642403,1057.8937228864581,0.7660961699666088,0.30306761449333514
3,ds3_time3_94.h5,0.007071522490262565,0,13500.0,0.001,1.5153651505449015,-0.9595464806452434,22823.109695676132,1.7195879175656772,-0.4567478494917365,0.06086590690651636,0.9999981925089347,2.17653840878413,7.936507936506798e-05,1128.0851504237055,0.6322058345989705,0.26336915071690037
3,ds3_time3_95.h5,0.007071522490262565,0,13500.0,0.002,1.4892938517448358,-0.9236795618875383,48632.60929138468,1.1297601468265313,-0.447053811995991,0.05221600833609583,0.9999972411895262,2.19343626495287,7.936507936506798e-05,1047.681516607391,0.631720674822745,0.2638843309672448
3,ds3_time3_96.h5,0.007071522490262565,0,13500.0,0.003,1.475410585940648,-0.8150593399549767,26987.32651564137,0.620110718115316,-0.4312789615722196,0.053881995442343796,0.9999945653115602,2.195566497063988,7.936507936506798e-05,969.005838495588,0.6308391731639861,0.26459291157144577
3,ds3_time3_97.h5,0.007071522490262565,0,13500.0,0.004,1.4842834638843487,-0.7407247412607556,11078.748744293136,0.48414399451023477,-0.424549424046003,0.05115895603900454,0.9999928135654799,2.172346600221349,7.936507936506798e-05,947.6499662202662,0.6304319491839057,0.2648182321048002
3,ds3_time3_98.h5,0.007071522490262565,0,13500.0,0.005,1.517783866998079,-0.536720416491206,23198.463834731105,0.303479942586607,-0.4129201016896602,0.04367455126751704,0.9999884743244006,2.136435585375867,7.936507936506798e-05,923.6340133826881,0.6300002365841315,0.2651092703261711
3,ds3_time3_99.h5,0.007071522490262565,0,13500.0,0.006,1.5646950729684868,-0.7216294173387194,24952.221720046684,0.18031677572920335,-0.4033925367220594,0.04297185728536436,0.9999829369241333,2.224822823681494,0.00011904761904760196,916.1058266215879,0.6302286644630603,0.2653374266585731
3,ds3_time3_100.h5,0.007071522490262565,0,13500.0,0.007,1.59589068014558,-0.9163217751084466,39994.915501221316,0.11600661900261301,-0.3992481988320565,0.043656014289587285,0.9999794793637978,2.242048987389115,0.00011904761904760196,914.982655814112,0.6307966497887413,0.2654996760860545
3,ds3_time3_101.h5,0.007071522490262565,1,13500.0,0.008,2.05398881200446,-1.75341769884872,109038.4237561004,-0.429131039780918,-0.3813258985986191,0.10507823804300744,0.9999691007638594,2.451302566675457,0.0009920634920633498,954.4299711739111,0.6622846666104926,0.2719522918859125
3,ds3_time3_102.h5,0.007071522490262565,1,13500.0,0.009,2.248836838912954,-1.9899424731920679,375584.825248242,-0.6765786037153145,-0.34975440714287925,0.1166434682173672,0.9999480127007295,2.87322673602543,0.0009920634920633498,1051.599030862503,0.7343213640155603,0.28669394471463305
3,ds3_time3_103.h5,0.009137602026500286,0,14000.0,0.001,1.5260197169187797,-0.9631265808374887,15713.946625382318,1.3590177613031684,-0.49538956611784696,0.06572138060514619,0.9999916452250395,2.0903813823293897,7.936507936506798e-05,1135.5084779131284,0.6591832296144072,0.284095505814374
3,ds3_time3_104.h5,0.009137602026500286,0,14000.0,0.002,1.5204574131473967,-0.9283388344207948,22882.40656515533,0.8740463793029913,-0.48597686017212777,0.06311360960905357,0.9999872871987066,2.0960839542833876,7.936507936506798e-05,1062.413805131997,0.6589949920154966,0.2847419213959321
3,ds3_time3_105.h5,0.009137602026500286,0,14000.0,0.003,1.520732202980362,-0.7832588847122178,19743.101976029182,0.4722610224438123,-0.47075688853842407,0.05697665225450102,0.9999755051063242,2.0524329809885233,7.936507936506798e-05,991.5308846994558,0.6587240305092541,0.2857583232950063
3,ds3_time3_106.h5,0.009137602026500286,0,14000.0,0.004,1.522554007450198,-0.6669987027789246,15350.181504525845,0.368225740537492,-0.4643220613375065,0.054175654480176735,0.9999682605282194,2.020262126235845,0.00011904761904760196,972.8913460324623,0.6586121461968706,0.2861318115658687
3,ds3_time3_107.h5,0.009137602026500286,0,14000.0,0.005,1.5266126189566915,-0.7055534284227043,14450.339325318404,0.23278831968724759,-0.4533209098911449,0.05029159271853047,0.9999510326592709,2.000867878759163,0.00011904761904760196,953.6041235050805,0.6585104373702046,0.28667681396982975
3,ds3_time3_108.h5,0.009137602026500286,0,14000.0,0.006,1.5289906677365444,-0.7066386150527647,18857.51814565325,0.18558094025735897,-0.4486629507948805,0.04921853462416208,0.9999411631784152,1.9877133809528713,0.00011904761904760196,950.2466889589896,0.6585275461400889,0.2868706437461795
3,ds3_time3_109.h5,0.009137602026500286,0,14000.0,0.007,1.5364149414479111,-0.8459068810446497,24905.737086326924,0.09506843337217918,-0.4408018486830118,0.04870804308723143,0.9999177206119366,1.967285010558607,0.00011904761904760196,945.8134937217379,0.6586632561511853,0.2871522210769984
3,ds3_time3_110.h5,0.009137602026500286,0,14000.0,0.008,1.5499193407857217,-0.7810059188699949,25612.90055276183,-0.0031423278817914544,-0.43426242270486815,0.05099213975974428,0.9998870758632293,2.0093190036625495,0.00011904761904760196,944.778783310769,0.6591720496283532,0.2874226407401258
3,ds3_time3_111.h5,0.009137602026500286,0,14000.0,0.009,1.6365569813067609,-1.1344843633885782,49568.250602187276,-0.2164542604124521,-0.42861289683607695,0.0717085874175689,0.9998669459001851,2.078996897124591,0.0009523809523808157,957.5124363703487,0.6638272132796862,0.28838857683220315
3,ds3_time3_112.h5,0.009137602026500286,1,14000.0,0.009999999999999998,2.1331685431569487,-1.649249321448729,248769.00715071018,-0.5990363539408915,-0.40243607047140867,0.17901414023085926,0.999810754468507,2.4013969044055963,0.0009523809523808157,1045.7337543006893,0.704691163889686,0.2965614012386077
3,ds3_time3_113.h5,0.011496978081946595,0,14500.0,0.001,1.5625580763416533,-0.9564090284089519,20731.86772414198,1.4610791230744913,-0.4761698206377468,0.07565006847863101,0.9999580279862124,2.069170903429231,7.957559681698312e-05,1183.5954371241958,0.6907511021879423,0.2731489328230757
3,ds3_time3_114.h5,0.011496978081946595,0,14500.0,0.002,1.5611626056262435,-0.9146581408531511,28851.705289996935,0.9494489714398504,-0.46629924571640274,0.07263776389149479,0.9999429171627934,2.0590747467554826,7.957559681698312e-05,1103.7570071796927,0.6906311277468395,0.27364729517161873
3,ds3_time3_115.h5,0.011496978081946595,0,14500.0,0.003,1.5567581525201923,-0.7623177100109854,24203.08606946072,0.5159223454586395,-0.4504326257529788,0.06626523512831597,0.999904826826284,2.0301018863716083,7.957559681698312e-05,1026.9678762868596,0.6904752805960698,0.2744967854113271
3,ds3_time3_116.h5,0.011496978081946595,0,14500.0,0.004,1.5537352513316298,-0.6424368145237286,19909.920216589395,0.4015199001018037,-0.4437673166992834,0.06340411903781418,0.9998806574394242,2.014519265434933,7.957559681698312e-05,1007.048690964473,0.6904293740219912,0.2748371964388673
3,ds3_time3_117.h5,0.011496978081946595,0,14500.0,0.005,1.5470355457225242,-0.675394102301414,19172.6857270494,0.25127291248252254,-0.4324485184779778,0.059725774519712116,0.9998131961039024,1.9661347487639422,7.957559681698312e-05,987.0466876675474,0.6904315580599337,0.27539267363995185
3,ds3_time3_118.h5,0.011496978081946595,0,14500.0,0.006,1.543992990378486,-0.6846218465112168,23436.27895486838,0.19943915161508174,-0.42768388964099907,0.0587948722657921,0.9997667210430214,1.9323176856744027,7.957559681698312e-05,983.9556256131739,0.6904737560418055,0.27562556552970346
3,ds3_time3_119.h5,0.011496978081946595,0,14500.0,0.007,1.5407358842062269,-0.7670829855784221,29600.098964262455,0.10093026189605547,-0.4196767001648287,0.0581348157082818,0.9996520038603106,1.8632809960902907,0.00011936339522547468,980.0443201955421,0.690602068289991,0.2760372099543356
3,ds3_time3_120.h5,0.011496978081946595,0,14500.0,0.008,1.5408497928061664,-0.7123527274837412,30031.318427957685,0.05446013477514558,-0.4162790035018242,0.058217845783178644,0.9995867312001436,1.8279588222361987,0.00011936339522547468,979.0034784650991,0.6906763465638907,0.2762263164882612
3,ds3_time3_121.h5,0.011496978081946595,0,14500.0,0.009,1.5453005354387157,-0.6557015632412652,30725.929344281205,-0.03869486094168184,-0.4103304264018979,0.05877882037901723,0.9994422743730809,1.7409183954793148,0.00011936339522547468,978.8952930224388,0.6908186514886505,0.27657316363907714
3,ds3_time3_122.h5,0.011496978081946595,0,14500.0,0.009999999999999998,1.5495888341701098,-0.6516486370345489,29989.09461735875,-0.08733262500743365,-0.4076409825520292,0.05939867575342066,0.9993637817264522,1.690606936222608,0.00011936339522547468,979.751106557888,0.6908923184518881,0.27675537309134696
3,ds3_time3_123.h5,0.011496978081946595,0,14500.0,0.011,1.5623492070620673,-0.5450863775660508,25716.45527066276,-0.19715247452300524,-0.40250029222441963,0.06360155633902363,0.9991914986431393,1.6023132592950362,7.957559681698312e-05,983.5454844443985,0.6911715684310422,0.2771932996812997
3,ds3_time3_124.h5,0.011496978081946595,1,14500.0,0.012,1.649842904057318,-1.0406187255920072,52768.963738828126,-0.4091675805222418,-0.3964422506428318,0.09782607014840028,0.9990941058423113,1.7039956808453294,0.0009151193633953059,1010.4986354479232,0.6954446460652366,0.278389375881457
3,ds3_time3_125.h5,0.011496978081946595,1,14500.0,0.013,2.1204872521099696,-1.2806480300900063,169750.17611603625,-0.4251544331060181,-0.37685633483935715,0.18337748019620254,0.9988653287807379,1.847396561594198,0.0009151193633953059,1117.1181637590148,0.725860613688658,0.2852786717780637
3,ds3_time3_126.h5,0.01410685569263278,0,15000.0,0.001,1.558876320033622,-0.030496220184409006,7993.314405239154,2.9541878258009353,-0.4698691599104823,0.09082188749937703,0.9997238492865216,2.088674891687425,3.999999999999837e-05,1464.6034469226938,0.7265167791009084,0.26034232760852766
3,ds3_time3_127.h5,0.01410685569263278,0,15000.0,0.002,1.571431011546429,-0.9003629060892487,34807.31486851891,1.0175605482389087,-0.4462495469676314,0.08551915578690067,0.9995738317753047,2.0838538342391764,7.999999999999674e-05,1145.9325083461408,0.7264813540421692,0.25944473496207293
3,ds3_time3_128.h5,0.01410685569263278,0,15000.0,0.003,1.5717903958884996,-0.8287226253530865,35492.89839969343,0.7317461096133074,-0.4379737643577592,0.08189406686148326,0.9994714394829787,2.0732892415865964,7.999999999999674e-05,1094.9836629711542,0.7264901398523479,0.2590184808720897
3,ds3_time3_129.h5,0.01410685569263278,0,15000.0,0.004,1.5690509425374095,-0.6159578565631608,23771.660635789114,0.4224618641845234,-0.4241536389700506,0.07570390345591173,0.9992176503484258,2.041752926958109,7.999999999999674e-05,1041.6872551067688,0.7265389552560153,0.25820397575226056
3,ds3_time3_130.h5,0.01410685569263278,0,15000.0,0.005,1.5672178227206504,-0.5202451452954071,22017.99397344571,0.32658275705146794,-0.41830580166739917,0.07381797707150622,0.9990705448086307,2.02068426269737,7.999999999999674e-05,1028.5266977537342,0.7265730021382149,0.25783074130882344
3,ds3_time3_131.h5,0.01410685569263278,0,15000.0,0.006,1.5651826446310708,-0.6895186221277378,31280.941126523234,0.19351321025051202,-0.4083227489885758,0.0720365815728683,0.9987357983681967,1.9618096379889927,7.999999999999674e-05,1018.5652847278658,0.7266388120374079,0.257207723455199
3,ds3_time3_132.h5,0.01410685569263278,0,15000.0,0.007,1.565442072936955,-0.8126644766990196,36395.821056056724,0.13673189784175319,-0.40405498659746913,0.07181990428835051,0.9985412966520104,1.9243253746038123,7.999999999999674e-05,1016.5830377046915,0.7266577792464991,0.2569611778175304
3,ds3_time3_133.h5,0.01410685569263278,0,15000.0,0.008,1.5694144620313895,-0.7306128402169181,40131.561678675775,0.02949122199634707,-0.39648748734176237,0.07140549556915292,0.9980809897299817,1.8402988747505922,7.999999999999674e-05,1014.5640353268427,0.726643008412411,0.25660495704194664
3,ds3_time3_134.h5,0.01410685569263278,0,15000.0,0.009,1.5732668740957136,-0.711674081753118,41218.40282183229,-0.02276229744841864,-0.3930077533271394,0.07118729478356077,0.9978081643654986,1.7945957716174392,7.999999999999674e-05,1014.5638259709405,0.7266033498572887,0.2564832554104809
3,ds3_time3_135.h5,0.01410685569263278,0,15000.0,0.009999999999999998,1.578220728022633,-0.7031729320976029,41256.88710252302,-0.07591885507063777,-0.3896376117102973,0.07106068894927396,0.9975039971436989,1.7355366451506211,7.999999999999674e-05,1015.0043209217787,0.7265446498541905,0.2563931395595652
3,ds3_time3_136.h5,0.01410685569263278,0,15000.0,0.011,1.590110288374739,-0.539935712862644,31722.548353369006,-0.18846142334060698,-0.38310918495708474,0.07235226321509393,0.9967938126532181,1.5794801413323254,7.999999999999674e-05,1017.1878049510132,0.7263790629140373,0.2563072368813149
3,ds3_time3_137.h5,0.01410685569263278,0,15000.0,0.012,1.5963442989151677,-0.46500133186231235,25916.199403248356,-0.24948023906398006,-0.3799468349937845,0.0741682549502637,0.9963889589200651,1.485160085799992,7.999999999999674e-05,1020.2311515164398,0.7262830941534437,0.2563156952608497
3,ds3_time3_138.h5,0.01410685569263278,0,15000.0,0.013,1.6084576654575287,-0.6065171569209182,27873.044701170096,-0.42111338032626117,-0.37396820213736814,0.08031342591082255,0.9955086061971826,1.3745060931530455,7.999999999999674e-05,1041.9511748764107,0.7260934077270902,0.25651265922663213
3,ds3_time3_139.h5,0.01410685569263278,0,15000.0,0.013999999999999999,1.6140606873849546,-0.7105926777952587,33980.565244240526,-0.5416578252877036,-0.37127854836198065,0.08447874594306495,0.995031561783487,1.3335548725125632,7.999999999999674e-05,1063.4327463545837,0.7260083177504338,0.25675185383227966
3,ds3_time3_140.h5,0.01410685569263278,1,15000.0,0.015,1.7749371203037796,-1.033064454848634,51409.13116342169,-0.538836685510014,-0.3640666785657307,0.15714158822311414,0.9939426811459399,1.3339214567194857,0.0009199999999999625,1174.515430593636,0.732907330496088,0.25919501269488304
3,ds3_time3_141.h5,0.007926608778834924,0,15500.0,0.001,1.5182994110797257,-0.04368960044543213,9236.290625572045,2.356755587046891,-0.5128363286027606,0.14720374631745275,0.9999049094039147,2.0486786255911498,8.064516129031862e-05,1440.3227183440654,0.7672578865735762,0.28274966691993597
3,ds3_time3_142.h5,0.007926608778834924,0,15500.0,0.002,1.4993337209360074,-0.9014524341926433,13928.795473798204,0.7277618108144983,-0.48987999229093104,0.1530148071728588,0.9997816467333144,2.0904966822455653,8.064516129031862e-05,1156.4831342541224,0.7671017293534433,0.28067576384174026
3,ds3_time3_143.h5,0.007926608778834924,0,15500.0,0.003,1.5054242394583952,-0.8137747105995792,18906.15198727243,0.49736510706503423,-0.48184271807954604,0.1314783734223189,0.9997151677342526,2.1119458746370174,8.064516129031862e-05,1111.3361444857671,0.7670149982582518,0.27965089482043315
3,ds3_time3_144.h5,0.007926608778834924,0,15500.0,0.004,1.5272755685294366,-0.5685229744896223,31124.122655049356,0.24567909732009569,-0.4684906786262403,0.08407793392969753,0.999580568376997,2.1577452711045915,8.064516129031862e-05,1065.622372328527,0.7667888558446779,0.27770034095439977
3,ds3_time3_145.h5,0.007926608778834924,0,15500.0,0.005,1.5413744371957245,-0.6996792408635025,21871.301967638217,0.16522274125682715,-0.4628580360981121,0.06942362566171292,0.9995130807659329,2.1786979225891234,8.064516129031862e-05,1055.4265655086579,0.7666436364284003,0.276816434622719
3,ds3_time3_146.h5,0.007926608778834924,0,15500.0,0.006,1.5570117686613603,-0.7313643970493805,22458.84804332872,0.1036142085875855,-0.45778473069094633,0.06395701140015048,0.999449513259742,2.209021901513496,8.064516129031862e-05,1050.9800027714118,0.7664718239688832,0.2760185780730186
3,ds3_time3_147.h5,0.007926608778834924,0,15500.0,0.007,1.5917250263623421,-0.8577550857227245,41149.53901729029,-0.006801055446685665,-0.44893459607107494,0.07658986686865502,0.999329835739403,2.2774563979278164,8.064516129031862e-05,1046.7183110842273,0.7660046317537313,0.27476370324718263
3,ds3_time3_148.h5,0.007926608778834924,1,15500.0,0.008,1.6133581892430044,-0.8472091803096279,43439.78835052536,-0.05457531158281758,-0.4449056604142111,0.08815314800046062,0.9992643915846543,2.3362024146357445,8.064516129031862e-05,1046.4773956108818,0.7656678925202252,0.2743968663835462
3,ds3_time3_149.h5,0.007926608778834924,1,15500.0,0.009,1.8439773161338242,-1.1990246658373485,140669.2670845035,-0.35018624011621174,-0.4274598112630185,0.13580676447201628,0.9990018917409589,2.460206400197315,0.002983870967741789,1072.110109296701,0.7605374668495936,0.28406217380999743
3,ds3_time3_150.h5,0.007926608778834924,1,15500.0,0.009999999999999998,2.1318147315898264,-1.0943189811932132,315852.968310141,-0.347720688427584,-0.41247526828858716,0.19488339732051727,0.9985186358142722,2.5660378689205885,0.002983870967741789,1112.8700196990505,0.7534022704051327,0.3011557883952829
3,ds3_time3_151.h5,0.005321319112676222,0,16000.0,0.001,1.6976532987931428,-0.038712614933916756,8398.161555662227,2.4985180759370054,-0.49137912124091165,0.121302940913487,0.9999950465090817,2.12466600665781,8.152173913043848e-05,1509.5204068029627,0.8132496157486372,0.27095648914192744
3,ds3_time3_152.h5,0.005321319112676222,0,16000.0,0.002,1.5922794805287774,-0.8923099119874898,36761.647830322225,0.767853095303122,-0.4655673455073881,0.11805403005691019,0.9999898281562585,2.277722015885911,8.152173913043848e-05,1197.286478607922,0.8125224367173793,0.2692634821410111
3,ds3_time3_153.h5,0.005321319112676222,0,16000.0,0.003,1.599858090640499,-0.8111363193007041,37865.90979159351,0.5059909042893002,-0.4564722670162293,0.1160014705036317,0.9999863912470315,2.3664280080710873,8.152173913043848e-05,1148.5640698090074,0.8121140365042991,0.26851256356387815
3,ds3_time3_154.h5,0.005321319112676222,0,16000.0,0.004,1.6212831775728649,-0.70386560441624,34175.400148904824,0.3261412506329672,-0.44845215490841245,0.11450809572374854,0.9999824062508951,2.4795837749916987,8.152173913043848e-05,1118.9037462730107,0.811629794337305,0.267883195102441
3,ds3_time3_155.h5,0.005321319112676222,0,16000.0,0.005,1.715063287637827,-0.7862867290830843,38879.481581566055,0.06676870077346157,-0.4344961363530719,0.11707266133872932,0.9999742257254576,2.7560457736931863,8.152173913043848e-05,1091.8431220576035,0.8100008603433313,0.2677753327080982
3,ds3_time3_156.h5,0.005321319112676222,1,16000.0,0.006,1.8848398930546093,-1.0704637824166536,89505.20622396469,-0.2401071059132952,-0.4229882718839548,0.1471647973639619,0.9999687141265917,2.9280928883349033,0.001019021739130481,1102.6023030135964,0.8039579988255469,0.27764706636474656
3,ds3_time3_157.h5,0.005321319112676222,1,16000.0,0.007,2.2288216254594935,-1.3678115206029933,402767.7412600591,-0.6427772276532709,-0.3922909508978194,0.2886599061577798,0.9999545955765756,3.1124299027955225,0.0019565217391305234,1178.1950651698369,0.7831595089583988,0.3005538559276175
3,ds3_time3_158.h5,0.003964583146035219,0,16500.0,0.001,1.95210121677379,-0.038727622173780674,8399.367659753601,2.49525501668273,-0.49117033766824203,0.12174763703397615,0.9999993312156877,2.156911159808692,7.905138339919793e-05,1556.6580431964949,0.8129698173730828,0.270751461403938
3,ds3_time3_159.h5,0.003964583146035219,0,16500.0,0.002,1.7140552734379504,-0.8966012899218209,37385.82780544371,0.7507734447241059,-0.4648950726630335,0.12024844517355948,0.9999982735112044,2.3910171971556675,7.905138339919793e-05,1234.6936498431621,0.8111952056684912,0.2696418652844566
3,ds3_time3_160.h5,0.003964583146035219,0,16500.0,0.003,1.7334516666515742,-0.8253007378792341,40462.83106126245,0.47169629974248994,-0.45545984360483044,0.11977795814019727,0.9999974078405383,2.552034343282936,7.905138339919793e-05,1184.6763300925988,0.8099309961384342,0.26979112822249346
3,ds3_time3_161.h5,0.003964583146035219,1,16500.0,0.004,1.799233586409011,-0.7641290346762558,41522.31921061654,0.2535606274079689,-0.4467140215630145,0.121669257482972,0.999996530324586,2.745101599646489,7.905138339919793e-05,1155.2561945787097,0.8076625840453842,0.2714558166027028
3,ds3_time3_162.h5,0.003964583146035219,1,16500.0,0.005,2.384153743521379,-1.4349622939613202,700285.9542130553,-0.8345214964280115,-0.3745325170255167,0.395282348041815,0.9996239599475903,3.5892876572937644,0.000988142292489974,1298.102305033474,0.7467851737634427,0.29042056783216935
3,ds3_time3_163.h5,0.003964583146035219,1,16500.0,0.006,2.305644456619372,-1.4696585350031546,2031594.8570871856,-0.5009038541357417,-0.33842195505908435,0.6222257040052248,0.9987464917597372,4.492181592251615,0.0019367588932803492,1428.2866316892053,0.7346244760315869,0.2692232811261894
3,ds3_time3_164.h5,0.00315481657034496,0,17000.0,0.001,2.3035240529158227,-0.034769637356897976,13724.60605122169,2.6205153079416235,-0.46737077028880636,0.15366063730696777,0.9999998736695296,2.207131090024265,4.010695187165597e-05,1628.7714570779167,0.8653934532411999,0.2578737006726907
3,ds3_time3_165.h5,0.00315481657034496,0,17000.0,0.002,1.830184384444129,-0.8827350026026524,46171.639956480445,0.8000135903026667,-0.4387051259356183,0.14882883510520736,0.9999996643577662,2.50469398513552,8.021390374331194e-05,1276.069129983448,0.8614804200207781,0.2582399917353972
3,ds3_time3_166.h5,0.00315481657034496,0,17000.0,0.003,1.8859044903228004,-0.830960595814432,51781.87758267563,0.4630314575882827,-0.42791845029343417,0.14822021394196302,0.9999995327611907,2.711150951681431,8.021390374331194e-05,1222.9999395462519,0.8564933394772254,0.26252221855912933
3,ds3_time3_167.h5,0.00315481657034496,1,17000.0,0.004,2.414281581210291,-1.2859488648806807,218406.35701010277,-0.6659027858837059,-0.39232333449178763,0.27248829307721684,0.9988594526460983,3.011581991942404,0.0009625668449197433,1258.3475842670732,0.7921836591383173,0.29845662253414884
3,ds3_time3_168.h5,0.00315481657034496,1,17000.0,0.005,2.411046881355605,-1.4804000189816098,1347617.8612218485,-0.8536363021142803,-0.3294114943580067,0.5607116601308034,0.9990341953479128,4.416846097037612,0.0009625668449197433,1442.7604718606135,0.7558203966158845,0.2586830656462787
3,ds3_time3_169.h5,0.0026286145249925087,0,17500.0,0.001,2.2656414929595208,-0.050234875732476425,8306.715319101877,1.9784636529170352,-0.5162869674043353,0.18923924893862018,0.9999999607395952,2.170090760446774,0.00032653061224485747,1588.4444954909864,0.9247709166866832,0.2837799795144798
3,ds3_time3_170.h5,0.0026286145249925087,0,17500.0,0.002,1.9245858563922589,-0.9310273330571798,25171.647937306163,0.9193527627785296,-0.5001882480609255,0.1885064788060321,0.9999999298457455,2.3507439702404724,8.163265306121437e-05,1365.122919257278,0.9212800932616543,0.2844407164857559
3,ds3_time3_171.h5,0.0026286145249925087,1,17500.0,0.003,2.551088482304902,-1.4510509466075294,525894.9114897924,-1.2415297646729369,-0.4202634363201027,0.47379533397069074,0.9987603141247724,3.7476229175685054,0.0009387755102039652,1410.9244819335745,0.7829391293297757,0.2901963903764079
3,ds3_time3_172.h5,0.0026286145249925087,1,17500.0,0.004,2.416321149453153,-1.5233820922127146,2791155.7376385606,-0.9067381634008901,-0.3606123321730194,0.8406097279648154,0.9976474808404125,5.557384101589912,0.0009387755102039652,1649.9867854207178,0.767115812944167,0.26171776720993634
3,ds3_time3_173.h5,0.0022662056366462547,0,18000.0,0.001,2.4917658174760438,-0.050117264688122054,8314.25948168926,1.9768157281219736,-0.5162429214759148,0.18916943731206076,0.9999999847378034,2.170842215515819,0.0003174603174602719,1633.8312585211015,0.923868148089066,0.2834540830549096
3,ds3_time3_174.h5,0.0022662056366462547,0,18000.0,0.002,2.0221061332376595,-0.932016847568116,25123.18441905295,0.9163186719007392,-0.5000647472847148,0.18881615392007847,0.9999999710921543,2.3434244983029706,7.936507936506798e-05,1404.2140901581258,0.9182116203265769,0.2858064675789528
3,ds3_time3_175.h5,0.0022662056366462547,1,18000.0,0.003,2.4932780444201046,-1.507838027989193,1332406.1665256033,-1.240057367419002,-0.377970457172298,0.7411421842220075,0.9977572038309592,4.905386921099105,0.0009126984126982818,1628.1346683487243,0.7429274135846125,0.26135408445631203
3,ds3_time3_176.h5,0.0022662056366462547,1,18000.0,0.004,2.3813898714370794,-1.4868161721422024,4256996.428211946,-0.7282830729894018,-0.3534689130897549,0.9904500278322647,0.9969308548765674,6.857821666453601,0.0009126984126982818,1799.1721738403369,0.7390708998057495,0.257387979727646
3,ds3_time3_177.h5,0.002005934910474078,0,18500.0,0.001,2.8885302174455623,-0.04352727224269026,12203.089836852636,2.1442200941876086,-0.49244735915708193,0.23911316837298377,0.9999999928885502,2.2158543773397312,4.0540540540538045e-05,1707.351602761802,0.9936375170936929,0.26981432975183456
3,ds3_time3_178.h5,0.002005934910474078,0,18500.0,0.002,2.1714064208661927,-0.919540057659257,56389.69711292406,1.011166626632971,-0.47471207734633514,0.2428466859694877,0.9999999849989109,2.4006911435073754,4.0540540540538045e-05,1451.7313335786585,0.9829947324032015,0.2757361067129279
3,ds3_time3_179.h5,0.002005934910474078,1,18500.0,0.003,2.6442405364810297,-1.3074896564433722,335845.3190995698,-1.221122182585971,-0.4097371976507073,0.48561485369910057,0.998476575457623,3.5942377886826065,0.000891891891891837,1498.8238415882743,0.7827558413039565,0.2712781275977465
3,ds3_time3_180.h5,0.002005934910474078,1,18500.0,0.004,2.275673792471441,-1.4590594788296007,5798298.253515519,-0.3922435705752592,-0.32775216927836576,1.0782960642499393,0.9970564973260837,6.989654017028417,0.0040135135135132664,1883.7857533577624,0.7628700091688139,0.24625349612080613
3,ds3_time3_181.h5,0.001813132610104329,0,19000.0,0.001,3.1528271276195334,-0.043538448225230564,12204.709888114436,2.1440758627442245,-0.49242806602817896,0.23906647688665172,0.9999999966104929,2.211429919355572,3.9473684210526716e-05,1753.4998036904722,0.9924316615859287,0.2696111691480771
3,ds3_time3_182.h5,0.001813132610104329,1,19000.0,0.002,2.2866738224682193,-0.9209086465307433,56646.10880208331,0.9969727506288208,-0.47445838596154266,0.24374056702865865,0.9999999905776222,2.41379689109201,3.9473684210526716e-05,1491.3944947906439,0.971967838483538,0.28344375096182867
3,ds3_time3_183.h5,0.001813132610104329,1,19000.0,0.003,2.579045945231398,-1.3610995747886305,592307.4525260135,-1.3886087324558334,-0.38219412528723523,0.6424738237772546,0.9980230723174538,4.452529902667054,0.003078947368421084,1638.528598956498,0.744878547875114,0.25306107139948036
3,ds3_time3_184.h5,0.001813132610104329,1,19000.0,0.004,2.296641617356169,-1.3851414771555228,6109915.821934694,-0.5445636098867682,-0.33121882180812046,1.1239405923804422,0.9972257964522583,7.701421028212779,0.0070263157894737555,1936.9390217099926,0.738102276392667,0.24308836130842204
3,ds3_time3_185.h5,0.0016669545817155085,0,19500.0,0.001,3.629092891076096,-0.03854733901468288,14572.832367572462,2.2840492810542288,-0.4650051044722336,0.33849820302669525,0.9999999988245449,2.240689807084238,4.0485829959514136e-05,1827.2365819962963,0.9305814453404823,0.25512382054784677
3,ds3_time3_186.h5,0.0016669545817155085,1,19500.0,0.002,2.5096689140162054,-0.9101657492685015,46795.291568328634,1.0162543074345318,-0.4443143995824811,0.34201173528145795,0.9999999932511293,2.4453929845214977,4.0485829959514136e-05,1542.1705949162838,0.9908868833228348,0.29356334500504677
3,ds3_time3_187.h5,0.0016669545817155085,1,19500.0,0.003,2.472965756917829,-1.3640098083785033,894043.4109787114,-1.1803343018864745,-0.3403782625781092,0.7861231883686401,0.997588906867896,5.001942755043611,0.00303643724696356,1733.4953879273128,0.7693731007417683,0.23720050836276188
3,ds3_time3_188.h5,0.0015542167314330838,0,20000.0,0.001,3.9088688268027307,-0.03854960382489603,14713.308046319753,2.283915119199134,-0.46499582128870026,0.33823059070527195,0.9999999992401489,2.2172245604879532,3.9473684210526716e-05,1874.0924219694125,0.9319442569333789,0.25510835418571315
3,ds3_time3_189.h5,0.0015542167314330838,1,20000.0,0.002,2.7463559521131256,-0.9265166198593018,82969.87726744439,0.6169815997644966,-0.43777773458307356,0.3529169446629909,0.9999999803254817,2.4040515031948875,3.9473684210526716e-05,1592.583396500797,0.8742260477848074,0.30562831796962214
3,ds3_time3_190.h5,0.0015542167314330838,1,20000.0,0.003,2.4222760881724175,-1.395846039298659,1062937.014003526,-1.0802879577399536,-0.33412389475375903,0.8338578840818879,0.9974161539143005,5.454625620311616,0.005960526315789534,1804.3730003069613,0.743951516560308,0.23314110026356188
101,ds101_time101_1.h5,0.0009580761556411829,0,2000.0,0.00075,3.0349475530055967,0.31134142791990344,8916.541478057663,0.09778447018493916,-0.4774706849981084,0.39284286179888817,0.981932099791482,2.310469974794113,0.0005319148936169804,266.9870885728913,0.7254432553483822,0.246911561892827
101,ds101_time101_2.h5,0.0009580761556411829,1,2000.0,0.001,2.3785247001754684,0.28290676317259156,23455.322106207554,-0.10995874088604704,-0.45942060824118935,0.2179983067621026,0.9987361503510845,2.6352266569406066,0.007925531914893008,316.8883491184962,0.7390793692416181,0.34306547330756104
101,ds101_time101_3.h5,0.0009580761556411829,1,2000.0,0.00125,2.327517446031156,0.22216645245118882,123688.91904617683,-0.1366655798568068,-0.4083538382216585,0.23195335124545668,0.9989261098667862,4.013687150960276,0.00787234042553131,503.13917458218344,0.7440143837918184,0.27326275593253185
101,ds101_time101_4.h5,0.0018773077313916475,0,2250.0,0.00075,2.426140077529713,0.31638643568950153,7319.434159446406,0.154312761142428,-0.474784414412763,0.4040697877504726,0.9835356375452686,2.3421918262489565,0.0004266666666667973,289.20289714084146,0.7178171473435165,0.2007983343563904
101,ds101_time101_5.h5,0.0018773077313916475,0,2250.0,0.001,2.5163227648885043,0.31463612753279546,14128.181667060959,0.06023064628465569,-0.47070899910140895,0.3361958652769435,0.9776709380891689,2.3627698449509547,0.0004266666666667973,280.8857883952289,0.7114441652305635,0.20708593457849192
101,ds101_time101_6.h5,0.0018773077313916475,0,2250.0,0.00125,2.6922849251347327,0.3280979795027721,23014.337598766884,0.04855024646302169,-0.4667632678677699,0.30292998501521196,0.9760262095248918,2.336048698273969,0.0004266666666667973,277.5224855007048,0.7061764862159093,0.21533015358885904
101,ds101_time101_7.h5,0.0018773077313916475,0,2250.0,0.0015,2.7938950306361514,0.3293484645342349,34057.58133679193,0.0235964298276955,-0.4631196503282216,0.2962079348352844,0.9581938239852648,2.4043948158588515,0.000480000000000147,273.63675154933435,0.7006410215014154,0.22466937718887622
101,ds101_time101_8.h5,0.0018773077313916475,0,2250.0,0.00175,2.871232416324363,0.3216370864792258,46839.37468668202,0.009446457574416586,-0.4593998162527125,0.3114235766835613,0.9452349491038713,2.3536746505517487,0.000480000000000147,269.48809948658317,0.6906701053885347,0.2370313864368574
101,ds101_time101_9.h5,0.0018773077313916475,1,2250.0,0.002,2.893537050314521,0.3293558917518632,55247.47918716309,0.013136294364379042,-0.4571581238387199,0.2859692376993214,0.9217918967603957,2.403422511281997,0.000480000000000147,272.06449587001936,0.6691095852503077,0.25233790569190856
101,ds101_time101_10.h5,0.0018773077313916475,1,2250.0,0.0022500000000000003,2.9298294957445608,0.3255353537051224,77715.63525508877,-0.009484720440668129,-0.45086656743264886,0.23439761443432494,0.996526543330132,2.4761533232318866,0.006133333333335211,284.38356136033593,0.6324023347301356,0.303042372990981
101,ds101_time101_11.h5,0.0009422224792667544,0,2500.0,0.00075,2.8480230733245473,0.3019583170951859,9247.435134929328,0.13381428352046046,-0.473827528097919,0.38466748731096584,0.9946932356023233,2.351237802010555,0.000371681415928915,313.5465263726526,0.5162500786807174,0.20929476502961392
101,ds101_time101_12.h5,0.0009422224792667544,1,2500.0,0.001,2.3552888957581852,0.288502753155911,24273.266530594425,-0.09245178792226036,-0.4525264997584759,0.22590255883271756,0.9986542532527026,2.785954266506531,0.006477876106189662,364.0725397452798,0.7368820524782262,0.34168548904727
101,ds101_time101_13.h5,0.0009422224792667544,1,2500.0,0.00125,2.2406963038266667,0.23672022826293637,62250.43863100473,-0.07229519354599184,-0.4242316971647284,0.24124244043799212,0.9991409621675043,3.419747186580269,0.006477876106189662,464.9284287560096,0.746082755008322,0.34460543273665667
101,ds101_time101_14.h5,0.0014064180246952888,0,2750.0,0.00075,2.2225505415330304,0.2935808309519389,6429.186401063604,0.23567643142781727,-0.4811232115826276,0.4075290108371443,0.9942808095701967,2.4171810451317035,0.0003743315508021386,330.03398140635926,0.7139515051374831,0.21300986669900374
101,ds101_time101_15.h5,0.0014064180246952888,0,2750.0,0.001,2.2794241234175465,0.32221260167209587,11933.8624996957,0.11939669850485912,-0.47590358728932164,0.3303464151538105,0.9925216533793368,2.3677665802517613,0.0003743315508021386,317.5255997934616,0.7083815451198121,0.2179555386033234
101,ds101_time101_16.h5,0.0014064180246952888,0,2750.0,0.00125,2.2989724342169033,0.3201890081793538,16379.479375621895,0.0785525474956852,-0.4732969388770704,0.28949786514623826,0.9926914262069924,2.3226086156703887,0.0003743315508021386,315.95692633566796,0.7056799369942968,0.22105992440184438
101,ds101_time101_17.h5,0.0014064180246952888,1,2750.0,0.0015,2.4049088792047106,0.3325453566162845,26027.580445719377,0.05488865905237029,-0.4688333646681696,0.25117766923463936,0.9898047758142869,2.3468491904864406,0.0003743315508021386,307.61817228200925,0.6995001312369992,0.22864249275568554
101,ds101_time101_18.h5,0.0014064180246952888,1,2750.0,0.00175,2.450409818656225,0.3305332009673377,34246.14289209505,0.0589325608228901,-0.4663168360952667,0.26342412721039354,0.9868457026861975,2.3499373933033993,0.0003743315508021386,308.9688752481693,0.6953615253236438,0.23422527007612517
101,ds101_time101_19.h5,0.0014064180246952888,1,2750.0,0.002,2.798964978998292,0.32581740567957096,61981.02177611988,-0.008106729946527058,-0.4575697542610719,0.13753419375833728,0.9954073824730382,2.619851893346034,0.005882352941176464,331.4234509349638,0.5619847666654189,0.3258820553965682
101,ds101_time101_20.h5,0.0014064180246952888,1,2750.0,0.0022500000000000003,2.7829722412521853,0.3145551236070958,112030.35862452656,-0.060476281936776316,-0.4378854084514045,0.08753761413838891,0.9980686333126946,3.4098657171557623,0.005882352941176464,405.36186211885723,0.5198466298765659,0.3315204725522626
101,ds101_time101_21.h5,0.001209056433883074,0,3000.0,0.00075,3.057511085995795,0.2906732020925745,7404.858297663067,0.2769039310593787,-0.46918699117774587,0.3980452136878109,0.9953285924897759,2.362747894547719,0.00031914893617018825,354.3932901387571,0.7973890497271122,0.24886067430582243
101,ds101_time101_22.h5,0.001209056433883074,0,3000.0,0.001,2.914031644806227,0.2919646218385018,10337.972596355408,0.16432496684229392,-0.46682267999105237,0.365814105664838,0.9954174119250828,2.4571194929072133,0.00031914893617018825,346.02222995501285,0.7898024721177417,0.2510716356430475
101,ds101_time101_23.h5,0.001209056433883074,1,3000.0,0.00125,2.286517113461217,0.27303040150677427,27900.76478641061,-0.18489851832969206,-0.44795303870025743,0.2906180550689758,0.9982755963449615,2.583833657566182,0.005319148936169804,381.4312841804362,0.7375248234210757,0.3431561026358938
101,ds101_time101_24.h5,0.001209056433883074,1,3000.0,0.0015,2.2790492464621925,0.20310238227860178,102664.09133670785,-0.3227192139006663,-0.410112466393511,0.3112287201006039,0.9990173341354495,3.4147333352826403,0.005265957446808106,510.21917083093183,0.7387662063940438,0.28568770818178063
101,ds101_time101_25.h5,0.0009873167906840525,0,3250.0,0.00075,3.132909214499667,0.2875528953067644,8287.815886633682,0.2688956375931966,-0.4806181428599446,0.39290319015674646,0.9965802793755437,2.3826882008725954,0.00031830238726787696,373.2122547866475,0.7880940201672942,0.2659042367942058
101,ds101_time101_26.h5,0.0009873167906840525,1,3250.0,0.001,2.6272347075422005,0.3083253832127757,11732.136689936775,0.1733228830494408,-0.4769137698729565,0.33754535818925163,0.9765793743675497,2.4062078648388128,0.00031830238726787696,368.99481073047747,0.7536808011844821,0.2920572535168258
101,ds101_time101_27.h5,0.0009873167906840525,1,3250.0,0.00125,2.310373502227561,0.26389274354689485,30047.245824710204,-0.10368849201261894,-0.45118301963493873,0.27529051270990307,0.9986000628681133,2.8969169066558575,0.014270557029176486,444.45143343864083,0.7511044136429107,0.3344664904267417
101,ds101_time101_28.h5,0.001993089151241226,0,3500.0,0.00075,2.791953120365444,0.27045510128297445,7187.323347131135,0.5008525201655294,-0.4777522376042925,0.07094987410203597,0.9964015609600937,2.3275839159331446,0.000267857142857153,399.43734887986164,0.6960200202679355,0.2304908583741084
101,ds101_time101_29.h5,0.001993089151241226,0,3500.0,0.001,2.885769494544005,0.3011230519685191,10751.529554209174,0.19291968823054073,-0.470281056954486,0.12229996487869138,0.9939772494474085,2.3702760415749986,0.000267857142857153,375.4841505494303,0.6792959478491565,0.23334259808942648
101,ds101_time101_30.h5,0.001993089151241226,0,3500.0,0.00125,2.96697757676224,0.32887824011941036,16083.043691202027,0.1304460264034255,-0.46717206088359275,0.1798905693328688,0.9920385766232147,2.311349170103221,0.000267857142857153,372.9316520542433,0.6706135268144311,0.23448686966263407
101,ds101_time101_31.h5,0.001993089151241226,0,3500.0,0.0015,3.0085405460449346,0.3059884671625863,23058.92875066703,0.08376067287043792,-0.4639775245680404,0.24189572528068054,0.9934299252506824,2.4090277315936586,0.000267857142857153,366.6106158692706,0.6634697187071602,0.2362627826579482
101,ds101_time101_32.h5,0.001993089151241226,0,3500.0,0.00175,3.0376104753881608,0.3210198316721228,29095.9856767234,0.06347162654509199,-0.4609726391333579,0.3399877924581762,0.9911568253810965,2.3634316851992336,0.0003214285714285836,363.5824530386866,0.6591350516564712,0.23836329885491256
101,ds101_time101_33.h5,0.001993089151241226,1,3500.0,0.002,3.0829064854024426,0.33415446996639087,37949.07704115432,0.08765950440348504,-0.45847887304961,0.43625598241326974,0.9928628434518052,2.3991102149571235,0.0003214285714285836,360.74855613884307,0.6581834455134788,0.23991417463383347
101,ds101_time101_34.h5,0.001993089151241226,1,3500.0,0.0022500000000000003,3.050344341609764,0.32837396752594505,47936.45873297873,0.05225385300920568,-0.45532490635314704,0.4937425590785045,0.9887680044967961,2.4287180178866272,0.0003214285714285836,359.5313311162984,0.6645767567110158,0.24297276225639927
101,ds101_time101_35.h5,0.001993089151241226,1,3500.0,0.0025,2.399852958469054,0.2758859951952911,94926.59394791353,-0.1548706276213697,-0.43239009516919497,0.2847834897827921,0.9993856382444307,2.880630060264375,0.003910714285714434,411.2821756641114,0.7938552780732604,0.32889520163297514
101,ds101_time101_36.h5,0.001993089151241226,1,3500.0,0.00275,2.4121140209485272,0.259536538749944,196415.80558296895,-0.2858946950113136,-0.409241821173556,0.2839810818857167,0.9994516037272759,3.326595802992915,0.0038571428571430033,485.039214002319,0.7986384195197086,0.35754344334826077
101,ds101_time101_37.h5,0.004897529528814752,0,3750.0,0.00075,2.2951117121289046,0.2550787321734289,6194.1048837337985,0.48417475859313797,-0.48360790605128096,0.4476165404375411,0.9961280887472824,2.3172573176774978,0.0002666666666667483,419.3955752199397,0.7105844915431657,0.1586097168466357
101,ds101_time101_38.h5,0.004897529528814752,0,3750.0,0.001,2.2944471924595353,0.280285830550005,9448.561653963801,0.3373555015389892,-0.48048934701772034,0.41285192617658645,0.9963480503445243,2.3230312881022006,0.0002666666666667483,406.6491544873691,0.7096150047318633,0.15873144553747054
101,ds101_time101_39.h5,0.004897529528814752,0,3750.0,0.00125,2.28500764067574,0.27673818433302333,13348.280786725452,0.20462683506266421,-0.4768388217723485,0.3603573674654489,0.9956079831379043,2.354236520617884,0.0002666666666667483,396.4477373196261,0.7082130803585862,0.15913554696777615
101,ds101_time101_40.h5,0.004897529528814752,0,3750.0,0.0015,2.3320642375062075,0.2920343960088524,23607.968753731897,0.08815974035725602,-0.4704656704614289,0.300008702422157,0.9940566156041338,2.3343567111790122,0.0002666666666667483,383.0412522249852,0.7050960723832903,0.16056155708474618
101,ds101_time101_41.h5,0.004897529528814752,0,3750.0,0.00175,2.3175048273165486,0.3091989755639233,31359.631187579558,0.1330218041976385,-0.46742985972716355,0.2785928924158478,0.9929237701647294,2.326668558132921,0.000320000000000098,382.4714016210849,0.7031885647397325,0.16158604536378945
101,ds101_time101_42.h5,0.004897529528814752,0,3750.0,0.002,2.3467418507963456,0.321110289957413,37203.80058705222,0.07639316856378199,-0.46397469618935516,0.26410558914271337,0.9912258072756545,2.3263124926750076,0.000320000000000098,374.9440972917775,0.7011373180262297,0.16265246445449272
101,ds101_time101_43.h5,0.004897529528814752,0,3750.0,0.0022500000000000003,2.3838879689433643,0.30924527251432965,48654.99938760481,0.053013142233264435,-0.46151432050623004,0.256946637486654,0.990542415509772,2.401085969162714,0.000320000000000098,370.5253383305022,0.6986782681152912,0.16413777161103113
101,ds101_time101_44.h5,0.004897529528814752,0,3750.0,0.0025,2.398477438528498,0.3384075414468023,57339.09277601296,0.06402448905932974,-0.45888883133615516,0.25140171599401007,0.9867477929201529,2.381237004733672,0.000320000000000098,368.112750290126,0.6963286396321878,0.16571091387398357
101,ds101_time101_45.h5,0.004897529528814752,0,3750.0,0.00275,2.4092138269334007,0.31739342452979047,66548.83252290305,0.02880348867201727,-0.4564067330657456,0.24610551158388438,0.9873349019974057,2.3061402091907373,0.000320000000000098,363.7929879217448,0.6927214512651975,0.1678237877361501
101,ds101_time101_46.h5,0.004897529528814752,0,3750.0,0.003,2.4777455130300363,0.3173925228339526,79686.90019517668,0.0384016476321284,-0.453263032610563,0.2723648408075891,0.9841152355858125,2.3456848534636356,0.00037333333333344765,363.00382931830126,0.6898260290410001,0.17082450728850915
101,ds101_time101_47.h5,0.004897529528814752,0,3750.0,0.0032500000000000003,2.528380195872296,0.32476526523705007,88251.53983793088,0.008832536848901111,-0.4510848264820539,0.28658764583106877,0.9849906550061015,2.3371094085997055,0.00037333333333344765,359.7485185977704,0.684927277692714,0.1733842839365899
101,ds101_time101_48.h5,0.004897529528814752,0,3750.0,0.0034999999999999996,2.559466479054999,0.3288038820376029,98312.44125843766,0.04674919360780844,-0.4487135695060672,0.2849275745329793,0.979625619529131,2.335341809809875,0.00037333333333344765,359.1198285601179,0.6797638940079154,0.17661385636405946
101,ds101_time101_49.h5,0.004897529528814752,0,3750.0,0.00375,2.5643248667464205,0.32828766965462186,109875.19822223432,0.02665312460037817,-0.4465888208046928,0.309392951001495,0.9855776179506015,2.2976683131859996,0.00037333333333344765,358.1310414020452,0.6731776727209331,0.18025557585960392
101,ds101_time101_50.h5,0.004897529528814752,0,3750.0,0.004,2.639150420597001,0.3170094985071814,128090.18474677604,0.0484934085980971,-0.4437961451136631,0.32666938229139747,0.9710498208333951,2.350166598599945,0.00037333333333344765,358.223552064346,0.6642936456663514,0.18470375401756997
101,ds101_time101_51.h5,0.004897529528814752,0,3750.0,0.00425,2.6777123275195374,0.31381225453342976,140284.94963641866,0.034597182192530135,-0.44202552533949846,0.3669642186484513,0.9613909831956011,2.270909302550613,0.00037333333333344765,355.10462272453213,0.6528895022519123,0.19036371884535022
101,ds101_time101_52.h5,0.004897529528814752,0,3750.0,0.0045000000000000005,2.904194263243063,0.32128603407778633,176353.25146394814,0.011701734726973834,-0.4377933804333902,0.3992416463664576,0.931153336401056,2.2621125787790737,0.00037333333333344765,356.0452839924117,0.6200914732639294,0.20200415925409018
101,ds101_time101_53.h5,0.004897529528814752,0,3750.0,0.00475,2.9071640953441134,0.3311428144498466,178855.15101935668,0.03474501196236853,-0.4359044142607419,0.45328714041267953,0.9199984800371716,2.2605121059366784,0.00037333333333344765,356.0054968706823,0.5974943685036156,0.2092687464934773
101,ds101_time101_54.h5,0.004897529528814752,1,3750.0,0.005,3.0514069004677307,0.3330170773128066,202345.03079807246,0.00897854702968925,-0.4342639912032378,0.4338225680473851,0.8605366976954208,2.2430722542655253,0.00037333333333344765,356.51980867564765,0.5696642240302122,0.21650792046766257
101,ds101_time101_55.h5,0.004897529528814752,1,3750.0,0.00525,2.875058452562315,0.31357404659923294,232061.19069873783,-0.04275617569872845,-0.43079115398809176,0.3421577283542846,0.9956428182070363,2.4065143551241834,0.003626666666667777,365.4188960809487,0.6836850363761623,0.22868192383162247
101,ds101_time101_56.h5,0.004897529528814752,1,3750.0,0.0055,2.5798420269894122,0.3146003280300348,291884.0880979689,-0.07121797002103576,-0.4233895658988672,0.31408098589743705,0.9988839955514517,2.5235465177993013,0.003626666666667777,399.09135122130994,0.8017665710697622,0.2526848042816216
101,ds101_time101_57.h5,0.0015544141533031265,0,4000.0,0.00075,3.242243555300019,0.25120561270191066,7167.3606195714365,0.4732889450831253,-0.4688323385551317,0.44151477501185693,0.9982552302618611,2.3954471252057385,0.0002142857142857224,445.68981828978406,0.7744479011875172,0.2521819076339844
101,ds101_time101_58.h5,0.0015544141533031265,0,4000.0,0.001,3.0813196296166523,0.2809820703485253,11686.088603822733,0.3227363684753183,-0.46530995883357434,0.40897035253703157,0.998508471646549,2.4178148882744397,0.0002142857142857224,431.54869581172613,0.7701234070911692,0.2549081379149222
101,ds101_time101_59.h5,0.0015544141533031265,0,4000.0,0.00125,3.148995119741259,0.29351608146054886,16681.754522317642,0.17164415822454504,-0.4614051776402657,0.3527233481612842,0.9978897438343167,2.431521176368006,0.0002142857142857224,428.00707919213295,0.7662934470196439,0.2615303228795207
101,ds101_time101_60.h5,0.0015544141533031265,0,4000.0,0.0015,3.163764771178377,0.3106856965896141,23428.334533333877,0.15208159895186185,-0.4575829131391673,0.3211097377989184,0.9983718603149503,2.506585896566142,0.0002142857142857224,423.6010651557783,0.762811384623162,0.2726510320620424
101,ds101_time101_61.h5,0.0015544141533031265,1,4000.0,0.00175,3.3023059493858624,0.316333396090009,35516.87274585191,0.05071885296675689,-0.4530991723071293,0.29401350078837357,0.8435640562872772,2.7189415935082786,0.004017857142857295,427.29862075136657,0.7591103176661289,0.29617831549106266
101,ds101_time101_62.h5,0.0015544141533031265,1,4000.0,0.002,2.58319090916637,0.25352887121553713,71539.47922684245,-0.24184391871182323,-0.4285768351562173,0.3634671647214014,0.9903670382998689,2.875164939621058,0.0039642857142858645,467.41036179466795,0.740524744218288,0.36851033393947574
101,ds101_time101_63.h5,0.0009778852941870217,0,4250.0,0.00075,3.2631871345240473,0.24023094359457864,8877.004861141457,0.520288124977663,-0.45935221958626404,0.4437797163062454,0.9984098847174656,2.3615601504194106,0.00021390374331553552,466.62106378511766,0.7947261207403397,0.26609532807816993
101,ds101_time101_64.h5,0.0009778852941870217,1,4250.0,0.001,3.113019388870666,0.2875109472331694,14145.96711942588,0.2824986160204436,-0.45476345652042705,0.3959783714534858,0.9986560123807366,2.476867601980812,0.00021390374331553552,460.4458446459007,0.7709493820205311,0.27406655377871425
101,ds101_time101_65.h5,0.0009778852941870217,1,4250.0,0.00125,2.43441339214338,0.21665070281376764,33921.99797033616,-0.22464514325731855,-0.4286911272495483,0.41280900521895264,0.9983189556477398,2.915493960536092,0.0037967914438507555,513.8632472703521,0.7456006991341323,0.32191407490843515
101,ds101_time101_66.h5,0.0009778852941870217,1,4250.0,0.0015,2.344477758517941,0.16837981472824515,130250.94787521017,-0.26438149219505397,-0.3816078627826101,0.45129122503789015,0.9983151514859713,4.006320386416945,0.0038502673796796394,651.4676350616801,0.7485368036849352,0.2669894656182405
101,ds101_time101_67.h5,0.000955370327511273,0,4500.0,0.00075,3.3161319459300613,0.2554248849468709,9289.524329092892,0.43764242899203737,-0.4846058626805665,0.43144695852684883,0.9981406085050092,2.426480416854023,0.0002116402116402183,486.69568360909307,0.7278785616067585,0.27500318866090456
101,ds101_time101_68.h5,0.000955370327511273,1,4500.0,0.001,2.5464253152915295,0.2641167326883882,16045.648405807538,0.08108217073805946,-0.4751071621758382,0.39285422179536855,0.9942684496877686,2.548784917633543,0.0002116402116402183,487.51333553435745,0.7368147712425753,0.3302995631790029
101,ds101_time101_69.h5,0.000955370327511273,1,4500.0,0.00125,2.3954531373329893,0.2246699758643298,50276.01124622337,-0.1375130747155242,-0.440002840093721,0.39552943246402233,0.9981862658030256,3.563300801057707,0.019735449735450356,588.5362398712457,0.7440483218615266,0.30071092377514813
101,ds101_time101_70.h5,0.001243793943981128,0,4750.0,0.00075,3.1072567878512034,0.2423484808683345,10359.604335481485,0.4512252542270312,-0.47514551003912975,0.42966524316873567,0.9991479693674121,2.372027926901432,0.00021409455842996697,503.48994380989757,0.6811608233965739,0.2732360822549648
101,ds101_time101_71.h5,0.001243793943981128,0,4750.0,0.001,3.189984027534639,0.2492990910414411,10009.01461849664,0.4837476526972376,-0.47531415617609574,0.412857237122733,0.9994585452706574,2.399689745932337,0.00021409455842996697,503.89763191319753,0.6833839410362265,0.2723443328377043
101,ds101_time101_72.h5,0.001243793943981128,1,4750.0,0.00125,3.073313985511867,0.2674536858439285,14996.9260736674,0.2273508484578857,-0.47010044334730033,0.3673409303207384,0.9987604701450241,2.604976029462682,0.00021409455842996697,489.21901205586084,0.683598664398118,0.2826703155320095
101,ds101_time101_73.h5,0.001243793943981128,1,4750.0,0.0015,2.9499421485930766,0.27379234124131235,27658.272349726376,-0.123399738643715,-0.44769777272076916,0.26983236427460244,0.9985020902467089,2.7234902684528897,0.009687778768956004,503.3598654026995,0.6800278656277863,0.32505278117107583
101,ds101_time101_74.h5,0.0013806945264716191,0,5000.0,0.00075,4.183963668789771,0.1565518706827994,9030.830484282907,0.8702819945893311,-0.47953539067755346,0.06966890965602801,0.999649632730248,2.367330011883828,0.0002142857142857224,549.2119675251787,0.6216520399550377,0.2755334737026316
101,ds101_time101_75.h5,0.0013806945264716191,0,5000.0,0.001,2.926645794845593,0.25809011695012407,13647.473714866459,0.4509651298376793,-0.4747746903744131,0.09097497460371526,0.9994666072179248,2.3875898648709417,0.0002142857142857224,522.7648055993963,0.6112094429864585,0.27592948397448247
101,ds101_time101_76.h5,0.0013806945264716191,0,5000.0,0.00125,2.8951554039660863,0.28958782483896606,15780.23595858438,0.2630096970785238,-0.47032403577227555,0.14186593167807013,0.9995731558089747,2.4188253845317056,0.0002142857142857224,506.0972721935018,0.6013811680731985,0.27701638677864104
101,ds101_time101_77.h5,0.0013806945264716191,1,5000.0,0.0015,2.87028687712858,0.28934630040922626,20592.36763094857,0.1811319616233711,-0.4638845864723114,0.18493689767604485,0.9994131644559026,2.4520584689299056,0.0002142857142857224,495.39909477001953,0.6196536472782879,0.28422101852989246
101,ds101_time101_78.h5,0.0013806945264716191,1,5000.0,0.00175,2.8684455483730082,0.27538583045368914,41975.77774534737,-0.09551009542005595,-0.443421293970292,0.27012521465387124,0.9995782866837412,2.800474869467106,0.005785714285714505,517.5865571413468,0.6881791203034873,0.3190806667305471
101,ds101_time101_79.h5,0.0016702148329537842,0,5250.0,0.00075,2.938742403683289,0.15498955429233907,5902.678941531544,0.7762791865302375,-0.4890471665950396,0.3684827132690994,0.999667310745005,2.3025130689742923,0.0002116402116402183,565.7946553734265,0.5692799841877599,0.281893019103365
101,ds101_time101_80.h5,0.0016702148329537842,0,5250.0,0.001,2.8585073980632494,0.24351062037100202,11466.147887681725,0.48139246551020787,-0.4841096296826103,0.3572045191632086,0.9997169549931446,2.4613516446974746,0.0002116402116402183,541.5041138839005,0.5635426223536129,0.2827665203992838
101,ds101_time101_81.h5,0.0016702148329537842,0,5250.0,0.00125,2.86814989059046,0.28358042142908557,16993.666462929767,0.2786492875009008,-0.4795022914654299,0.31831576433801195,0.9997261603835392,2.354002139338326,0.0002116402116402183,525.7228318577245,0.5565782137563225,0.2833083719497326
101,ds101_time101_82.h5,0.0016702148329537842,0,5250.0,0.0015,2.9919769114532486,0.28896753612572346,25055.473978886315,0.18542512615990486,-0.4755344980963044,0.28981989482909,0.9995223104731732,2.6303655745705683,0.0002116402116402183,514.9329839515608,0.5523480804981366,0.28357250209635454
101,ds101_time101_83.h5,0.0016702148329537842,1,5250.0,0.00175,2.9944519323267644,0.3042463147436827,24865.138791955353,0.14206923107771927,-0.47454851617623484,0.2767144262842836,0.9995073555413152,2.555073283506539,0.0002116402116402183,516.3933366393602,0.5516827442180224,0.2841467124454031
101,ds101_time101_84.h5,0.0016702148329537842,1,5250.0,0.002,3.106362907891365,0.29524090993869656,33691.27042382286,0.11482107642597977,-0.4699473544537198,0.24285187409052233,0.9991966983916616,2.5037024955785636,0.0002116402116402183,506.72370485577284,0.558655720925273,0.2870238794536234
101,ds101_time101_85.h5,0.0016702148329537842,1,5250.0,0.0022500000000000003,2.7394902408144777,0.29568058081590054,49541.132687980135,-0.057225757935960186,-0.44863987423323576,0.19830838235379952,0.9996308754123576,2.7610484172375234,0.00015873015873016372,523.5352592410933,0.652316993286294,0.3237132840285041
101,ds101_time101_86.h5,0.0016702148329537842,1,5250.0,0.0025,2.8388323087058227,0.2680544821645017,100365.48123087,-0.14046969983172666,-0.4215489339700601,0.18737118198497138,0.9998257382198045,3.1547163894526524,0.00015873015873016372,569.8805057382623,0.6848711413429515,0.33024208541237937
101,ds101_time101_87.h5,0.0021914285470269173,0,5500.0,0.00075,2.2644892816008135,0.13984111800524968,6501.8024117260675,0.8856406227953052,-0.4900941657673254,0.3272978027876052,0.9958632062516634,2.291181269087761,0.00016042780748665164,580.2082308488451,0.6250026558618132,0.2382568942938524
101,ds101_time101_88.h5,0.0021914285470269173,0,5500.0,0.001,2.429957567845259,0.2412564908941741,12413.952935357473,0.4643929346363336,-0.4849231682055095,0.2966673519280374,0.9862755106953361,2.3970165204665257,0.00021390374331553552,554.8084440090603,0.6200122051018805,0.2391366126509458
101,ds101_time101_89.h5,0.0021914285470269173,0,5500.0,0.00125,2.6062748208330095,0.2705631456157894,17584.322853796362,0.3090335947993732,-0.47919965491105115,0.2628549586780485,0.9908215194355071,2.417392928884876,0.00021390374331553552,537.0756737759659,0.6158871872281524,0.2421532706036088
101,ds101_time101_90.h5,0.0021914285470269173,0,5500.0,0.0015,2.6067743788258824,0.28724758768227565,16972.288402776903,0.2771185927254265,-0.47931853898808574,0.27538753181254866,0.9883740407081765,2.361650704396738,0.00021390374331553552,538.4425349859279,0.6158910134407684,0.24170109554054073
101,ds101_time101_91.h5,0.0021914285470269173,0,5500.0,0.00175,2.7432420459857028,0.2833438505550787,24782.869073298272,0.1554354560614074,-0.47465000108204786,0.24059851758143988,0.9867204209889087,2.387953367892967,0.00021390374331553552,529.6656997194418,0.6119257143940127,0.24440541006874
101,ds101_time101_92.h5,0.0021914285470269173,0,5500.0,0.002,2.7721865424035625,0.3222407259415543,32505.39111062905,0.1503031002380471,-0.4703314010795398,0.20478336616227463,0.9788241058226932,2.3977091693892847,0.00021390374331553552,521.2399544972853,0.6054847761646673,0.24751272902198423
101,ds101_time101_93.h5,0.0021914285470269173,1,5500.0,0.0022500000000000003,2.8306953030097017,0.3073038038233249,40828.2162285634,0.15067437038740614,-0.4661786010905753,0.17762628187226606,0.9844324627843476,2.468904486521989,0.00021390374331553552,515.3447024119691,0.6005048023986151,0.2503375391252897
101,ds101_time101_94.h5,0.0021914285470269173,1,5500.0,0.0025,2.8274762854678723,0.29893702080655626,43594.38381291007,0.1032800029981578,-0.46614788276662134,0.1765307098522727,0.9858653138725639,2.429603792574028,0.00021390374331553552,516.2873019295017,0.5999416251501806,0.24995597499512193
101,ds101_time101_95.h5,0.0021914285470269173,1,5500.0,0.00275,2.8621614078455644,0.32383739463141437,53989.777369986514,0.09208567369818477,-0.4623324841482102,0.15342031892609967,0.9866696661807262,2.3846919563335263,0.00021390374331553552,511.10945000763314,0.5951670838583724,0.2531955468298566
101,ds101_time101_96.h5,0.0021914285470269173,1,5500.0,0.003,2.9158209531773993,0.3238886562462179,66866.39205028045,0.05961239141729595,-0.45779762623760994,0.13957471677274913,0.9742777637004273,2.560550774980568,0.00021390374331553552,501.70932413111836,0.5923836754844837,0.25695061249896045
101,ds101_time101_97.h5,0.0021914285470269173,1,5500.0,0.0032500000000000003,2.9350883730320017,0.3338850772290515,82192.96124321251,1.3985717859961615e-05,-0.4531132780956895,0.12867049953359516,0.979475059830736,2.4998457826148526,0.0002673796791444194,500.5377987475469,0.5952362808196944,0.2620699272353101
101,ds101_time101_98.h5,0.0021914285470269173,1,5500.0,0.0034999999999999996,2.9557564548915596,0.3161024959180605,86739.6575058802,0.03479166425125735,-0.4526757163476707,0.132702514887754,0.978284930736999,2.446221848803604,0.00021390374331553552,502.6487846140679,0.5949543067449421,0.2622990003759756
101,ds101_time101_99.h5,0.003107839046152241,0,5750.0,0.00075,2.881426888716952,0.07694511191568743,7520.087340946627,1.0773098176839755,-0.46994092168604584,0.28963520627969175,0.9949866686785596,2.3336361090798956,0.00015971606033718388,602.8336598151669,0.6774932748760852,0.21364267730826836
101,ds101_time101_100.h5,0.003107839046152241,0,5750.0,0.001,2.7481211148746936,0.2059991965314507,12807.967235827005,0.6276569797922336,-0.46343236117319425,0.28112745479348217,0.9929479628505047,2.288541775766206,0.00015971606033718388,571.9952079262478,0.6774829372891189,0.2156754364953183
101,ds101_time101_101.h5,0.003107839046152241,0,5750.0,0.00125,2.816462590025387,0.22602002882719407,17716.974614268573,0.4252245503270934,-0.4580030918683903,0.25636799449113523,0.9869257491172411,2.3790304137866958,0.00015971606033718388,549.5860500941035,0.6759746795852547,0.21680143272402877
101,ds101_time101_102.h5,0.003107839046152241,0,5750.0,0.0015,2.7341595437550286,0.25315088942484487,18283.37918490618,0.4179628475649772,-0.4591812608508604,0.25619832831487804,0.9881673586148009,2.3935605717867006,0.00015971606033718388,553.3013813450962,0.6768443582546757,0.21692520733190224
101,ds101_time101_103.h5,0.003107839046152241,0,5750.0,0.00175,2.882492058004509,0.27701048353845614,24816.942028611615,0.2991164712561123,-0.45326523660916773,0.22999792982319636,0.9850979655013739,2.382988962694315,0.00015971606033718388,541.6982843938099,0.6766761994277923,0.2190886599354403
101,ds101_time101_104.h5,0.003107839046152241,0,5750.0,0.002,2.9652466925670447,0.2959875985854584,32789.80675678796,0.21623259234747874,-0.4485200898952629,0.18996343530662235,0.9771514051885027,2.385602062109769,0.0002129547471162452,537.3227877579561,0.6758863278234667,0.22215940352831226
101,ds101_time101_105.h5,0.003107839046152241,0,5750.0,0.0022500000000000003,2.9774924116368626,0.3130610739470401,32453.164182811415,0.181790772863355,-0.4485252136136627,0.19318576836123666,0.982911369709619,2.3999828603843083,0.0002129547471162452,535.6795741984512,0.675890308155978,0.22285865337051156
101,ds101_time101_106.h5,0.003107839046152241,0,5750.0,0.0025,3.0134243608860536,0.300718933762536,42320.74265253429,0.12913292989875955,-0.443471068052606,0.1650111688522134,0.9758713627819093,2.465543442935436,0.0002129547471162452,528.2839286552671,0.674220323022626,0.22561869322264308
101,ds101_time101_107.h5,0.003107839046152241,0,5750.0,0.00275,3.087477738101994,0.2991977100990185,54599.28698793272,0.0960009622299641,-0.4404324874130343,0.14012581303908195,0.975505355661333,2.424320412724075,0.0002129547471162452,527.4716006385086,0.675278350463003,0.23059805706012246
101,ds101_time101_108.h5,0.003107839046152241,0,5750.0,0.003,3.1653567665713185,0.31101039262278074,67731.15944709827,0.10205474168566782,-0.4356033198909604,0.11984849981308629,0.966530826499007,2.4607511264953916,0.0002129547471162452,520.4236948212114,0.6742204137570611,0.2356300212333991
101,ds101_time101_109.h5,0.003107839046152241,1,5750.0,0.0032500000000000003,3.2925272037482456,0.3081811976176999,67525.02865562474,0.05208216512855621,-0.4354800444673185,0.12381404097598862,0.9579851045946669,2.4149454022296255,0.0002129547471162452,520.3821373227622,0.6753708411341918,0.2369273659301962
101,ds101_time101_110.h5,0.003107839046152241,1,5750.0,0.0034999999999999996,3.364534469324739,0.31344146248367155,95385.29891464605,0.039600214890178495,-0.43187641884894606,0.11479117902549908,0.9592093967685201,2.7531439222935594,0.0002129547471162452,527.6259380146261,0.6765999682525253,0.241621613730447
101,ds101_time101_111.h5,0.003107839046152241,1,5750.0,0.00375,3.3370357783942155,0.323820110146695,122814.1115555168,0.04542498577638424,-0.4270865027246979,0.10713928554419681,0.9465656165524968,2.535017521200859,0.0002129547471162452,533.3461784182526,0.6760048019963806,0.24805723700989737
101,ds101_time101_112.h5,0.003107839046152241,1,5750.0,0.004,3.3931222583619824,0.3244753465986051,124196.6885110797,0.00032969442998252897,-0.427579730093397,0.11280528601008218,0.9334476224841601,2.715384331647749,0.0002129547471162452,532.0815875001376,0.6771933109498219,0.2483931360930177
101,ds101_time101_113.h5,0.003107839046152241,1,5750.0,0.00425,3.4824913237722144,0.31049375497271103,160826.41149134998,0.018713326471210424,-0.4226473598428075,0.10616704355674411,0.7655848438648658,2.632410557625073,0.0002129547471162452,531.6529909762241,0.6770825157979348,0.2548822850531122
101,ds101_time101_114.h5,0.003107839046152241,1,5750.0,0.0045000000000000005,3.4994727463524193,0.31663310708978,194066.69981451845,0.018326333730018372,-0.4194708662294742,0.11129357386355672,0.7340860322652313,2.8766674937321457,0.0002129547471162452,533.5511584068727,0.6759621439986268,0.26185584655080985
101,ds101_time101_115.h5,0.003107839046152241,1,5750.0,0.00475,3.54977251717933,0.31465576812045226,189854.8747884544,0.05942474397099646,-0.4193783471937877,0.1074423770547088,0.7351099814461981,2.8401070724541753,0.0002129547471162452,533.8989914897,0.6759628919167588,0.2618891714264108
101,ds101_time101_116.h5,0.003107839046152241,1,5750.0,0.005,3.5690756474464154,0.32274109265042983,228355.79447503868,0.00017621559857934532,-0.41566717880986565,0.11348561396880244,0.7302968433669501,2.979169410783148,0.0002129547471162452,532.0375476990343,0.6778926247211579,0.26988018404726777
101,ds101_time101_117.h5,0.003107839046152241,1,5750.0,0.00525,3.607013515974442,0.3106635452509595,260243.8068377743,-0.03074831612605886,-0.41256922496664394,0.11694314016812198,0.7389547315558612,2.8724638575268138,0.0002129547471162452,537.640589160591,0.677743845094336,0.2758558561898082
101,ds101_time101_118.h5,0.003107839046152241,1,5750.0,0.0055,3.578081673699531,0.33112309043005206,277229.74107940984,-0.021715770710610025,-0.4086678189344432,0.1420878859316599,0.713905510260265,2.859332585733071,0.005430346051464252,538.5342842385832,0.6842400627810971,0.2900809169308557
101,ds101_time101_119.h5,0.003107839046152241,1,5750.0,0.00575,3.5583506201052764,0.3160048807971758,291833.7103678901,-0.0008405061685711135,-0.4082257223536562,0.13831437924049447,0.7160671157898628,2.772608697595924,0.005430346051464252,535.7016916972663,0.6839228136932217,0.28994183257637035
101,ds101_time101_120.h5,0.002357896792636794,0,6000.0,0.00075,3.095909157645894,0.09258001506402058,8076.320522574942,0.9630286792848144,-0.4798911850427898,0.2489274429387601,0.9996531767551704,2.3348582075072004,0.00015957446808509412,621.8003897394022,0.5590092896066163,0.2785273832747319
101,ds101_time101_121.h5,0.002357896792636794,0,6000.0,0.001,2.939828792245418,0.23052058965786948,13748.789646409852,0.5490811086350725,-0.4742522987047575,0.23282283154305877,0.999640217812504,2.371273326912089,0.00015957446808509412,588.523711529062,0.5699330367937063,0.2785753801800833
101,ds101_time101_122.h5,0.002357896792636794,0,6000.0,0.00125,3.019195243300929,0.19658303001769206,13439.54251256007,0.5654833083519242,-0.47358125516871086,0.23730355107683976,0.9993310853594528,2.3145991474572485,0.00015957446808509412,585.6105695259363,0.5693987115182799,0.27869297833706186
101,ds101_time101_123.h5,0.002357896792636794,0,6000.0,0.0015,3.0482887510786196,0.27687447419109645,19909.859733044967,0.3647141619929677,-0.4680874215281387,0.20342326114467776,0.9992049096160532,2.37547667463318,0.00015957446808509412,568.8598314564725,0.5805117622398183,0.27948838993300024
101,ds101_time101_124.h5,0.002357896792636794,0,6000.0,0.00175,3.184329884060567,0.2709927630774356,25970.923101489272,0.20827143175869456,-0.46319514491728114,0.18236838042351233,0.9994736251086015,2.3679533039661673,0.00015957446808509412,554.8319112288441,0.5948184831283737,0.2811049595035681
101,ds101_time101_125.h5,0.002357896792636794,0,6000.0,0.002,3.3512174091062374,0.30091351875772654,25758.936295938693,0.22267316417042482,-0.4634251988331566,0.182638040828544,0.9992679512935155,2.4325669481993666,0.00015957446808509412,556.2795649496447,0.5946723873370227,0.28129044152478944
101,ds101_time101_126.h5,0.002357896792636794,0,6000.0,0.0022500000000000003,3.1927916740185442,0.29967239307161975,35811.903660891985,0.18963760100538443,-0.45795509308155735,0.16200231623557446,0.9992578978039882,2.3930729630513796,0.00021276595744679216,552.9450716536447,0.6153224037735318,0.2846464679499605
101,ds101_time101_127.h5,0.002357896792636794,1,6000.0,0.0025,2.9161325760266794,0.2837627960522515,54051.67606440035,-0.01455153448076873,-0.44760436342453297,0.22849195591743254,0.9813433705176804,2.490020015863978,0.0027127659574466,557.6624741317171,0.6898212503400691,0.31772805807863863
101,ds101_time101_128.h5,0.002357896792636794,1,6000.0,0.00275,2.839241333331678,0.27141896706947444,55840.554664104435,-0.05291965055226405,-0.4477644630189093,0.24065647785844405,0.975102327699565,2.6195253123356106,0.0027127659574466,559.0388545152374,0.6896273495888579,0.3170958404858131
101,ds101_time101_129.h5,0.001526993517058382,0,6250.0,0.00075,2.8866290014181373,0.13386770969723716,8201.44132739255,0.806217895310079,-0.4910310277947661,0.20518340603137722,0.9997360949677268,2.336283617784394,0.000160000000000049,639.2564771070606,0.4880134941989519,0.28173330685168724
101,ds101_time101_130.h5,0.001526993517058382,0,6250.0,0.001,3.0005775998908177,0.21228168044672624,14993.41870698593,0.4565427657506928,-0.4847723518081034,0.18687915277538306,0.999679452729517,2.4960908730245883,0.000160000000000049,608.3893665380078,0.5069500551588093,0.28276082776413813
101,ds101_time101_131.h5,0.001526993517058382,0,6250.0,0.00125,2.917123284702433,0.21017768932583403,15561.358598915343,0.4571679653979619,-0.48514583901278574,0.1896785357667968,0.9995055549862981,2.39531299430778,0.000160000000000049,614.4217078837645,0.509338460370958,0.28249318987977123
101,ds101_time101_132.h5,0.001526993517058382,0,6250.0,0.0015,2.8912888061583035,0.2583407042314627,23777.849151539704,0.20746461192211194,-0.47805057496033804,0.18980970475714345,0.9733520359549823,2.474547588297781,0.000160000000000049,598.6021570425534,0.602296768710844,0.2921768041329145
101,ds101_time101_133.h5,0.001526993517058382,1,6250.0,0.00175,2.2886360204194003,0.09257576233185794,168881.79763053267,-0.6103096231613809,-0.41924150926492126,0.5106907725159379,0.9982599090963316,3.747405886863824,0.0026133333333341335,739.8283382184957,0.7310647433285392,0.3140041668470201
101,ds101_time101_134.h5,0.0011728608256836666,0,6500.0,0.00075,2.7021286929139445,0.06604933896500365,9826.19277291013,1.0823476499505533,-0.4662585063422627,0.20346041248656488,0.9997812532837732,2.3662536634721425,0.00016100178890875172,662.6653758964685,0.46593408981565254,0.2683182951562995
101,ds101_time101_135.h5,0.0011728608256836666,0,6500.0,0.001,2.651980713688981,0.07220763719009393,10060.876071852626,1.011956657299716,-0.4666662896238817,0.20077337331432274,0.9998606163633376,2.4003892160243065,0.00016100178890875172,666.8232043253706,0.4656342637883456,0.26836973059461106
101,ds101_time101_136.h5,0.0011728608256836666,1,6500.0,0.00125,2.8495580023424183,0.18795822649123606,18463.194906794095,0.5177902180353086,-0.45919574049205497,0.19471267164151496,0.999622845038632,2.367810103339653,0.00016100178890875172,634.5069943829133,0.5604734562396243,0.2753322353169183
101,ds101_time101_137.h5,0.0011728608256836666,1,6500.0,0.0015,2.2514024636794243,0.08335806603001972,136247.10029996917,-0.5445776664652575,-0.392258232268972,0.5959986859700332,0.9978815744486869,3.8030724610252733,0.006762075134167571,807.8760387559704,0.7386510870391401,0.29449532995029165
101,ds101_time101_138.h5,0.0010074849058967768,0,6750.0,0.00075,2.6264316959137,0.09839164535835132,9486.702495300571,0.840609743620512,-0.4920097076920317,0.15605399211386148,0.9996697013371568,2.3717161457624827,0.00015873015873016372,677.608363866462,0.44349420033288267,0.2786965612163056
101,ds101_time101_139.h5,0.0010074849058967768,0,6750.0,0.001,2.7192908951683616,0.09326285468192119,9235.735738405365,0.8498695909314676,-0.4915871585030469,0.15868955347568606,0.999636967781383,2.2675626427962987,0.00015873015873016372,676.5807682298198,0.44388876958608403,0.2789808720213623
101,ds101_time101_140.h5,0.0010074849058967768,1,6750.0,0.00125,2.3611091070674313,0.09540086403208403,45952.18527764451,-0.322371874668195,-0.45065090860007656,0.4450496785491634,0.998390976199292,3.293771004573906,0.013227513227513643,750.218109840422,0.7081774125740854,0.31889015209949745
101,ds101_time101_141.h5,0.0010074849058967768,1,6750.0,0.0015,2.206900310750128,0.050989361027204305,269502.4411380703,-0.2658071253865249,-0.3830251995316985,0.6770549802195058,0.9977977292541432,4.840719102597265,0.015767195767196263,965.6716928406337,0.7319833359455507,0.27511954870542543
101,ds101_time101_142.h5,0.0009378617226911525,0,7000.0,0.00075,2.5881941614678317,0.026784827928728827,11602.706139602695,1.086927459464424,-0.46545514192752907,0.14318109682379326,0.9997900824188138,2.369591249274153,0.0001071428571428612,702.3177570426989,0.4451219850291425,0.265131197005816
101,ds101_time101_143.h5,0.0009378617226911525,1,7000.0,0.001,2.5642708279000677,0.03393602920342076,11913.083861820205,1.0961256172629967,-0.4663631861504995,0.14528661703910387,0.9996245900298323,2.436215414955997,0.0001071428571428612,702.3090502028048,0.44546217176099034,0.26460223936127225
101,ds101_time101_144.h5,0.0009378617226911525,1,7000.0,0.00125,2.368026231288705,0.09805299707262516,72081.18120595762,-0.3145058782712006,-0.4125040647852232,0.49104585174674825,0.9983786630676427,3.587375034498609,0.006535714285714533,801.9357156757015,0.710004900918688,0.2987961136087044
101,ds101_time101_145.h5,0.0009378617226911525,1,7000.0,0.0015,2.4199827376233642,0.09366044298933063,74326.71227745982,-0.31110277374108974,-0.41292646860660304,0.4921372337208477,0.9984131340188973,3.5479357563013876,0.006535714285714533,811.4549102028535,0.7098565628083644,0.2987720870605809
101,ds101_time101_146.h5,0.000928347121716736,0,7250.0,0.00075,2.5360831687419387,0.015535772290615979,12385.72376871526,1.1238775813024653,-0.451021327735539,0.14271883181243145,0.9996445357154122,2.3860260980899626,0.000106100795755959,725.6204007646926,0.4402080210716998,0.2568872093979251
101,ds101_time101_147.h5,0.000928347121716736,1,7250.0,0.001,2.458852229591546,0.013229485952799713,12657.561455376184,1.1349525312732285,-0.4515169693043684,0.14878003199126572,0.9997280741407711,2.3824453065418183,0.000106100795755959,725.8370678912922,0.4406029961368332,0.2566275292066659
101,ds101_time101_148.h5,0.000928347121716736,1,7250.0,0.00125,2.530327248830581,0.0751143594293393,54431.4908079187,-0.19052213362079104,-0.40737364640707646,0.42193345145361894,0.9983275484798264,3.3336982810552085,0.0040318302387264415,802.2255546814152,0.6408938754728994,0.2769583175074507
101,ds101_time101_149.h5,0.000928347121716736,1,7250.0,0.0015,2.5368761918819365,0.08490224810340274,54325.26439041412,-0.17696268012330343,-0.4075299302203007,0.42900086479486893,0.9983856306910726,3.2568166235581026,0.0040318302387264415,797.3426389471857,0.6416845015299887,0.2762204891002628
101,ds101_time101_150.h5,0.0009652500864210482,0,7500.0,0.00075,2.4436491398776385,0.026454574659367847,12074.41529226474,0.9893684345019483,-0.48122623974676104,0.11800300575388553,0.9989655456106065,2.4167664392402317,0.0001052631578947194,733.6063660122717,0.44633052167488696,0.26952264451775987
101,ds101_time101_151.h5,0.0009652500864210482,1,7500.0,0.001,2.4196265583029235,0.05915887801204511,12104.156487580081,0.9822120064518663,-0.48060674217647364,0.1178911403571624,0.9988911384015735,2.3245112729498656,0.0001052631578947194,732.8087585589095,0.4460982742239663,0.26920301067946534
101,ds101_time101_152.h5,0.0009652500864210482,1,7500.0,0.00125,2.627571791534546,0.12192561697717719,52206.034713067376,-0.18769285608641925,-0.43734924131837444,0.38860461288232623,0.9987006353518821,3.382403333645315,0.007894736842103955,814.9441508075116,0.5853179233560843,0.2807023164399284
101,ds101_time101_153.h5,0.0009652500864210482,1,7500.0,0.0015,2.65729417574122,0.10323154182384142,53301.78315912621,-0.12195384497747616,-0.4376453095681541,0.3852563090191999,0.9991113932921958,3.4293586324202754,0.007894736842103955,817.6278639764,0.585378382954657,0.2805934308468138
101,ds101_time101_154.h5,0.0010455033077451815,0,7750.0,0.00075,2.5013390841200582,0.06642286794652619,10277.914021520843,0.8489162190586603,-0.49495200649666016,0.09491563177281813,0.9977345150017791,2.2826509738047065,0.000161290322580665,739.3957963456058,0.47659845648899524,0.27678144444395636
101,ds101_time101_155.h5,0.0010455033077451815,0,7750.0,0.001,2.502688821235618,0.04594034046651485,10513.31805573895,0.8847674194485244,-0.4945373869985402,0.09607912954662663,0.9978477097719994,2.344398754541436,0.000161290322580665,738.2734541963681,0.4768798757688067,0.27625711340841297
101,ds101_time101_156.h5,0.0010455033077451815,1,7750.0,0.00125,2.753608271992088,0.13917837631476537,37282.68385184597,-0.1427059953361862,-0.4601402496386811,0.303946072467513,0.9967830979606689,3.1414304482554565,0.007849462365592363,806.020969831608,0.6409591916893247,0.2908611428164733
101,ds101_time101_157.h5,0.0010455033077451815,1,7750.0,0.0015,2.7419020706646684,0.13672057541009952,38134.7385472077,-0.14939679040923096,-0.4594209542461317,0.3177075318985822,0.9975245843017757,3.457825227807953,0.007849462365592363,807.522903872921,0.6417541891129175,0.2904051432894255
101,ds101_time101_158.h5,0.001172768920565911,0,8000.0,0.00075,3.075469267183361,0.05137310379307891,14205.638181385295,0.9184317237601625,-0.47954836253308153,0.08951595312127887,0.9995577980202797,2.6022128499958477,0.0001071428571428612,773.2997954540892,0.5041038987392207,0.2676013716558681
101,ds101_time101_159.h5,0.001172768920565911,0,8000.0,0.001,3.1491054875156146,0.04027774965359243,14105.919630936318,0.9084702865845743,-0.47944880217849434,0.0874370519030192,0.9995740968877873,2.3680253078267177,0.0001071428571428612,764.9840584725176,0.5041314095105633,0.2675743848431669
101,ds101_time101_160.h5,0.001172768920565911,1,8000.0,0.00125,2.6983933024032396,0.14092069895998383,40457.812249015784,-0.01987890394688004,-0.45349283214484604,0.2115300263419509,0.9986003687334236,2.8076509950027546,0.0038571428571430033,778.2422885346675,0.6812959564429626,0.2970756455897582
101,ds101_time101_161.h5,0.001172768920565911,1,8000.0,0.0015,2.6549196918931375,0.13519062124447823,37914.4809314592,0.027348744869280572,-0.4532795506403407,0.21494711326904334,0.9987741808280398,2.8248893080488853,0.0038571428571430033,783.806336807716,0.681849908251673,0.29658377606751835
101,ds101_time101_162.h5,0.0013563180447138368,0,8250.0,0.00075,8.626902740278313,0.1283774764253962,6063.790804504071,2.304803628991387,-0.47487689608668077,0.09686966059702039,0.9999731333295062,2.334971265068459,0.00010695187165776776,920.1955480669675,0.5446017498857143,0.2598177908392467
101,ds101_time101_163.h5,0.0013563180447138368,0,8250.0,0.001,3.912698692988072,0.03159147152363384,15219.832007468098,0.967593084972023,-0.46228523685383965,0.08910731117828828,0.9999544970117162,2.3691570085565337,0.00010695187165776776,797.4759440702553,0.544520049052096,0.25689952580284586
101,ds101_time101_164.h5,0.0013563180447138368,0,8250.0,0.00125,3.8170919566888055,0.02562037574494025,15619.990300649715,0.9224560245413517,-0.4629723187080565,0.08917120881920347,0.9999511537889411,2.3688502019418207,0.00010695187165776776,796.3335994839501,0.5447359581529425,0.2583320221305496
101,ds101_time101_165.h5,0.0013563180447138368,1,8250.0,0.0015,2.8981329964237275,0.19020937643072866,28777.38649879286,0.41297024005063193,-0.4525958881357956,0.10041988581120963,0.999947246324469,2.714498376394534,0.00010695187165776776,757.7803937379581,0.6190738755052919,0.2714046580438458
101,ds101_time101_166.h5,0.0013563180447138368,1,8250.0,0.00175,2.9007117158562523,0.16831557400784858,30745.43264868673,0.4493064982494977,-0.4525635652921637,0.09904484711882776,0.999918422048229,2.53316053817899,0.00010695187165776776,759.4619942189494,0.6196861444778845,0.2715924984046066
101,ds101_time101_167.h5,0.001611052295915003,0,8500.0,0.00075,12.708791536538913,0.10434582548870552,5659.856862805852,2.470702083595246,-0.4579071336035606,0.09429967772306204,0.999970261439047,2.441150704044617,0.00010695187165776776,960.3727835609874,0.6256659794871656,0.24877811177029086
101,ds101_time101_168.h5,0.001611052295915003,0,8500.0,0.001,4.63236786481552,0.02782197907382722,18547.731358329504,1.0290546766405289,-0.44514359314836377,0.08697530944654581,0.9999563602132597,2.451437593666705,0.00010695187165776776,830.1392515615166,0.6178732073223545,0.24572296081696007
101,ds101_time101_169.h5,0.001611052295915003,0,8500.0,0.00125,4.6710403614088385,-0.00864837688171316,17974.72308420934,1.0496300867298012,-0.4458401865588204,0.09276047855264595,0.9999749519961452,2.464327450862054,0.00010695187165776776,823.8334713663621,0.6207863691280917,0.24688707718439437
101,ds101_time101_170.h5,0.001611052295915003,0,8500.0,0.0015,3.3629066500737017,0.18512051523235962,32815.266657911205,0.5626414086955808,-0.4368658060333903,0.08057782731182285,0.9999548750803012,2.5262601519905763,0.00010695187165776776,780.8943163816037,0.6192121032498055,0.2487253008993559
101,ds101_time101_171.h5,0.001611052295915003,1,8500.0,0.00175,3.227509122842365,0.17570618832720508,32009.50273889162,0.5445284222151282,-0.43654828668271717,0.08131574978346079,0.9999500693026598,2.5849468425074256,0.00010695187165776776,780.7098188247257,0.6198613456480518,0.24862851400754354
101,ds101_time101_172.h5,0.001611052295915003,1,8500.0,0.002,2.5346845176747808,0.19944293301699356,61844.50667974553,0.049418009607702304,-0.41657478727668723,0.14648605061685546,0.9979431789274192,2.7018819690923066,0.00010695187165776776,785.0610136887923,0.7493984130520444,0.2946039594219799
101,ds101_time101_173.h5,0.001611052295915003,1,8500.0,0.0022500000000000003,2.501257178365774,0.19351872082565147,57955.038672980576,0.05373493003479076,-0.4174624023365331,0.15301565276870083,0.9982714519386267,2.7841547775034585,0.00010695187165776776,783.1386256009966,0.7488312272033075,0.2946399149226052
101,ds101_time101_174.h5,0.0019576976333142678,0,8750.0,0.00075,12.499175218687087,0.11825807722091763,5873.415346230455,2.0803772830101126,-0.48989537119569065,0.015801932859675467,0.9999221463890369,2.3152358978816596,0.0001071428571428612,951.2493039470706,0.7340251887051692,0.25597960493009786
101,ds101_time101_175.h5,0.0019576976333142678,0,8750.0,0.001,5.103299352755412,0.04960842173048041,26448.31013992394,0.8163480750078488,-0.47825582267910904,0.007180872752954947,0.9998198996232608,2.356702850751022,0.0001071428571428612,827.3599544276699,0.7126479725413033,0.2566967645192092
101,ds101_time101_176.h5,0.0019576976333142678,0,8750.0,0.00125,5.05993225140369,0.06377980795584959,26608.29821669287,0.8069148257663783,-0.4787933029430712,0.0070137304028425615,0.9998905195388884,2.4698366352875345,0.0001071428571428612,827.9371492648229,0.7074715887939683,0.25644068941555753
101,ds101_time101_177.h5,0.0019576976333142678,0,8750.0,0.0015,3.4372782116216833,0.20115123411181823,38403.37106522866,0.4647180407540727,-0.4694133535224444,0.008112129978170348,0.9997091573232105,2.607660991492034,0.0001071428571428612,788.5728021100422,0.6959984443354913,0.26275896375805025
101,ds101_time101_178.h5,0.0019576976333142678,0,8750.0,0.00175,3.2673123978690812,0.19940688920198024,38692.55625901012,0.41057539580573216,-0.46900575058136146,0.007454502052443374,0.9998081482502874,2.4985266089065252,0.0001071428571428612,788.9625689024683,0.6938750986037668,0.2619633490695151
101,ds101_time101_179.h5,0.0019576976333142678,1,8750.0,0.002,3.005475692980081,0.24250620641236753,42707.85824208602,0.17685089583870753,-0.4605698840108157,0.025554972637564385,0.9876273838251057,2.827391450218016,0.0001071428571428612,777.5067550670569,0.7264401612531519,0.29749554276811246
101,ds101_time101_180.h5,0.0019576976333142678,1,8750.0,0.0022500000000000003,2.966629967275084,0.25065692552571495,42696.582949098694,0.1856392854722232,-0.4599538146755699,0.02578869938578411,0.9917465827737523,2.615677682635949,0.0001071428571428612,775.5862843481967,0.7260348243444219,0.2973262784310781
101,ds101_time101_181.h5,0.0021264702080796413,0,9000.0,0.00075,10.23305745499879,0.11312563696166666,5832.117475532015,2.1838361815551965,-0.4728373963159091,0.08033437318962428,0.9992495602092005,2.3481993948007585,0.00010752688172044333,978.7425383385298,0.9093840610876105,0.23625655341877516
101,ds101_time101_182.h5,0.0021264702080796413,0,9000.0,0.001,4.372403200806548,0.02746303214997292,19826.270652032916,0.8800002700669153,-0.4603347647864166,0.07564857965521606,0.9997219890528748,2.630887491642332,0.00010752688172044333,848.624148369546,0.8557787527961014,0.24504637655331618
101,ds101_time101_183.h5,0.0021264702080796413,0,9000.0,0.00125,4.336224693964994,0.03801571837768902,19622.64333892225,0.8782855666354027,-0.4608252816567666,0.0753246828193564,0.9994174977422319,2.467442116961779,0.00010752688172044333,852.4827381027845,0.8555131929608085,0.2453051219091312
101,ds101_time101_184.h5,0.0021264702080796413,0,9000.0,0.0015,3.2814737789977655,0.17552243866689854,35016.536706449544,0.4524338784043433,-0.4508143721712216,0.07027290459179614,0.9992833546823069,2.539998873235526,0.00010752688172044333,810.6370028921963,0.7858351521952424,0.2615962715601264
101,ds101_time101_185.h5,0.0021264702080796413,0,9000.0,0.00175,3.112035113514453,0.1719359732046566,35019.03857252874,0.41817909596857944,-0.4511697634201438,0.0724002368880376,0.9987892444140449,2.5664792030175123,0.00010752688172044333,804.6630969047158,0.7905250552491411,0.2619146938210325
101,ds101_time101_186.h5,0.0021264702080796413,0,9000.0,0.002,2.8960375907021305,0.24079811132391482,56183.79936786748,0.14048848879147458,-0.4369575513138301,0.08447983532651938,0.9946903741303451,2.806421650024562,0.00010752688172044333,789.4927061961824,0.6018966775333402,0.28251067324466433
101,ds101_time101_187.h5,0.0021264702080796413,1,9000.0,0.0022500000000000003,2.938193974575563,0.22497220000285467,57995.587566442,0.15036188413060972,-0.43724207680998456,0.08416705317148088,0.9943843584932028,2.7587631235286914,0.00010752688172044333,789.572954350431,0.6022830284357619,0.28136382911930313
101,ds101_time101_188.h5,0.0018991745803036183,0,9250.0,0.00075,6.615108249036484,0.13178532359642103,6644.430646860159,1.8885773544983728,-0.5067675623200687,0.06584003598235492,0.9994501970909314,2.3784061698657673,0.00010810810810812922,976.6661773832046,0.7815455353270171,0.25818668743031764
101,ds101_time101_189.h5,0.0018991745803036183,0,9250.0,0.001,3.1732822494583584,0.08533147280294973,17754.58161738231,0.6948951876199458,-0.4944890625492794,0.06442980751539629,0.9997236222275149,2.530318716791889,0.00010810810810812922,847.7467571785575,0.7445962200116757,0.26613949772841383
101,ds101_time101_190.h5,0.0018991745803036183,0,9250.0,0.00125,3.1340471648787296,0.06661102977765165,18691.53782102459,0.6605457696181851,-0.49560636705264466,0.06397439329319028,0.9994767302610804,2.488078867157148,0.00010810810810812922,859.125342456778,0.7471041490946208,0.26422543751436
101,ds101_time101_191.h5,0.0018991745803036183,0,9250.0,0.0015,3.0323547669519137,0.22574514309839788,32284.797437757923,0.3471553052097098,-0.4856528826934706,0.06465155462008232,0.999384202080745,2.5216494161706637,0.00010810810810812922,813.4885020417591,0.6944256488755304,0.2997169866916322
101,ds101_time101_192.h5,0.0018991745803036183,0,9250.0,0.00175,2.8858335407556894,0.21663692700787252,32557.162803087158,0.2933737543915327,-0.4843676727110953,0.06197364403931764,0.9995611298346694,2.6292284407926845,0.00010810810810812922,811.2034940954572,0.6912806565258225,0.3001250922805255
101,ds101_time101_193.h5,0.0017318469548263595,0,9500.0,0.00075,4.378903843044933,0.11929422881256047,6404.702467463978,1.8845814254132836,-0.5068296075205073,0.06496037188088673,0.9995634002226979,2.3170901814465146,0.0001052631578947194,986.0933008297301,0.6706272068644958,0.27064773834129024
101,ds101_time101_194.h5,0.0017318469548263595,0,9500.0,0.001,2.6683652638244637,0.05589573269395709,17478.41328898431,0.7495424079726558,-0.4945467014178206,0.06272151550761247,0.9996539821285806,2.440432839863729,0.0001052631578947194,875.551312452181,0.6555313247894711,0.2747536457818275
101,ds101_time101_195.h5,0.0017318469548263595,0,9500.0,0.00125,2.6018837525417995,0.06215238182343641,17169.8307487607,0.6660641703705383,-0.494996412355484,0.0638394024628397,0.9994586094758734,2.4407947454574197,0.0001052631578947194,873.5946552860476,0.6541533654757544,0.27641212429898004
101,ds101_time101_196.h5,0.0017318469548263595,0,9500.0,0.0015,2.816159059826961,0.19293737508635167,36478.38562198072,0.33569264381771424,-0.48460757736505006,0.06260231364409552,0.9996481039516382,2.624388589845693,0.0001052631578947194,838.6596620786654,0.634671138889617,0.3151437534126729
101,ds101_time101_197.h5,0.0017318469548263595,1,9500.0,0.00175,2.820018156204323,0.20063300162102404,35767.75969308447,0.3801553847935302,-0.4847548575177073,0.06088826060928112,0.9997265876844953,2.754661328862632,0.0001052631578947194,841.3979030006273,0.6346824276016679,0.3135413272307518
101,ds101_time101_198.h5,0.0017318469548263595,1,9500.0,0.002,2.830465449592228,0.2142831182920617,35254.391312017324,0.30965492069556244,-0.4851591914692837,0.06442006292921804,0.9996535006292463,2.6525550448843145,0.0001052631578947194,840.0869291124234,0.6350227466025576,0.3166278326947721
101,ds101_time101_199.h5,0.0017318469548263595,1,9500.0,0.0022500000000000003,3.172249895382034,0.05806703214923581,187036.06774412474,-0.6634946763945737,-0.42369028092864286,0.2719740781122362,0.9980640164615867,3.6124689530774567,0.006157894736841085,898.089179544069,0.5577006805566381,0.26055895832163944
101,ds101_time101_200.h5,0.0017318469548263595,1,9500.0,0.0025,3.12814339588186,0.06423936209376158,183530.3903591414,-0.6232207492961683,-0.42439827811385766,0.2702547714420363,0.9972653460747966,3.7071644858458717,0.006157894736841085,900.1859009348909,0.5570175266667279,0.2608421357518139
101,ds101_time101_201.h5,0.0016060469887771382,0,9750.0,0.00075,3.0801930690068615,0.11459532152419616,6433.886857369442,2.0829207130901284,-0.4907395643443442,0.06952803503137531,0.9997247927010046,2.2830257199440616,0.000106100795755959,1033.6134374399062,0.6508550717590912,0.2688918010748835
101,ds101_time101_202.h5,0.0016060469887771382,0,9750.0,0.001,2.4454668916222415,0.03660279980467762,21046.062609805173,0.7846317879891646,-0.47709854896961185,0.06793743603847226,0.999794929652969,2.4651743147508554,0.000106100795755959,900.8115322821633,0.6435702477514872,0.2752290061058523
101,ds101_time101_203.h5,0.0016060469887771382,0,9750.0,0.00125,2.5021523185032963,0.04114930690842389,20747.7946229532,0.8008638644514972,-0.47750824217273824,0.06775745128698407,0.9998084164668803,2.383088150822299,0.000106100795755959,898.2751005782935,0.6445900097646726,0.2760102374790243
101,ds101_time101_204.h5,0.0016060469887771382,0,9750.0,0.0015,2.7190455058870078,0.14963384286484116,43385.940260543124,0.2805831785036217,-0.4622546194040028,0.08681179014325358,0.9996650183905911,2.840778222478435,0.000106100795755959,864.238450860665,0.6020666298777534,0.32764407565252734
101,ds101_time101_205.h5,0.0016060469887771382,1,9750.0,0.00175,2.8265602964530587,0.14980608704215004,44680.36897037549,0.25366665164711377,-0.46201903695952135,0.0838874306957198,0.9993829484975937,2.647396181949057,0.000106100795755959,863.2723418813745,0.6010919864929839,0.3268696450859762
101,ds101_time101_206.h5,0.001510111957176642,0,10000.0,0.00075,2.365447517703089,0.09045165853358816,7488.6110839695,2.2081069983156296,-0.4723169297718196,0.08436930223793977,0.9996602403904533,2.3845891192725244,0.0001071428571428612,1071.192369698356,0.6556839166105354,0.26009547320580384
101,ds101_time101_207.h5,0.001510111957176642,0,10000.0,0.001,2.3890009955502265,-0.03440870040292543,27860.710213844966,0.9932407842254908,-0.45819201652453484,0.06501136232404583,0.9997091016762064,2.378920875196582,0.0001071428571428612,918.4359119272038,0.6515055823896018,0.2647162621792471
101,ds101_time101_208.h5,0.001510111957176642,0,10000.0,0.00125,2.395840271179928,-0.010484150603536246,27425.508177763266,0.9735639607921941,-0.4580541440196509,0.06533077947811938,0.9997013112116251,2.384809075891289,0.0001071428571428612,921.7117007696493,0.6520637269952144,0.2646334121200526
101,ds101_time101_209.h5,0.001510111957176642,0,10000.0,0.0015,2.4108580916019067,-0.010023584618689574,28914.70855995537,0.9505984544465157,-0.45898725464147255,0.06552139004776095,0.9996956952711238,2.389347678969467,0.0001071428571428612,917.6826896930353,0.6525779787156145,0.2637475661766729
101,ds101_time101_210.h5,0.001510111957176642,1,10000.0,0.00175,2.8400820702551854,0.06942667929063284,83466.32940406572,-0.03594440634595916,-0.43124319756240376,0.16444250796773902,0.9998132262752051,2.784953601640736,0.0001071428571428612,891.2105641810832,0.6014669818070003,0.3103294091670195
101,ds101_time101_211.h5,0.001510111957176642,1,10000.0,0.002,2.8512213857854505,0.0808394265197061,80746.4530572111,0.018328092136024404,-0.43159744055314075,0.16512416116541132,0.9997630680511702,2.7708596703177433,0.0001071428571428612,890.4670788774905,0.6015045980048803,0.3106988913238906
101,ds101_time101_212.h5,0.0014363821840486495,0,10250.0,0.00075,2.187922771415828,0.10921439549851653,6712.381563172617,1.7461461487452823,-0.509709535039914,0.07067129522707269,0.9998635885609597,2.292401950146288,0.00010840108401083404,1049.7404838026544,0.6702426805000652,0.28166087844433996
101,ds101_time101_213.h5,0.0014363821840486495,0,10250.0,0.001,2.253185777391189,0.03352769597002658,21761.025037564417,0.6653446961436325,-0.4956513489007773,0.06915149887858589,0.9998788297141465,2.341007743800616,0.00010840108401083404,921.1161862082942,0.66689039750659,0.2864161310969389
101,ds101_time101_214.h5,0.0014363821840486495,0,10250.0,0.00125,2.31951348084445,0.05978313413992353,21754.410220143174,0.6731896280319836,-0.4967269154163139,0.07056315451418901,0.9997787521102476,2.2826028204396094,0.00010840108401083404,918.8535052652556,0.6672634716393598,0.2849309127171488
101,ds101_time101_215.h5,0.0014363821840486495,1,10250.0,0.0015,2.316753043286926,0.05081990532511527,22184.813992455594,0.7140475616420117,-0.4962073068278295,0.0707575437159563,0.9998168312629627,2.396694037500082,0.00010840108401083404,916.867779804554,0.6671807582993896,0.2866009790348047
101,ds101_time101_216.h5,0.0014363821840486495,1,10250.0,0.00175,2.8251177761509045,0.0203846675459618,157377.23705266794,-0.6200864907992139,-0.4277511851160409,0.29938716216424066,0.9974726204162114,3.944571658988446,0.005962059620595872,980.2130858500909,0.6002466559217913,0.29610340182663236
101,ds101_time101_217.h5,0.0014363821840486495,1,10250.0,0.002,2.7761115949040804,-0.006715441494064889,160541.8455482093,-0.6211740691543807,-0.4286250993694101,0.3002159968537182,0.9981836525748123,3.9001540719228416,0.005962059620595872,976.202756140561,0.6003517141175195,0.29611260460103883
101,ds101_time101_218.h5,0.0013796162161158758,0,10500.0,0.00075,2.17306253706817,0.11343353698071845,6465.068371241731,1.7769434917856397,-0.509943978087863,0.07080010171656034,0.999906670633072,2.2942832717300963,0.00010582010582010914,1074.8579136651574,0.6653041945285432,0.28209817154739775
101,ds101_time101_219.h5,0.0013796162161158758,0,10500.0,0.001,2.3555547819042726,0.02913428705712029,22065.422789974833,0.6825109292001161,-0.4966538067206264,0.07004314737749308,0.9998948144380537,2.3919066445593744,0.00010582010582010914,944.6454604002586,0.6637502328136854,0.285601318705578
101,ds101_time101_220.h5,0.0013796162161158758,0,10500.0,0.00125,2.29800237111812,0.03771730341811219,20997.48365490552,0.6817360755843805,-0.49666875699406626,0.07003127975785854,0.9998665729060413,2.2994892428008114,0.00010582010582010914,939.7187037354495,0.6639205054612147,0.2850939677002947
101,ds101_time101_221.h5,0.0013361331570842052,0,10750.0,0.00075,2.099576467264307,0.09765368899712756,5726.68309271186,1.9859489676317015,-0.4916489937971894,0.07944766203740583,0.9999010802638979,2.2986634742171894,0.00010733452593917712,1102.6196928108873,0.6945788730085585,0.27207581327061425
101,ds101_time101_222.h5,0.0013361331570842052,0,10750.0,0.001,2.1654414188613735,-0.037466380706429714,27142.1411548119,0.8373052160316083,-0.47707126464019217,0.08136341422909048,0.9997424375533369,2.369212198305691,0.00010733452593917712,970.1916446700295,0.6938829511518226,0.2748835730520675
101,ds101_time101_223.h5,0.0013361331570842052,0,10750.0,0.00125,2.1772332091738935,-0.016535887027171903,28083.246221250818,0.7654296439404095,-0.4765540672537317,0.08436885216964178,0.9998430329248321,2.387152678042629,0.00010733452593917712,968.0011768942776,0.6938602372117892,0.2748638659557507
101,ds101_time101_224.h5,0.0013032839077520304,0,11000.0,0.00075,2.0490949902376476,0.1151153365988089,5752.725903981698,1.9411840760346204,-0.4908447905079813,0.07748850327472483,0.9995445451279064,2.2994447107099383,0.00010489510489508636,1128.6750257535514,0.6928777025652582,0.2718447866997022
101,ds101_time101_225.h5,0.0013032839077520304,0,11000.0,0.001,2.062175177917994,-0.058879978368374664,27674.404756989374,0.7981535054987218,-0.4762473297073496,0.08158123828907779,0.9996158087136,2.3403482870430583,0.00010489510489508636,982.2603855088731,0.6921826227711739,0.2730173409958322
101,ds101_time101_226.h5,0.0013032839077520304,0,11000.0,0.00125,2.0402105955995995,-0.06079831871158814,27287.630449394932,0.817651892201555,-0.47642564701142315,0.08361570457010865,0.9996596150040816,2.4090123126285086,0.00010489510489508636,978.3222913047964,0.6920268531077888,0.27301200633351497
101,ds101_time101_227.h5,0.001279117074195102,0,11250.0,0.00075,1.9408636802411985,0.09855140066634838,9010.155979137964,2.2305479016244543,-0.47156401576286155,0.094564809880365,0.9988391585767935,2.3605124376358746,5.3333333333335786e-05,1171.4484347500374,0.7278387219928762,0.2591678099796638
101,ds101_time101_228.h5,0.001279117074195102,0,11250.0,0.001,1.963676809717032,0.06098975934917705,9002.268778334406,2.1668147871058276,-0.4716632145834652,0.09166638844914908,0.9985796511642357,2.3835011257844516,5.3333333333335786e-05,1161.7590608560313,0.7278143865935945,0.2596451312757015
101,ds101_time101_229.h5,0.001279117074195102,0,11250.0,0.00125,2.002327499451626,-0.08197341769440403,30556.804120849938,0.9166573156581459,-0.45720571041483865,0.09674532893204298,0.9987737781125222,2.42114086841405,5.3333333333335786e-05,1006.044470427535,0.7277561421175226,0.2587129083749076
101,ds101_time101_230.h5,0.001279117074195102,1,11250.0,0.0015,1.9701146056251433,-0.12875931149095088,31199.545307010332,0.9187875713995475,-0.4573634649062736,0.09823257286920548,0.9986792423905384,2.375896464050166,5.3333333333335786e-05,999.9190598652218,0.7277944041061981,0.2594496931321577
101,ds101_time101_231.h5,0.0012621690582215737,0,11500.0,0.00075,1.9360166269386,0.06803951594066104,10753.28455228302,1.684905223974939,-0.514906303156322,0.1497079928188927,0.999383224710019,2.320830023089744,0.00010869565217391797,1139.2093676974641,0.7686436902455018,0.2812901362329338
101,ds101_time101_232.h5,0.0012621690582215737,0,11500.0,0.001,1.9464564116277994,0.1077204341979292,10460.557214606786,1.637474505556812,-0.5157247066090551,0.14614660581681388,0.999450048275029,2.3120184038416607,0.00010869565217391797,1142.2512636104111,0.7685867837354637,0.2821769839058025
101,ds101_time101_233.h5,0.0012621690582215737,0,11500.0,0.00125,1.9783239166996545,-0.025780218846210845,35159.97932775748,0.1667254707087552,-0.48861185768174437,0.22154672975884837,0.9993125310395342,2.6611298230516782,0.00010869565217391797,1026.2722302523575,0.7668175966909391,0.28363049600823764
101,ds101_time101_234.h5,0.0012621690582215737,1,11500.0,0.0015,1.96115291542303,-0.06630488967529957,36457.91798079328,0.13512001368881385,-0.4893722519301549,0.21390556226028393,0.9990968478115929,2.6704258095114968,0.00010869565217391797,1021.4879661668001,0.7665813012568191,0.28383372309816457
101,ds101_time101_235.h5,0.001251333767426349,0,11750.0,0.00075,2.1228567622316343,0.08755282749749016,10655.590096248197,1.6116325925385726,-0.514036746905806,0.1521027135537889,0.9999325390694752,2.272307328635372,0.00010638297872339608,1160.3640589719269,0.7689938090493034,0.2807499194305724
101,ds101_time101_236.h5,0.001251333767426349,0,11750.0,0.001,2.173910311230779,0.10387445565355913,10674.45103138938,1.670402523800242,-0.5144716530365121,0.15002251377678383,0.9999411739736953,2.275052025090466,0.00010638297872339608,1163.8332985581455,0.7689008107445792,0.2811978514173788
101,ds101_time101_237.h5,0.001251333767426349,0,11750.0,0.00125,2.1751651065205326,-0.023256577441771897,35271.85086941672,0.18880801777498563,-0.4882671244594725,0.21367392936785642,0.9998912713623752,2.6520196364173505,0.00010638297872339608,1042.6873640875565,0.7640668206748772,0.28953040314810774
101,ds101_time101_238.h5,0.001251333767426349,1,11750.0,0.0015,2.1619942650761987,-0.056758733323258204,36606.76983848923,0.20471874649805,-0.4881903457883725,0.21718511038938337,0.9998712149117661,2.59909243385885,0.00010638297872339608,1048.6947667678337,0.7642367454744944,0.28931712105228036
101,ds101_time101_239.h5,0.0012457560327477518,0,12000.0,0.00075,2.348781715675254,0.0874556257582666,10089.519388215303,1.8075221669182875,-0.49397457784812165,0.12388986523417612,0.9999759785566295,2.32742624017058,0.00010869565217391797,1205.906425801515,0.8150326233880696,0.2693244641764292
101,ds101_time101_240.h5,0.0012457560327477518,0,12000.0,0.001,2.3373355470199306,0.091654129238393,9993.969953164056,1.795662068690756,-0.493685202892805,0.1254789210038229,0.9999875312881474,2.301145359922474,0.00010869565217391797,1210.5786907270497,0.8150254199664813,0.2687265026486862
101,ds101_time101_241.h5,0.0012457560327477518,1,12000.0,0.00125,2.386494212328726,-0.08149902710781132,45521.29042489882,0.31325182982914074,-0.46688519722445126,0.1655883554424441,0.9999754019222856,2.6246435351335196,5.4347826086958984e-05,1068.6014692851465,0.8057210314079062,0.2834906060325999
101,ds101_time101_242.h5,0.0012457560327477518,1,12000.0,0.0015,2.3266409680105835,-0.08286859557710002,43807.028855783035,0.2755943054206387,-0.46615048519196073,0.16199727828554264,0.9999848767523747,2.646166224387291,5.4347826086958984e-05,1056.61283570584,0.80556869844892,0.28404216191769016
101,ds101_time101_243.h5,0.0012447637144291817,0,12250.0,0.00075,2.5737706567793124,0.09569226060801705,9900.6612799967,1.7866431027321257,-0.49353000616892284,0.12595103101963223,0.9999955941475999,2.3291741420125494,0.0001064773735581226,1232.7832851537703,0.8151388304445513,0.2686820106226792
101,ds101_time101_244.h5,0.0012447637144291817,0,12250.0,0.001,2.4784999102040284,0.10253175039035023,9879.093490753392,1.7758700404964511,-0.49172450056293815,0.1261299965698966,0.9999921710501498,2.2970410427244667,0.0001064773735581226,1226.699639173712,0.8145950115496648,0.26756715569033496
101,ds101_time101_245.h5,0.0012447637144291817,1,12250.0,0.00125,2.395631080476527,-0.0849021395916636,42526.06085153602,0.2848779948963132,-0.4674349420594341,0.15978567751031691,0.9999925702710134,2.6111176745146243,5.32386867790613e-05,1077.962973180966,0.8015140890913585,0.29058104801884516
101,ds101_time101_246.h5,0.0012447637144291817,1,12250.0,0.0015,2.43331720032007,-0.06698613284646449,42185.66660690124,0.3343994690911634,-0.4671019886220696,0.15962645207169168,0.9999871444843023,2.598738515488959,5.32386867790613e-05,1081.09056833725,0.8013792343845577,0.29054347832195215
101,ds101_time101_247.h5,0.0012478447895450692,0,12500.0,0.00075,2.5935449515199154,0.08410863332516039,9777.304369045945,1.72374505228925,-0.49213338506447213,0.12601702795964714,0.9999959637921971,2.3182550446503734,0.00010434782608695349,1245.2925006466012,0.8148142757295567,0.2669096989675105
101,ds101_time101_248.h5,0.0012478447895450692,0,12500.0,0.001,2.6052725600972155,0.07840272015184335,9735.222118890764,1.757798320406178,-0.4925644258467898,0.12435331984645268,0.9999958926000692,2.279238590280058,0.00010434782608695349,1247.4373410532094,0.814500932037643,0.2676453177469369
101,ds101_time101_249.h5,0.0012478447895450692,1,12500.0,0.00125,2.5363619492912832,-0.07955445136310191,43435.32061707741,0.3788878587491977,-0.4674573828343224,0.15829883475988699,0.9999963602720735,2.6008940054955016,5.2173913043476745e-05,1108.0712385156694,0.7981781152047757,0.294893084536582
101,ds101_time101_250.h5,0.0012478447895450692,1,12500.0,0.0015,2.5399012433154478,-0.06321256804940378,42937.76581463923,0.3745324533447837,-0.4672327073466373,0.15917728337117257,0.9999958587040384,2.604348699788051,5.2173913043476745e-05,1103.0700607045433,0.7979823659824492,0.2951269778811516
101,ds101_time101_251.h5,0.0012545807930205272,0,12750.0,0.00075,2.9496108518913364,0.07444617647212315,15314.775645187297,1.9846597186471044,-0.4689825806891615,0.15282899213684262,0.9999983277415979,2.375639539922319,5.347593582888388e-05,1295.6485513917778,0.8663147202743173,0.2539304728821113
101,ds101_time101_252.h5,0.0012545807930205272,0,12750.0,0.001,2.7923717911027386,0.09050606520803117,15103.946759190781,1.9447888996754887,-0.46926026623094624,0.15753451352965184,0.9999969336701631,2.4087073930956113,5.347593582888388e-05,1286.06781458781,0.8665825083000109,0.2541612654434535
101,ds101_time101_253.h5,0.0012545807930205272,0,12750.0,0.00125,2.5545495268783225,-0.10904218750845729,45080.24128111843,0.5264960181460405,-0.44565488756467436,0.1801236850607736,0.9999972156547867,2.5646291633918534,5.347593582888388e-05,1120.0889242214023,0.8474250362369037,0.28537658161554047
101,ds101_time101_254.h5,0.0012545807930205272,1,12750.0,0.0015,2.524131470335047,-0.10310062271884357,44565.141768447196,0.5548679945647652,-0.44490657277231566,0.181901363795435,0.9999987011688249,2.522853975589377,5.347593582888388e-05,1120.0448201518786,0.8477521451313809,0.28460003029797215
101,ds101_time101_255.h5,0.0012646472401586877,0,13000.0,0.00075,3.1053617505688216,0.07708563641880017,15416.410158384902,1.9550306950153495,-0.4695190252540625,0.15701226295057188,0.9999984618314645,2.3309136493478535,5.244755244755011e-05,1321.674324687035,0.866503405695856,0.25385065612199265
101,ds101_time101_256.h5,0.0012646472401586877,0,13000.0,0.001,2.9831320191694783,0.0812022346451613,15278.16426847775,1.8993481512205017,-0.4688957842064462,0.15641262894039795,0.9999982062195616,2.441675240542925,5.244755244755011e-05,1312.7424921392344,0.8666962483937884,0.25422368657453276
101,ds101_time101_257.h5,0.0012646472401586877,0,13000.0,0.00125,2.603624920907837,-0.077250495184918,44213.984697919426,0.6323311732554607,-0.44618150707410603,0.1737184731942135,0.999994197455524,2.519756840925235,5.244755244755011e-05,1153.7298085733933,0.8465145274540786,0.28375569393972905
101,ds101_time101_258.h5,0.0012646472401586877,1,13000.0,0.0015,2.673388638820665,-0.12749126635643804,44444.568638576064,0.6207225340296428,-0.44660449393728047,0.17433225417444978,0.9999967876195652,2.6465117573037915,5.244755244755011e-05,1141.248945407286,0.8466138627231923,0.2855638413840389
101,ds101_time101_259.h5,0.0012777858396271246,0,13250.0,0.00075,2.9683773266492914,0.09570403480003264,9828.408774475254,1.4247903457234394,-0.5183034301143417,0.19462603917695806,0.9999987013663478,2.27580190299105,0.00010781671159029725,1273.1837944219753,0.9244141172496051,0.2803387056133001
101,ds101_time101_260.h5,0.0012777858396271246,0,13250.0,0.001,2.896799766935031,0.11051085446738429,10187.813282614665,1.361108066415075,-0.5178591498715789,0.19671563799520628,0.9999987159758905,2.294796625395907,0.000431266846361189,1276.6576136820172,0.9241256202910697,0.28007401865587833
101,ds101_time101_261.h5,0.0012777858396271246,0,13250.0,0.00125,2.7579030591365,-0.07416379854407618,64866.54512296813,-0.1521571825545475,-0.479723912260122,0.3053996363423848,0.9999872035317928,3.1152154704081503,5.3908355795148626e-05,1149.921122982111,0.8408668743614021,0.32968777177670067
101,ds101_time101_262.h5,0.0012777858396271246,1,13250.0,0.0015,2.915210037569809,-0.0713673044990184,67630.5273419219,-0.1271457082723542,-0.4795267285823041,0.3026070884081229,0.9999962326931401,2.947216639782122,5.3908355795148626e-05,1160.6938589949636,0.8410265697668661,0.3289518101397724
101,ds101_time101_263.h5,0.0012937952001212903,0,13500.0,0.00075,3.0287305068408266,0.0973668443731277,10429.692342120497,1.4388862885404203,-0.5180670543184382,0.19122537930716096,0.999999077388028,2.3350743562800558,0.0004232804232804366,1310.048982385927,0.9230238906601601,0.2789856021577847
101,ds101_time101_264.h5,0.0012937952001212903,0,13500.0,0.001,2.9588377636469114,0.08800326812418291,10341.947515831538,1.4064961035775352,-0.5178533858134668,0.193763353393346,0.9999992087675116,2.3291669355993885,0.0004232804232804366,1295.355385729666,0.9231191981709802,0.28015795950176775
101,ds101_time101_265.h5,0.0012937952001212903,0,13500.0,0.00125,2.9214648877086113,-0.06728331074912486,59968.43865521109,0.004452845512824222,-0.48112061009520474,0.27465259480276005,0.9999905145137825,2.940363147947244,5.291005291005457e-05,1176.0303111943351,0.8363854708330295,0.3276488257679599
101,ds101_time101_266.h5,0.0012937952001212903,1,13500.0,0.0015,2.8064945436403037,-0.09081067455890901,58869.27041196373,-0.010015702437343597,-0.4810373902906097,0.2772966801070031,0.9999923771775873,2.923006420196107,0.002116402116402183,1172.4747780200657,0.8370972229136519,0.32615701159233257
101,ds101_time101_267.h5,0.0013125148016482025,0,13750.0,0.00075,3.2951307499864444,0.08360159942660572,14307.789159560056,1.6310869053868078,-0.4940599715316095,0.24563555068937717,0.9999988910764279,2.2785609003429923,5.454545454545296e-05,1344.2630738740982,0.9914586921432208,0.26586293978779385
101,ds101_time101_268.h5,0.0013125148016482025,0,13750.0,0.001,3.2378921454401604,0.08604027246074164,14132.281658765814,1.572992558297457,-0.4934327788615049,0.23974281311905052,0.9999980763135742,2.3031785557276394,5.454545454545296e-05,1341.864223857909,0.9915157682103987,0.2643752853048155
101,ds101_time101_269.h5,0.0013125148016482025,0,13750.0,0.00125,3.2649878640728476,0.0718669887431822,14570.747079856126,1.5881306069079135,-0.49451331207502974,0.2380072486890446,0.9999990964797087,2.3323825454550806,5.454545454545296e-05,1331.5214169646679,0.9919336473757256,0.2658982509072181
101,ds101_time101_270.h5,0.0013125148016482025,1,13750.0,0.0015,2.8558554054996215,-0.11410803646203105,92251.75039477056,0.1490501090568969,-0.46245315983700336,0.3053561413754549,0.9999957330316012,2.821044520495213,5.454545454545296e-05,1185.7014908896483,0.9016535963219301,0.320782309119772
101,ds101_time101_271.h5,0.0013125148016482025,1,13750.0,0.00175,2.863161835313677,-0.09389161487018605,90358.53197495421,0.16668345462540315,-0.4626101055100738,0.29987556649979324,0.9999956496898483,2.736494962385251,5.454545454545296e-05,1190.948821936618,0.9033126600796719,0.3200798448138061
101,ds101_time101_272.h5,0.001333818324861125,0,14000.0,0.00075,3.470311798633608,0.06748044330826186,14171.810723357088,1.6420458630323094,-0.49463645116785493,0.2397262396817179,0.9999985591526394,2.375911426537857,5.35714285714306e-05,1366.5787151191569,0.9899588000014475,0.26634409730981745
101,ds101_time101_273.h5,0.001333818324861125,0,14000.0,0.001,3.2855680573651136,0.08041655666694791,13837.971713527082,1.58417367042172,-0.49336159247903677,0.2362375519278412,0.9999989302688899,2.284745443050945,5.35714285714306e-05,1364.4491743054525,0.9904452562586482,0.26445987876838495
101,ds101_time101_274.h5,0.001333818324861125,0,14000.0,0.00125,3.37229292432525,0.0737401914491993,13767.408817831865,1.6243205378846215,-0.4943790176829588,0.23788687672440645,0.9999992548876884,2.269767589075632,5.35714285714306e-05,1367.0811642768415,0.9898927752539359,0.2660532123679315
101,ds101_time101_275.h5,0.001333818324861125,1,14000.0,0.0015,2.943068042372205,-0.10780730531155025,84757.50832504395,0.20724640751432213,-0.4652508449817183,0.2933271024358723,0.9999983950824028,2.72715909580435,5.35714285714306e-05,1203.9427599895748,0.8889209752529053,0.32245761633899184
101,ds101_time101_276.h5,0.001333818324861125,1,14000.0,0.00175,2.884397732391995,-0.10607597973832572,84640.65054407102,0.19312549405617893,-0.4657123782978648,0.29219619840342304,0.9999985265145445,2.8602337233395243,5.35714285714306e-05,1210.2086368576538,0.8897131470602928,0.3218642746842199
101,ds101_time101_277.h5,0.001357615813503505,0,14250.0,0.00075,3.6384196182161683,0.07153306939838311,14261.551914363023,1.6642869303887646,-0.4947507534386973,0.24184673898436254,0.9999992086953193,2.387717875903946,5.2631578947366635e-05,1394.9109014061107,0.988982717818839,0.2667906074041394
101,ds101_time101_278.h5,0.001357615813503505,0,14250.0,0.001,3.4842877218808823,0.059547500211484916,14389.274073292578,1.6411464948125671,-0.4943050183331196,0.23842848888765017,0.9999986716963835,2.301006668882265,5.2631578947366635e-05,1386.3536174366543,0.9892236783991117,0.2662039958463906
101,ds101_time101_279.h5,0.001357615813503505,0,14250.0,0.00125,3.5156814486849166,0.06417529247562648,14208.33991744358,1.6213634892415896,-0.4956991890430446,0.24302483887331486,0.999998062508431,2.261300012306071,5.2631578947366635e-05,1394.7195683665525,0.9889810189181143,0.26712440291298134
101,ds101_time101_280.h5,0.001357615813503505,1,14250.0,0.0015,2.8370118928336208,-0.08185701254677591,84748.74124202396,0.1343232341702082,-0.4646446695875017,0.2914803246456424,0.9941134017754166,2.720488140369206,5.2631578947366635e-05,1231.6840407511843,0.83043884331186,0.31260306077782596
101,ds101_time101_281.h5,0.001357615813503505,1,14250.0,0.00175,2.9827932107650956,-0.11641289148632228,89324.01591478253,0.15974685708676822,-0.4661067859963088,0.2894143194592729,0.9950304456995203,2.7284257184302403,5.2631578947366635e-05,1236.4944370078701,0.8303098400614894,0.31284560008186996
101,ds101_time101_282.h5,0.0013838393985206256,0,14500.0,0.00075,3.9067789396016797,0.05751867090593299,16750.180645695276,1.7994136284810514,-0.46677116714995,0.34140227498741127,0.9999988099013724,2.3519473463307277,5.4446460980038525e-05,1422.4341765270688,0.9347485560818537,0.2523135587170142
101,ds101_time101_283.h5,0.0013838393985206256,0,14500.0,0.001,3.767402460835748,0.068641350224103,16220.55737568164,1.730524422866274,-0.46631717827402497,0.34528437029153963,0.9999994422378744,2.367810707082672,5.4446460980038525e-05,1430.7603229787817,0.9346288798466359,0.25140544145816685
101,ds101_time101_284.h5,0.0013838393985206256,0,14500.0,0.00125,3.812799809988247,0.058514718376822206,16600.65374587869,1.779502539063793,-0.4671374700204224,0.3412704602739903,0.9999987288159767,2.3858329329788406,5.4446460980038525e-05,1422.6720142283873,0.9349114226038098,0.25211849893631116
101,ds101_time101_285.h5,0.0013838393985206256,1,14500.0,0.0015,3.0536303652867467,-0.19674142828243868,118919.51265671127,-0.2016411297544878,-0.4235657039525323,0.4329636155452459,0.9975532548471971,3.303404552724389,5.4446460980038525e-05,1285.8625501669371,0.8207849140426593,0.2714462133143471
101,ds101_time101_286.h5,0.0013838393985206256,1,14500.0,0.00175,3.134940006373427,-0.16672352829687864,114159.77772675446,-0.18663362811537104,-0.4235655714094194,0.43169032097257365,0.9976796236330616,3.060195686615375,5.4446460980038525e-05,1281.3771818390107,0.821123320199176,0.2709728156280518
101,ds101_time101_287.h5,0.0013390201813461258,0,14750.0,0.00075,4.054933461019784,0.056098027866978706,16698.630012826827,1.793014398021967,-0.4678932023240966,0.34005476062652856,0.9999987261333373,2.3617488759201635,5.352363960749174e-05,1450.525554839824,0.9358905444205985,0.25301723228529677
101,ds101_time101_288.h5,0.0013390201813461258,0,14750.0,0.001,4.028614584683881,0.06285473919977402,16351.247461547933,1.794038063508225,-0.4675197335922205,0.3364566061554215,0.999998425105627,2.3278893455289893,5.352363960749174e-05,1443.0656332766328,0.9355444138900835,0.25441888546741986
101,ds101_time101_289.h5,0.0013390201813461258,0,14750.0,0.00125,3.960544750888945,0.06207693635238454,16791.383259206916,1.7805906471426438,-0.46655028657354053,0.34196044499206546,0.9999987600269671,2.378205604214818,5.352363960749174e-05,1440.6210591878405,0.9356505674499161,0.253300742970387
101,ds101_time101_290.h5,0.0013390201813461258,1,14750.0,0.0015,3.174171640133937,-0.16653319623991147,169468.1226172701,-0.48336262750622616,-0.4030239022240954,0.5191582148054591,0.9961759805226772,3.7970375305523283,0.00401427297056188,1355.8569916331512,0.7804005438022765,0.25161104629055764
101,ds101_time101_291.h5,0.0013390201813461258,1,14750.0,0.00175,3.1161465384351676,-0.1441304719633152,175407.71721018374,-0.48831218123909637,-0.40404963160744967,0.5079754120919121,0.9980543807802794,4.0485940538620575,0.00401427297056188,1369.6603201096586,0.7781567009936807,0.2516918642473039
101,ds101_time101_292.h5,0.001273089943466554,0,15000.0,0.00075,4.1450266552494455,0.055950173716416085,16187.51241689371,1.7976059922252061,-0.46649841723145535,0.3414275833075676,0.9999973999627827,2.3218067491044936,5.2631578947366635e-05,1462.6492186745697,0.9367205957058029,0.2542862860414801
101,ds101_time101_293.h5,0.001273089943466554,0,15000.0,0.001,4.008042059991857,0.04044185214591445,17306.771301211076,1.7126294703441016,-0.4662732296375557,0.343191250083635,0.9999989931222791,2.327089426358873,5.2631578947366635e-05,1465.6846702589296,0.9372997138377177,0.2546847995812223
101,ds101_time101_294.h5,0.001273089943466554,0,15000.0,0.00125,4.123043062506859,0.03901413814278776,17209.091137424515,1.7939515653261542,-0.4660901851179195,0.3442003760787009,0.9999976676349885,2.405584719275155,5.2631578947366635e-05,1475.0638355701287,0.9379429417860967,0.2541025974000641
101,ds101_time101_295.h5,0.001273089943466554,1,15000.0,0.0015,3.0715731471157017,-0.17038158630416667,237247.09694537963,-0.6021979814266636,-0.39190736245710567,0.5837617475772956,0.995645476498747,4.309931896860269,5.2631578947366635e-05,1441.3172549404626,0.7527750892968442,0.2540747641240605
101,ds101_time101_296.h5,0.001273089943466554,1,15000.0,0.00175,3.1274963362034196,-0.1670695497297494,243688.43687163893,-0.6167418049424163,-0.39309818348252645,0.5796398432683706,0.9948722201587217,4.224992263823854,5.2631578947366635e-05,1446.4640394691774,0.752335403508113,0.25363353444536546
101,ds101_time101_297.h5,0.0012173134180606033,0,15250.0,0.00075,3.2499059218450728,0.0437616096496285,17625.520813758812,0.9517434336963847,-0.5200226995449292,0.4862695477760856,0.9999991151825881,2.30838978982947,5.4644808743172645e-05,1410.4264233770116,0.9437258582022021,0.3689521960137875
101,ds101_time101_298.h5,0.0012173134180606033,0,15250.0,0.001,3.346988928567583,0.05838898792022951,17385.076740730623,0.9911404272278701,-0.5186351596783592,0.48317322000141905,0.9999988253481082,2.3614725198298547,5.4644808743172645e-05,1412.8583410386698,0.946370271495126,0.3688855754420548
101,ds101_time101_299.h5,0.0011699034930988217,0,15500.0,0.00075,3.413442952683306,0.038005231845837484,16458.066795548333,1.1791824878966666,-0.5236521353163619,0.4618695007801977,0.9999994743750965,2.255681931784861,0.0003763440860215274,1428.101862416054,0.8677854353169171,0.2898537354327158
101,ds101_time101_300.h5,0.0011699034930988217,0,15500.0,0.001,3.443401614090956,0.08775674267344757,16045.980588865688,1.1766976806809646,-0.5233590240795536,0.4667620907351477,0.9999994026582162,2.289571583708295,0.0003763440860215274,1447.573333257466,0.8680123908319488,0.2888207931263211
101,ds101_time101_301.h5,0.0011699034930988217,1,15500.0,0.00125,3.46422582568402,0.06824857505787896,16056.89266424961,1.2400284837896514,-0.5231439185565295,0.47093873445746187,0.9999986686839771,2.2594948916733544,0.0003763440860215274,1438.4907426717616,0.8678646381654632,0.2892884550222726
101,ds101_time101_302.h5,0.0011699034930988217,1,15500.0,0.0015,2.760592841415446,-0.18451657142088473,669532.4706935528,-0.5896656317575909,-0.40398037443561785,0.9555365543554027,0.9939822902262048,5.87459622348398,0.0039247311827959284,1575.5751666388153,0.7615430519635008,0.25599622602051453
101,ds101_time101_303.h5,0.0011699034930988217,1,15500.0,0.00175,2.7666322317267045,-0.19501759293671905,687550.4798507683,-0.6039141767157937,-0.40453364706280853,0.9800121088668753,0.995484407560085,5.488106563394367,0.0039247311827959284,1586.918249360752,0.7622013037377712,0.2574364235087238
101,ds101_time101_304.h5,0.0011294413335086076,0,15750.0,0.00075,3.5478900676560103,0.06958096688257531,15969.35314342083,1.2667780053528548,-0.5224052030077152,0.4624923677826937,0.9999971468302676,2.2824024636302997,0.000370370370370382,1471.5079958685621,0.8703743936272347,0.2874433385836293
101,ds101_time101_305.h5,0.0011294413335086076,0,15750.0,0.001,3.377328249294297,0.08534620376889679,15290.171108183515,1.1629021231228702,-0.522568008904195,0.47147350490405443,0.9999983977314872,2.3407544996187983,0.000370370370370382,1454.1084472499617,0.8703518837375875,0.2892897431725499
101,ds101_time101_306.h5,0.0011294413335086076,1,15750.0,0.00125,3.4076499643372804,0.08962249298141622,15616.920591427686,1.1290258671893028,-0.5226301899822243,0.46371057045261566,0.9999983498290108,2.2741281060201293,0.000370370370370382,1454.7264311011907,0.869897103084829,0.29030809400123453
101,ds101_time101_307.h5,0.0011294413335086076,1,15750.0,0.0015,2.6938340524299584,-0.3084712463745938,686978.659864587,-0.6198671181579694,-0.40395660269313916,1.034793418871407,0.9938956732717188,5.260195980685715,0.0027513227513228378,1599.143948218491,0.7462414719258197,0.25056685103234627
101,ds101_time101_308.h5,0.0011294413335086076,1,15750.0,0.00175,2.6925374886389313,-0.31766940821275313,680178.2024583835,-0.6294622557765718,-0.4039079854582417,1.0129881152323392,0.990951018337056,5.603093183012574,0.0027513227513228378,1605.1166999828774,0.74575958919288,0.2501678149016638
101,ds101_time101_309.h5,0.001094830710498928,0,16000.0,0.00075,3.4918632886035303,0.04199736404708165,15473.80731913817,1.1873876226366937,-0.5226653588051842,0.4667488040587131,0.9999993144802161,2.3043092438552364,0.00036458333333334175,1478.8572645355528,0.8749506921069148,0.2902534255086172
101,ds101_time101_310.h5,0.001094830710498928,0,16000.0,0.001,3.490851260366932,0.08394897286465941,15389.904430340068,1.157044377085347,-0.5232275001941712,0.4632642854070299,0.9999988059134658,2.2586939788649283,0.00036458333333334175,1482.4396057465422,0.8752723943535133,0.292584553399715
101,ds101_time101_311.h5,0.001094830710498928,1,16000.0,0.00125,3.489817657414023,0.07624355039165787,15730.43400680782,1.2156769587136178,-0.5228502287430131,0.45869041598685284,0.9999980386999485,2.259351213687927,0.0005729166666666799,1483.0361647229745,0.8749908058633705,0.29046526786259075
101,ds101_time101_312.h5,0.001094830710498928,1,16000.0,0.0015,2.6924077532704644,-0.38073171008169737,715955.1297445709,-0.5972263232347041,-0.39999041929657714,1.0152284007894365,0.991441113026289,5.397849709080932,0.0038541666666667557,1613.431261418056,0.7317979873526833,0.24872941259832745
101,ds101_time101_313.h5,0.001094830710498928,1,16000.0,0.00175,2.5832306293366534,-0.37222116874680955,715119.0521425003,-0.5541948705967225,-0.4017205315079704,1.0032308099598912,0.9917417649883914,5.331318916244691,0.0038541666666667557,1603.7873601603794,0.7311033114236409,0.24879599061840027
101,ds101_time101_314.h5,0.0010651737355831916,0,16250.0,0.00075,3.933470182432299,0.047382923965370916,18016.17878319628,1.4263790852567237,-0.4955710385188485,0.6670826063056564,0.999998565489432,2.2631680768271365,5.4298642533937014e-05,1524.6285840668586,0.8007751552130592,0.2787417294975827
101,ds101_time101_315.h5,0.0010651737355831916,0,16250.0,0.001,3.817532432860256,0.053442572988123604,17521.725489912715,1.358813114971818,-0.49589498531823833,0.6710065267619727,0.9999985974951928,2.2496849961205645,5.4298642533937014e-05,1520.3864859757216,0.7995046286544978,0.2801644839936641
101,ds101_time101_316.h5,0.0010651737355831916,1,16250.0,0.00125,3.9297285062722516,0.03479880246645117,18242.650016824642,1.4368219233703388,-0.49562464000534856,0.6672818897892707,0.9999982802478956,2.352847102590942,5.4298642533937014e-05,1528.9012411479882,0.8001764183176129,0.27798213845609687
101,ds101_time101_317.h5,0.0010651737355831916,1,16250.0,0.0015,3.935814992840495,0.08478158693429494,16691.97351125093,1.3791637379350628,-0.49568879874605415,0.6658769279656885,0.9999992538894871,2.3403026501885207,5.4298642533937014e-05,1531.0777557153012,0.799548590306453,0.2785860228201521
101,ds101_time101_318.h5,0.0010651737355831916,1,16250.0,0.00175,2.5624641176452494,-0.38441600287892164,816802.3624136213,-0.49670114694769,-0.37554721421531484,1.1463375740622292,0.9904426845955723,5.455305857414855,0.0027149321266968507,1622.7665462935502,0.7744643031093069,0.23882102333134722
101,ds101_time101_319.h5,0.0010651737355831916,1,16250.0,0.002,2.588133939067575,-0.4137195727403875,792538.3335722925,-0.4985290241671957,-0.37524534597769177,1.1181889972388392,0.9928896034489213,5.431088308358996,0.0027149321266968507,1604.621390648502,0.7744108373512023,0.23955746215615462
101,ds101_time101_320.h5,0.001039757250583601,0,16500.0,0.00075,3.93590053525153,0.05526567739335242,17860.33192287034,1.399210187388026,-0.4963960196671614,0.66372354606552,0.9999993703897063,2.3015859996254764,5.347593582887694e-05,1545.5266327402258,0.8063456278818328,0.2844142736519178
101,ds101_time101_321.h5,0.001039757250583601,0,16500.0,0.001,3.970871635294154,0.07162732434012886,16374.463359992173,1.3535935228536407,-0.4948981978556491,0.6720048957198603,0.9999970653687005,2.31988735144929,5.347593582887694e-05,1543.0278580857603,0.8053517325744511,0.2834374694121439
101,ds101_time101_322.h5,0.001039757250583601,1,16500.0,0.00125,4.0385781694579235,0.08078231293389537,16849.526938418014,1.4125403471738176,-0.4966152827633597,0.6685699250898296,0.9999973560095529,2.3744201440527917,5.347593582887694e-05,1558.5591616572624,0.8043560081905965,0.2843095065252939
101,ds101_time101_323.h5,0.001039757250583601,1,16500.0,0.0015,4.003137078089271,0.06590354731302872,17318.634225491965,1.4182040221721877,-0.4973121141233855,0.6744422595773537,0.9999977531372548,2.348139127974377,5.347593582887694e-05,1561.103269490689,0.8054409777840893,0.2848262434478389
101,ds101_time101_324.h5,0.001039757250583601,1,16500.0,0.00175,2.52324676715136,-0.36704528053186825,771076.9121485515,-0.4126599034530663,-0.3784833809026917,1.0999301536020507,0.9875813158912342,5.445364572222481,0.002673796791443847,1637.489488272676,0.7594424179735004,0.23713229500912558
101,ds101_time101_325.h5,0.001039757250583601,1,16500.0,0.002,2.5968326074299277,-0.3392983795686131,751160.2285499794,-0.45133119423827045,-0.37893063285717127,1.080175406747533,0.9879680822415652,5.552385048741337,0.002673796791443847,1622.46841644135,0.7594329046351836,0.23716048891543742
101,ds101_time101_326.h5,0.0010180044916132968,0,16750.0,0.00075,4.046353897362122,0.05192787219658679,17146.43957055303,1.3979223662616918,-0.49633613290710593,0.6800038794084549,0.999998729791455,2.3505235116672627,5.2677787532928726e-05,1569.646751587883,0.8119907381536212,0.2886097834755248
101,ds101_time101_327.h5,0.0010180044916132968,0,16750.0,0.001,4.015112864511855,0.05583886816386752,17480.254565698313,1.3808392539612921,-0.496394366698585,0.6618909858124572,0.9999992565766309,2.285011165400637,5.2677787532928726e-05,1566.211821764443,0.8134984384544512,0.29031424694969304
101,ds101_time101_328.h5,0.00099943190531039,0,17000.0,0.00075,4.076033842349454,0.03480444634632063,17424.86581633488,1.4089795315325278,-0.49639962113668923,0.6747056252110587,0.9999982735483239,2.342151415776787,5.1903114186846455e-05,1589.6746430970643,0.8184897713257128,0.29275205883180033
101,ds101_time101_329.h5,0.00099943190531039,1,17000.0,0.001,3.9463690472611597,0.04797357036243466,17560.613382442978,1.3728670013353446,-0.4952149619000148,0.6664392723120881,0.9999988807059698,2.3113646249291184,5.1903114186846455e-05,1584.3334808784198,0.8204387432941521,0.29104828607070826
101,ds101_time101_330.h5,0.000983643973409352,0,17250.0,0.00075,4.460858539177724,0.047298330308352954,17083.165746677492,1.587727324107406,-0.4632929911095478,0.9045300047330914,0.9999970199222835,2.3788981374877056,5.4347826086958984e-05,1638.0117495274974,0.7379169951461767,0.278012155182679
101,ds101_time101_331.h5,0.000983643973409352,1,17250.0,0.001,4.442286849824004,0.02753916000456269,17860.055108543962,1.5707072422393364,-0.4637170405694037,0.8850922130806648,0.9999989918131232,2.3462559022139433,5.4347826086958984e-05,1635.1909661515965,0.7385210570554189,0.2791074415510984
101,ds101_time101_332.h5,0.0009703125326852073,0,17500.0,0.00075,4.596310140949301,0.01952208135164346,17353.80751379409,1.6114194543907148,-0.46435409528954363,0.8907164211691919,0.999999261063945,2.3419413508053464,5.35714285714306e-05,1648.8856036331774,0.7418349789447806,0.2801262382002199
101,ds101_time101_333.h5,0.0009703125326852073,1,17500.0,0.001,4.474922330385524,0.016450431649396746,17645.589535441508,1.5405369145247663,-0.46314595193222013,0.8993794245121648,0.9999991204738864,2.4326752640688056,5.35714285714306e-05,1651.4839337590136,0.7438860990674021,0.28132465804884355
101,ds101_time101_334.h5,0.00095915482237737,0,17750.0,0.00075,4.586800416546609,0.03627222015353637,17315.644202749263,1.5582768874354942,-0.4649822992258979,0.8788082436367768,0.9999986328670287,2.3568665623995306,5.2816901408452015e-05,1677.942538643054,0.744953794164912,0.28444511588472776
101,ds101_time101_335.h5,0.00095915482237737,1,17750.0,0.001,4.522099025467793,0.02644366464878045,17472.488967972386,1.5635682732227494,-0.46428784668732065,0.8767342740712442,0.9999988061079093,2.362458080269746,5.2816901408452015e-05,1688.8017770362553,0.7464234496804464,0.2843529274649142
101,ds101_time101_336.h5,0.0009499382675535723,0,18000.0,0.00075,4.6849466298825435,0.032466178949375424,17587.57663150681,1.586751810682008,-0.46460725080944776,0.8879367566904223,0.9999993528068334,2.440955703684763,5.2083333333334536e-05,1706.6524429040714,0.7460208059600127,0.2854185055014444
101,ds101_time101_337.h5,0.0009499382675535723,1,18000.0,0.001,4.6085343667603995,0.022518373886100118,17781.844803835324,1.567814558925852,-0.4642058892057608,0.8949138292045348,0.9999992765602339,2.3171452061779183,5.2083333333334536e-05,1707.2997498715013,0.7461066309887564,0.28436938643255455
101,ds101_time101_338.h5,0.0009424650184960005,0,18250.0,0.00075,3.014062491668107,-0.003837435874598061,32005.687860827038,0.308400836121058,-0.5205026763743243,1.5431659288485617,0.9967258521187587,2.6310527636166587,5.4794520547945404e-05,1654.9911945394065,0.8921744776940037,0.29199143993931703
101,ds101_time101_339.h5,0.0009424650184960005,1,18250.0,0.001,3.2320609436591146,0.021090996980560384,32456.831422316747,0.2675800486084002,-0.5189088355884414,1.5542204107708162,0.9969239379064398,2.789981267746762,5.4794520547945404e-05,1654.113161399784,0.8936532373037018,0.29192771315477384
101,ds101_time101_340.h5,0.0009365638021510457,0,18500.0,0.00075,3.290937240188158,0.02313950749921423,30858.220083883312,0.43079641872287006,-0.522222671455207,1.553404076157895,0.9971253386330572,2.6382902379391706,5.405405405405419e-05,1690.5412647804872,0.8931327675529943,0.2957982345923395
101,ds101_time101_341.h5,0.0009365638021510457,1,18500.0,0.001,3.3328202879050077,0.024484961720470322,31148.148659132785,0.3968252470302099,-0.5228124108930591,1.551305258190167,0.9965596316438777,2.6337631090310167,5.405405405405419e-05,1668.3048366407786,0.8955565646047061,0.2979767623933205
101,ds101_time101_342.h5,0.0009320862185731114,0,18750.0,0.00075,3.1191677903834836,0.019964859063817286,33280.24165168051,0.34644754810857004,-0.5193118261307816,1.5421824628264265,0.9953872065829332,3.030930734908371,5.3333333333335786e-05,1711.8748736668515,0.8290329927537642,0.2820218229070741
101,ds101_time101_343.h5,0.0009320862185731114,1,18750.0,0.001,3.2929550363935003,0.040236712448233014,33941.43324723063,0.35405921562086534,-0.5218399396345986,1.528753698722231,0.9973593691545758,2.903003916302633,5.3333333333335786e-05,1723.4891147660696,0.8270855870298965,0.281195904871327
101,ds101_time101_344.h5,0.0009289089838249228,0,19000.0,0.00075,3.0669887523146846,-0.03478267044826877,95869.3794381971,-0.1278612195336428,-0.48209669033266295,1.445187374916302,0.991809942800647,4.670183829881847,0.0,1826.499656472657,0.7469328028343685,0.3397067054930297
101,ds101_time101_345.h5,0.0009289089838249228,1,19000.0,0.001,3.071881676289464,-0.0504215272514299,95360.58341986098,-0.1367938253539737,-0.48340632043673687,1.496332491036875,0.9935671369494031,4.46715307956916,0.0,1819.8510070198586,0.7466815613065876,0.3391761524922798
101,ds101_time101_346.h5,0.0009269207969296015,0,19250.0,0.00075,2.9371857967370048,-0.08220156429247139,82986.55812474084,-0.3202454878394605,-0.48877352260536183,1.521870946103022,0.9951017624210079,4.031305634592797,0.003948051948052034,1796.2562112438468,0.7536400088163606,0.2971858776823346
101,ds101_time101_347.h5,0.0009269207969296015,1,19250.0,0.001,2.921953149575786,-0.13052987498535873,86969.88484361988,-0.3282235037115203,-0.48962341700199036,1.4820570035583096,0.9928887068920715,4.0616749796155505,0.003948051948052034,1797.31339347801,0.7524162057341736,0.29710005194071787
101,ds101_time101_348.h5,0.0009260292405873572,0,19500.0,0.00075,2.819758487233989,-0.09149059239339685,83370.06349524573,0.017610304273532527,-0.46280818297613596,2.1952139870808685,0.9946773417887177,3.476743441807695,0.00390109890109874,1833.608562046257,0.8235688275394989,0.2584315329183112
101,ds101_time101_349.h5,0.0009260292405873572,1,19500.0,0.001,2.980872722233266,-0.07739511968509416,84898.09483730534,-0.08402686805756675,-0.4636868031276785,2.2032960137579054,0.9940145958829643,3.49919157082665,0.00390109890109874,1817.5847350722834,0.825560927757953,0.25840903025672973
102,ds102_time102_1.h5,0.00045752517890077676,0,2000.0,0.00025,7.817412994841214,0.1532955570137653,2121.6809170166484,-1.3629935347413593,-0.7678678521043917,0.4857916826553842,0.992404706573994,1.944136462786105,0.005372340425531502,266.8866570449331,0.7510253229789697,0.38201282517033713
102,ds102_time102_2.h5,0.00045752517890077676,1,2000.0,0.0005,2.472721134744206,0.274364334188658,8882.51427997686,-0.2643661572794535,-0.7571521118395035,0.18279261156488524,0.9988377908904417,2.511825935755646,0.0054255319148932,333.0548825041527,0.736198134041648,0.5545137473333405
102,ds102_time102_3.h5,0.00045752517890077676,1,2000.0,0.00075,2.180343725470313,0.12304875508611102,210227.74694152284,-0.06524157266026495,-0.6915554677313016,0.2573759128360166,0.9991831749923296,5.258528110759633,0.005478723404254898,762.5480780109181,0.7385599363556304,0.39249677098870195
102,ds102_time102_4.h5,0.0008168354373434626,0,2250.0,0.00025,2.36608806528415,0.14607377604590066,2603.8872488949655,-1.3166911784803603,-0.7682976988749207,0.47408109181286495,0.9943902909374454,2.0177792527697416,0.00474666666666812,292.9933066138268,0.7276079720753021,0.27955555201411725
102,ds102_time102_5.h5,0.0008168354373434626,0,2250.0,0.0005,2.3781923190126726,0.274580457141405,6941.046722225449,-0.41485825689458433,-0.7675943851045641,0.4119444989025867,0.993576833408235,1.9677056172658616,0.00474666666666812,279.9413405243359,0.7251379357417829,0.2857036617312256
102,ds102_time102_6.h5,0.0008168354373434626,0,2250.0,0.00075,2.4104173362457857,0.2938036830528661,9690.875194753116,-0.2700761308028261,-0.7678589078870338,0.3531222680595993,0.9934508944993927,1.9732010848202857,0.00474666666666812,276.89854241901685,0.7229897511094617,0.28953175515946833
102,ds102_time102_7.h5,0.0008168354373434626,1,2250.0,0.001,2.8073995543526937,0.29928065559523176,47861.91845302572,-0.16671780028880673,-0.7304340003201355,0.10101191944204774,0.9994481522124473,3.4241126932201036,0.001760000000000539,409.67718826539027,0.5399845098638537,0.5347833934243585
102,ds102_time102_8.h5,0.0008168354373434626,1,2250.0,0.00125,2.7509887327800038,0.2503514160054683,257137.49890104606,-0.23764108011505067,-0.6871433777926393,0.19499638269748326,0.9991479321471222,4.97680367645936,0.001760000000000539,569.7632628600206,0.5134090208917511,0.3917276761973212
102,ds102_time102_9.h5,0.00043931268633373927,0,2500.0,0.00025,3.292605978295292,0.12361317184283904,3093.718673033364,-1.396846318124653,-0.7682819152009331,0.4607141172379085,0.998410533037209,1.9286875447236553,0.004300884955748874,317.5353308474771,0.5342070098949765,0.2658150023374058
102,ds102_time102_10.h5,0.00043931268633373927,1,2500.0,0.0005,2.5767675461593327,0.22588040609323867,6656.564108677549,-0.5695182932500619,-0.7633946358430299,0.25671981147797973,0.9985447689551133,2.2650293563340673,0.007752212389374513,341.1796434072526,0.7169448309419955,0.5014981271374501
102,ds102_time102_11.h5,0.00043931268633373927,1,2500.0,0.00075,2.166934298079751,0.09367854920939234,190102.07546917535,0.3393792219769028,-0.7067095192084643,0.27375449862566625,0.9988003515425053,4.949386112828078,0.007699115044241811,769.5064023258184,0.7425809226274445,0.3947714281284345
102,ds102_time102_12.h5,0.0006673420480356513,0,2750.0,0.00025,4.756325080289173,0.1654586921177147,1447.8647002851162,-4.076611694521852,-0.7682485477584861,0.4652460253690333,0.9973830589651589,1.8992651625883996,0.0039037433155080167,369.77369039579503,0.7244904729043748,0.3367738704318494
102,ds102_time102_13.h5,0.0006673420480356513,0,2750.0,0.0005,2.4987238020920413,0.21466519927190453,6114.638047889474,-0.7988833276830929,-0.7681168721475593,0.4086184877244983,0.9965854326414755,1.9405893248575883,0.0039037433155080167,327.6127213717521,0.7202312125185549,0.3431707602359688
102,ds102_time102_14.h5,0.0006673420480356513,1,2750.0,0.00075,2.590164899185579,0.26873955085421286,9426.262500731202,-0.4255382883346597,-0.7680086348388,0.3651715448261951,0.9953779644863713,1.9808741692628942,0.0039037433155080167,322.3668557014116,0.7175825516345005,0.3492267601908878
102,ds102_time102_15.h5,0.0006673420480356513,1,2750.0,0.001,2.7811110041642344,0.2781287029909977,54898.15608571071,-0.17791479657166523,-0.7271645245198671,0.15615798619849958,0.9988618298021993,3.480807059088813,0.02026737967914436,458.6426498452418,0.5211410541472052,0.4994855158265478
102,ds102_time102_16.h5,0.0006673420480356513,1,2750.0,0.00125,2.768701147254348,0.2607341004542285,154793.2477567672,-0.13482879726889363,-0.6902673368701315,0.20339094848426117,0.9988645089857056,4.8078527390307935,0.02026737967914436,568.3321174612865,0.5071530977509017,0.4289594777245331
102,ds102_time102_17.h5,0.000595178987102176,0,3000.0,0.00025,19.513726145042266,0.1648003169070611,1652.3850155741538,-3.8553038502784927,-0.7684471965951041,0.4483909014298808,0.9975499592050737,1.9321027924799465,0.0035638297872337688,402.32089473769537,0.7881489925626018,0.39148238418441333
102,ds102_time102_18.h5,0.000595178987102176,0,3000.0,0.0005,3.3964856487382624,0.209825244187418,7255.668382240639,-0.7669773793707414,-0.7680727837528759,0.3966897540915376,0.9977707323257332,1.9976867549380042,0.0035638297872337688,351.7993569721603,0.7770322730312217,0.4035151801487725
102,ds102_time102_19.h5,0.000595178987102176,1,3000.0,0.00075,2.2943486902749712,0.17128565486196012,59363.14349287037,-0.3008086186790109,-0.7069541700872801,0.2742278833768607,0.9989840889765279,4.20503595865476,0.006489361702127161,639.1157755513199,0.7326089006920471,0.44479401122310025
102,ds102_time102_20.h5,0.000595178987102176,1,3000.0,0.001,2.212342398466201,0.1153333955620246,359936.3610166741,-0.13390116784022724,-0.6752308311935739,0.38925008799238775,0.9982671110598148,6.086164996309708,0.006436170212765463,854.9359240620655,0.7348517948578748,0.41072799448726105
102,ds102_time102_21.h5,0.00045414883358907014,0,3250.0,0.00025,22.38453112659787,0.16665557530441688,1499.128002641031,-3.8766895517569906,-0.7687779732996918,0.42311747877893907,0.9982936365331974,1.928482026917434,0.003289124668434729,430.8594420086238,0.7088650355430297,0.3991854228694837
102,ds102_time102_22.h5,0.00045414883358907014,1,3250.0,0.0005,2.190234720328429,0.1833650154244688,25508.758913586676,-0.198537622307832,-0.7287334838425429,0.20050712063082077,0.9979117368919789,3.4790593470872686,0.008010610079574904,583.9066928514197,0.740972930405457,0.43711128862804527
102,ds102_time102_23.h5,0.00045414883358907014,1,3250.0,0.00075,2.065241703725371,0.01841091024359698,120016.52344869281,0.21728244530619553,-0.7228366191947764,0.21253946130658566,0.9974218816492159,4.09449336240867,0.008010610079574904,739.2175923614694,0.7429704963020447,0.35562366732547546
102,ds102_time102_24.h5,0.000879582982337105,0,3500.0,0.00025,6.098613057184679,0.14472790546594205,3194.1138244358035,-3.920988345856301,-0.7686642146783789,0.2793733565037403,0.9982422315855726,1.9308228852874536,0.0030535714285715443,458.1571087588222,0.6006409506623118,0.34367253217972976
102,ds102_time102_25.h5,0.000879582982337105,0,3500.0,0.0005,2.9477320590126372,0.026248133284523023,7230.929732650278,-1.6815638467130303,-0.7685154791485443,0.4184401333650383,0.9983147917264706,1.9364766529007773,0.0030535714285715443,407.33939370613376,0.5975959957231525,0.347043731542038
102,ds102_time102_26.h5,0.000879582982337105,0,3500.0,0.00075,2.905877250698825,0.17437963065390227,7541.349214051963,-0.8917626518986497,-0.768497633615999,0.5902609871050203,0.9986684366821793,1.9120961215669854,0.0030535714285715443,387.66928592570173,0.5963612576451383,0.3492226029755893
102,ds102_time102_27.h5,0.000879582982337105,1,3500.0,0.001,2.2387524113147728,0.2151815923584086,44276.1242787895,-0.3011868896401473,-0.7327178305701227,0.26523118661662476,0.999505002255287,3.201687250869129,0.0011785714285714732,550.3501864288678,0.7671132774592387,0.5761009291894456
102,ds102_time102_28.h5,0.000879582982337105,1,3500.0,0.00125,2.253780942376652,0.16939989591535398,198960.82302902793,-0.24482510947514946,-0.6978869244482179,0.2644882018726906,0.9993775805897717,4.681536881998542,0.0011785714285714732,715.1814993957206,0.7705894061492693,0.43225614315651956
102,ds102_time102_29.h5,0.0023585885244675866,0,3750.0,0.00025,2.5487632059265914,0.12541946965322948,2032.8667623546157,-3.8946347586940213,-0.7690390658201427,0.39795323573838864,0.9981039093085483,1.9200528501748517,0.0011733333333336926,487.50721234088246,0.6503922007643925,0.2569340662374426
102,ds102_time102_30.h5,0.0023585885244675866,0,3750.0,0.0005,2.586883046902839,0.03096456543876891,6444.268450652785,-1.6151948174002726,-0.7683494755956835,0.3807275258392457,0.9976868374560786,1.9482922878064186,0.002880000000000882,431.8782445949489,0.6497346062122824,0.25737036897027504
102,ds102_time102_31.h5,0.0023585885244675866,0,3750.0,0.00075,2.618612557177559,0.16917635719301272,10878.831992923113,-0.8336297245912739,-0.7684364307912752,0.3519520033654999,0.9981404560425622,1.9522794462263908,0.002880000000000882,412.64722175976465,0.6490415524779546,0.25748037405563545
102,ds102_time102_32.h5,0.0023585885244675866,0,3750.0,0.001,2.581516554897812,0.2363047562052052,14100.370331012928,-0.5372144055084213,-0.7690080886195718,0.30844156839349074,0.996857710738023,1.9547453162159127,0.002826666666667532,402.08008048369925,0.6476491192835631,0.25836917590265146
102,ds102_time102_33.h5,0.0023585885244675866,0,3750.0,0.00125,2.6162538219437708,0.2721717435606613,18497.97225452969,-0.34812036110430006,-0.7688030659300252,0.280857322140257,0.9969790457247503,2.000549352761469,0.002880000000000882,398.43260663060056,0.6465068340054086,0.2591393382952686
102,ds102_time102_34.h5,0.0023585885244675866,0,3750.0,0.0015,2.6667014403348057,0.31488356325276123,31654.984643447562,-0.17200438363974563,-0.7697195256078806,0.20866096981101492,0.9950801212218522,2.0614401638227418,0.002826666666667532,396.72316178737213,0.6441603429240439,0.26324250252328246
102,ds102_time102_35.h5,0.0023585885244675866,0,3750.0,0.00175,2.776695617058342,0.30484155332317553,42522.66143837329,-0.13656766455522873,-0.7705069328475158,0.1838506688217629,0.9926786361083292,2.222522934640288,0.002826666666667532,395.977055884231,0.6430896611453184,0.266543696229004
102,ds102_time102_36.h5,0.0023585885244675866,0,3750.0,0.002,2.8153163521874203,0.31427108987359376,58528.93377519004,-0.08164759506749475,-0.7712283811969171,0.17215976762026763,0.9913137093900414,2.1971758584190155,0.002826666666667532,400.23027846902824,0.6430765493097675,0.2712150625383135
102,ds102_time102_37.h5,0.0023585885244675866,0,3750.0,0.0022500000000000003,2.9135303772893875,0.29964446504505016,71988.00931842421,-0.09594622662740021,-0.7715688197796786,0.15794039972314067,0.985457836262804,2.3474312966185313,0.002826666666667532,397.2587631581531,0.642796519779894,0.2776099311765914
102,ds102_time102_38.h5,0.0023585885244675866,1,3750.0,0.0025000000000000005,2.968693515585263,0.30924338350718794,102126.38135987248,-0.16201841961982258,-0.7661226381694708,0.19811439578162607,0.9781518603382151,2.602711561358816,0.001120000000000343,431.03177651903343,0.671528271568841,0.3040137313414164
102,ds102_time102_39.h5,0.0023585885244675866,1,3750.0,0.00275,2.916677192295066,0.2858278431035227,217348.9986680979,-0.20352055538482824,-0.7508679412341547,0.21484641364703655,0.9997524507928822,2.9751379610763435,0.001120000000000343,525.8196568691142,0.7239634183152901,0.36958634543340463
102,ds102_time102_40.h5,0.0007814635154471357,0,4000.0,0.00025,9.68453065041689,0.12004835015859949,2956.8050181396898,-3.8873687558680468,-0.7683782974496569,0.3875710579545747,0.9994907879205227,1.929166764061043,0.00267857142857153,512.8085704124587,0.7270375524573984,0.3682403266411426
102,ds102_time102_41.h5,0.0007814635154471357,0,4000.0,0.0005,3.908977645209754,-0.019577398351874553,7357.266482711226,-1.6546194876634348,-0.7685343808291488,0.3526612350854373,0.9991124619660771,1.9042199620829097,0.00267857142857153,452.0919067724768,0.7252675813707473,0.36882852731235427
102,ds102_time102_42.h5,0.0007814635154471357,0,4000.0,0.00075,3.193400422791934,0.18071934848648552,12019.209332465876,-0.8688467278668941,-0.7685534813498217,0.3295675088250321,0.999202860777634,1.9992286442548992,0.00267857142857153,432.2889837906967,0.7252476904569766,0.384716123272543
102,ds102_time102_43.h5,0.0007814635154471357,1,4000.0,0.001,2.411703713240676,0.0752035134126825,145566.51600909323,-0.5476338614313606,-0.7035870200717428,0.3633785898214949,0.9984631440761825,4.097927965473844,0.0011250000000000426,725.2328150697904,0.7371750774671638,0.46488971659935296
102,ds102_time102_44.h5,0.0007814635154471357,1,4000.0,0.00125,2.2758930272108415,-0.009929720644095141,850886.2102123131,-0.33538277385457327,-0.6674974718695328,0.4967765361192024,0.9971425837809321,6.391256631215555,0.0011250000000000426,949.1609011616993,0.7398572248038932,0.39992499490243155
102,ds102_time102_45.h5,0.0004734668816415343,0,4250.0,0.00025,20.83204259729619,0.12375101895291951,3334.127022880348,-3.89146566402351,-0.7686004072366552,0.371481713644632,0.9989347728879538,1.9143206577516285,0.0025133689839575424,541.4510147826969,0.815277542046484,0.4652633434934358
102,ds102_time102_46.h5,0.0004734668816415343,1,4250.0,0.0005,2.5423240534557596,0.05173400095530578,11626.00438033455,-0.9390294047914859,-0.753420912367291,0.3138503709838888,0.9988715443338974,2.6005391168344665,0.0010695187165776776,555.4685326938067,0.7417091462004853,0.5328565009890721
102,ds102_time102_47.h5,0.0004734668816415343,1,4250.0,0.00075,2.1680088803182973,0.054667905348412704,151181.32990610204,-0.19989388453416737,-0.697104609572729,0.37923049071876846,0.9979498051424374,5.192686303259431,0.0011229946524065615,885.1701779816038,0.7423322970761882,0.39163693083817386
102,ds102_time102_48.h5,0.00044205676598542404,0,4500.0,0.00025,23.295802218030637,0.11555124403573902,2889.2316529866703,-3.773318841755778,-0.7679087903433824,0.3528003899168944,0.9989550659191649,1.8822425664919644,0.0023809523809524558,569.0118770396933,0.8203147441440385,0.49444553797888385
102,ds102_time102_49.h5,0.00044205676598542404,1,4500.0,0.0005,2.310722956918481,0.10672969018181089,16801.972794601446,-0.529615652205253,-0.7388012727046632,0.2842238002436731,0.9983108531788002,3.182894108079589,0.007671957671957913,653.0077514074618,0.7374888962791849,0.4504709838121255
102,ds102_time102_50.h5,0.00044205676598542404,1,4500.0,0.00075,2.0972139630924502,0.001094590396607309,142301.96048027952,0.3272758294441064,-0.7184997246106472,0.3201762303248799,0.9971050564986838,4.3968710328687495,0.014285714285714735,857.3847638640598,0.7398411922963695,0.3675811578580215
102,ds102_time102_51.h5,0.0005504686816428916,0,4750.0,0.00025,20.604182743469792,0.11581878370780685,3219.8950495964577,-3.6580635424578074,-0.7687406617611817,0.3282078436150768,0.9996128938534323,1.880452704127333,0.002247992863514653,596.4751581829859,0.7633762562530946,0.49276908968393757
102,ds102_time102_52.h5,0.0005504686816428916,0,4750.0,0.0005,2.652313852939256,0.03746613623515915,13015.384116748031,-1.1104037998829757,-0.7592942907345833,0.3039851558945242,0.9987529911814895,2.482675031988933,0.005405887600356665,574.3327675774724,0.7543560132722222,0.593502603194208
102,ds102_time102_53.h5,0.0005504686816428916,1,4750.0,0.00075,2.2026815100821215,0.058084136493338434,166880.0253011281,-0.5667118133113962,-0.7021923596380271,0.350928279523231,0.9986054675121949,4.924525736365047,0.011882247992863167,867.4529646599339,0.7527987396935746,0.3479767396268592
102,ds102_time102_54.h5,0.0006104745711197605,0,5000.0,0.00025,11.94332013217433,0.11925778422837452,6840.270570440184,-3.62020280673435,-0.7689101230964137,0.27681729776858877,0.9996737802365684,1.9010008144490214,0.0008571428571428896,622.2990996214847,0.6917140811517007,0.48037035176205384
102,ds102_time102_55.h5,0.0006104745711197605,0,5000.0,0.0005,3.615676295004536,-0.02862909770169697,16001.62894828619,-1.480459935723511,-0.7691022798990845,0.4268239670163404,0.9994597239328382,1.967729300007158,0.002142857142857224,546.5016429864978,0.6804613453750618,0.4853310576634273
102,ds102_time102_56.h5,0.0006104745711197605,1,5000.0,0.00075,3.5599481578699512,-0.04352991807859974,16261.71028459074,-1.4725428298573153,-0.7690015268139183,0.4164880617944624,0.9995838028370747,1.947041292108042,0.002142857142857224,545.1948166482858,0.6809648036254461,0.48544986963787
102,ds102_time102_57.h5,0.0006104745711197605,1,5000.0,0.001,2.903233777060286,0.20571955557492871,36981.51359605599,-0.3296043606826941,-0.7306390439144349,0.21734653533940246,0.9982275306810363,3.7010589612276177,0.0021964285714286547,638.8447502613384,0.6294788673134503,0.482042198139766
102,ds102_time102_58.h5,0.0006104745711197605,1,5000.0,0.00125,2.354041056264611,0.15368091506797676,264421.60664118675,-0.3112674886684585,-0.6925071176504581,0.41291878042084057,0.9985771807038222,6.263692050744873,0.0038035714285715727,892.4568823825042,0.76324807407542,0.35557228808554303
102,ds102_time102_59.h5,0.0007114533289237773,0,5250.0,0.00025,4.649576907955949,0.10302124608754215,5063.697137866316,-3.686868243497655,-0.7688560023805585,0.31656024510179837,0.9991575489122357,1.97068651237026,0.0020105820105820738,649.4218568790066,0.6613056559589502,0.44562333196132614
102,ds102_time102_60.h5,0.0007114533289237773,0,5250.0,0.0005,2.6351074054057584,-0.08711736070562526,12590.881726632946,-1.5771367238803347,-0.7685566222047587,0.29259376516297664,0.9990483267640894,2.0139366784269277,0.0020105820105820738,563.6813978462441,0.6578314758110174,0.4499405365550157
102,ds102_time102_61.h5,0.0007114533289237773,1,5250.0,0.00075,2.649585536412959,-0.10086757406219382,12147.635104942756,-1.6306512725640694,-0.7685423726341833,0.29910479226253417,0.9988759537646433,1.9099081998699936,0.0020105820105820738,562.1883947640492,0.6584444162639919,0.44930270793185767
102,ds102_time102_62.h5,0.0007114533289237773,1,5250.0,0.001,2.7625284997272783,0.15462396224226582,21176.338871606982,-0.7350875962133325,-0.7660722772889467,0.24854718796546557,0.9986000652881578,2.2591699349101373,0.0020634920634921283,553.0899493961688,0.6383862799319872,0.5185067813616191
102,ds102_time102_63.h5,0.0007114533289237773,1,5250.0,0.00125,2.8722400904516254,0.24326097136426172,67827.42908877434,-0.22301217295788478,-0.7301502749607157,0.1750863938589343,0.9945634616652542,3.8409884962898326,0.0036507936507937655,660.430584201681,0.6226616403607099,0.49388904284008733
102,ds102_time102_64.h5,0.000894005132553054,0,5500.0,0.00025,2.234613518286784,0.10071914043573493,4426.364526650012,-3.5779601280901945,-0.7690288082234739,0.2889482597356346,0.9991826837573651,1.9678999182067982,0.0019251336898398197,674.0664742458198,0.7018908006056186,0.3542568396946642
102,ds102_time102_65.h5,0.000894005132553054,0,5500.0,0.0005,2.2147175815043756,0.09787101353112426,4356.653513930396,-3.5971280020901655,-0.7690462373982696,0.2923423722048121,0.9984818018452102,1.9503743939843743,0.0019251336898398197,672.0885335115122,0.7018668513414451,0.35559347175680595
102,ds102_time102_66.h5,0.000894005132553054,0,5500.0,0.00075,2.361538127905,-0.08402395575478416,13529.412733482211,-1.5632936969491102,-0.7688572127771782,0.27944277341977086,0.9991917650115341,1.9289046168103283,0.0019251336898398197,582.0294119781623,0.7013801470705998,0.357593933700445
102,ds102_time102_67.h5,0.000894005132553054,1,5500.0,0.001,2.3519802663181637,0.10398490530820803,20635.609977071254,-0.8817400087205863,-0.769081902508992,0.25277969445442705,0.9986708438921257,1.9592647236866738,0.0019251336898398197,546.6354484485266,0.7003698104233983,0.3607099384977995
102,ds102_time102_68.h5,0.000894005132553054,1,5500.0,0.00125,2.4231317858907855,0.19157158838404365,27948.702089712584,-0.5210085280260643,-0.7690134251679256,0.21560756183203278,0.998549456515473,2.0723619553111474,0.0019251336898398197,534.0373660137304,0.6974907739208159,0.3701713331264382
102,ds102_time102_69.h5,0.000894005132553054,1,5500.0,0.0015,2.3921060224441333,0.17911768478576406,27675.562144548443,-0.5674647621418539,-0.7686043526191257,0.2272432267326961,0.9981886826381405,2.0921288973332124,0.0019251336898398197,532.4510652583031,0.6983755071702783,0.37119641752414273
102,ds102_time102_70.h5,0.001202464805243493,0,5750.0,0.00025,2.036454384363148,0.09387100474940246,4872.619550491067,-3.400524152772023,-0.769074543187816,0.2821350532688193,0.9993488597840049,1.8836098700036648,0.0018633540372671455,701.8428001750336,0.7375648132202086,0.3308174096626217
102,ds102_time102_71.h5,0.001202464805243493,0,5750.0,0.0005,2.065973633558748,0.11292316780811107,4902.7884030200385,-3.4422696308514,-0.7683321543739315,0.28239008692043976,0.9994328599951281,1.897286236430855,0.0018633540372671455,701.842821590491,0.7377287960460595,0.3316274086427775
102,ds102_time102_72.h5,0.001202464805243493,0,5750.0,0.00075,2.013755618760676,-0.06225064986177964,15117.998958338974,-1.3736520118550783,-0.7687308781436424,0.2649727310406831,0.9993555888438351,1.9401628874202494,0.0018633540372671455,612.8084666129481,0.736822786682781,0.3323231846299075
102,ds102_time102_73.h5,0.001202464805243493,0,5750.0,0.001,2.033711673546404,0.10289675875710591,25619.72236167783,-0.7443590647096392,-0.7689245182153445,0.24196899467032232,0.9985190096174548,2.0734736530920888,0.0018633540372671455,577.6091978618349,0.7362894228205235,0.33457639815560086
102,ds102_time102_74.h5,0.001202464805243493,1,5750.0,0.00125,2.0404500873184603,0.1839499181211508,32775.96092182239,-0.5209167752500584,-0.768844947730721,0.2228667493124621,0.9985983284581929,2.077968298622145,0.0018633540372671455,556.1122124337043,0.735796442340243,0.337936263885794
102,ds102_time102_75.h5,0.001202464805243493,1,5750.0,0.0015,2.0554220260136513,0.20843638570538436,31880.938602885908,-0.4904504615532357,-0.769649549931602,0.21883345617701,0.9990221034190627,2.0603322085643705,0.0018633540372671455,556.5742000861219,0.7354658905540782,0.33740601838810425
102,ds102_time102_76.h5,0.001202464805243493,1,5750.0,0.00175,2.1236991359185233,0.25580037248540743,38628.8017131963,-0.29418475716823417,-0.769756633317441,0.19714941161049135,0.9975607401394329,2.1869837819575944,0.0018633540372671455,548.7711921152353,0.7345898357125231,0.3432571154062224
102,ds102_time102_77.h5,0.001202464805243493,1,5750.0,0.002,2.167717773642925,0.25791500975157966,52328.63446525656,-0.246683917690049,-0.7707220048408915,0.1746224269091803,0.9962428401953928,2.3993731677786676,0.0018633540372671455,546.6862366390349,0.7333026505920137,0.3471878450121663
102,ds102_time102_78.h5,0.001202464805243493,1,5750.0,0.0022500000000000003,2.171665751415891,0.2793528292536507,53796.79704261704,-0.21594167205740467,-0.7711214338764649,0.17371620730805581,0.9961719012791812,2.315073927826817,0.0018633540372671455,546.0712480218634,0.7331460784868086,0.3474127886536618
102,ds102_time102_79.h5,0.001202464805243493,1,5750.0,0.0025000000000000005,2.3424746886944448,0.3136568950810308,71251.41647642077,-0.14814183613708443,-0.7710704335722639,0.16264611084016473,0.9957528862180692,2.460548917165418,0.0018633540372671455,550.6287094484862,0.7323752608363447,0.3598061221336525
102,ds102_time102_80.h5,0.001202464805243493,1,5750.0,0.00275,2.703901863431587,0.2524474695148804,160703.05040727864,-0.39794128881238533,-0.7545614538571226,0.2688945375836139,0.9942940688775597,2.9515593444346764,0.009689440993789156,609.9974572737312,0.7274840887800906,0.5080688367560221
102,ds102_time102_81.h5,0.001202464805243493,1,5750.0,0.003,2.599553913029127,0.097538968098698,728028.5801488877,-0.5818859422714951,-0.7135240695010486,0.3908598629884126,0.9983953075898061,3.949665748578426,0.009689440993789156,770.0306589342536,0.7270469572169685,0.5536776220472667
102,ds102_time102_82.h5,0.001219063274083229,0,6000.0,0.00025,4.271184278393941,0.09949597823625944,5504.380966848172,-3.3224278971948835,-0.7685135897810725,0.2733744791018473,0.9998206812187715,1.9456531962699457,0.0018085106382977334,727.6001246855636,0.7212515485023606,0.44204782973275647
102,ds102_time102_83.h5,0.001219063274083229,0,6000.0,0.0005,4.181661974414871,0.1030772045321291,5388.64416654695,-3.297457248945483,-0.769143155582252,0.2687172269358848,0.9997002317394301,1.906809350781009,0.0017553191489360354,728.5043085815224,0.7204783489116335,0.4402312815271329
102,ds102_time102_84.h5,0.001219063274083229,0,6000.0,0.00075,2.536171429152552,-0.04366946485015544,16960.009247921735,-1.3582864677932418,-0.7687403935563817,0.2633736760935961,0.9995373979359171,2.0910157342931686,0.0017553191489360354,633.9334047508165,0.7185274289925608,0.44380534027110813
102,ds102_time102_85.h5,0.001219063274083229,0,6000.0,0.001,2.528467275339755,0.14407947853096648,28491.588612326894,-0.7200057110063725,-0.7691680480630132,0.24365982356134078,0.9996259146505466,2.2298055797943266,0.0017553191489360354,602.4275916692458,0.7168144899147436,0.45051425837346853
102,ds102_time102_86.h5,0.001219063274083229,1,6000.0,0.00125,2.5201021225910685,0.13864736468883554,28620.09197370936,-0.6954588542570121,-0.7687505770865373,0.23922639881727267,0.9996336192103322,2.2576050989521432,0.0017553191489360354,601.7005061436037,0.7168638155195685,0.45058116249763996
102,ds102_time102_87.h5,0.001219063274083229,1,6000.0,0.0015,2.5212765204174183,0.004011334479816275,245835.01422247797,-0.9359613752644065,-0.7090683757576434,0.4388429021568701,0.9978231868294769,3.9373412773609284,0.004255319148935843,815.8587251902954,0.7267666884653069,0.5210475758372124
102,ds102_time102_88.h5,0.001219063274083229,1,6000.0,0.00175,2.3592858686182825,-0.16795349596745357,1993520.6645592786,-0.7463279488876462,-0.6585220548338674,0.6329925699046052,0.9975311613946999,6.428756170191906,0.004255319148935843,1081.450702733484,0.7307557364696602,0.42670230653432056
102,ds102_time102_89.h5,0.0007794864059522115,0,6250.0,0.00025,5.861693374530682,0.09807143847187927,5998.554674696428,-3.2395429837730183,-0.7686685500542259,0.25197621254132796,0.9997709593327971,2.0023479487302818,0.0017066666666671892,755.4648146871925,0.6546467058612873,0.4838112432831674
102,ds102_time102_90.h5,0.0007794864059522115,0,6250.0,0.0005,6.02401115284272,0.10996540714369507,5776.343612306069,-3.2825764696655364,-0.7687123571287112,0.25418060681769816,0.9996829445143277,2.0164950256274583,0.0017066666666671892,752.528302895552,0.6549031816354169,0.4832153523498727
102,ds102_time102_91.h5,0.0007794864059522115,0,6250.0,0.00075,2.9124605558475265,-0.0397464861937018,19310.636391783795,-1.29647790556712,-0.7677385221082055,0.2503356410291164,0.9997015601534297,2.1312305669920892,0.0017066666666671892,660.3405104185682,0.6622913349433187,0.49860628309454597
102,ds102_time102_92.h5,0.0007794864059522115,1,6250.0,0.001,2.3227981590809947,-0.03809699967213298,496771.6089344644,-0.5148123211133169,-0.6711527741197105,0.5803241407511168,0.9972808945488465,5.985093847569292,0.0078400000000024,1030.740843694748,0.7338981433286452,0.4305281113380874
102,ds102_time102_93.h5,0.000586630417922602,0,6500.0,0.00025,5.396469050609782,0.08871333797554737,6375.657352718366,-3.2805574881896638,-0.7685560284896384,0.23945839946445616,0.9998762215224519,1.8898158376060892,0.0016636851520571009,775.5352263859035,0.5810833255914956,0.4983546881551078
102,ds102_time102_94.h5,0.000586630417922602,0,6500.0,0.0005,5.292238780172526,0.09319970550298029,6420.043203343297,-3.2489072986280134,-0.7697443312813271,0.23901856753518674,0.9998086068859895,1.9306661428943086,0.001610017889087517,774.9825822840191,0.5796297879836892,0.49568939599278067
102,ds102_time102_95.h5,0.000586630417922602,1,6500.0,0.00075,2.3685463656521755,-0.020680397373124215,115576.45149273815,-0.5033877368109053,-0.6928009276858708,0.5123318072341958,0.9973269604651455,5.028097472556049,0.001556350626117933,950.9288847341091,0.7394216720677165,0.4538567409154997
102,ds102_time102_96.h5,0.000586630417922602,1,6500.0,0.001,2.3619794006861254,0.004751231117785304,117858.2131688767,-0.474232968903382,-0.6930415687677012,0.5045063767012528,0.997567618997202,5.092756230192757,0.001556350626117933,954.3636420974183,0.7392480665728736,0.45358355527206773
102,ds102_time102_97.h5,0.0004932853961625266,0,6750.0,0.00025,3.9940185406325974,0.07719412690649996,8660.218078172846,-3.2085826233068486,-0.7695558647423423,0.23404095598938363,0.9997401823937743,1.9172621215757915,0.0015873015873016372,803.2006411718323,0.5095238059371795,0.5012702286713486
102,ds102_time102_98.h5,0.0004932853961625266,1,6750.0,0.0005,4.157354146174326,0.09155281870655196,8821.43073784485,-3.2377585079472593,-0.7688954994180038,0.23463527427315803,0.9997651512057161,1.9405817012278808,0.0015873015873016372,803.4441451053922,0.5103396835797901,0.5022178441601779
102,ds102_time102_99.h5,0.0004932853961625266,1,6750.0,0.00075,2.192324934429246,-0.09622808997311183,152734.1839180999,-0.21448523283565024,-0.7009533422144258,0.5192017956337109,0.9967579733736388,5.02936524387115,0.0015343915343915826,1008.2495747743477,0.7283652573194767,0.4246125450509308
102,ds102_time102_100.h5,0.0004932853961625266,1,6750.0,0.001,2.1890837424741214,-0.089036071750076,152856.073685081,-0.1992031494878839,-0.699630844149775,0.5160019398070873,0.9969910809297309,5.100398496792642,0.0015343915343915826,1011.755393645029,0.7288347348770414,0.4252398430167593
102,ds102_time102_101.h5,0.00044964981755433287,0,7000.0,0.00025,2.8551338196967246,0.08691367303165975,14351.998263659878,-3.189486107812474,-0.7690423607768504,0.1439882442471079,0.9997552474413327,1.8827334293147964,0.0015000000000000568,824.4354485884357,0.48043955502446783,0.5049498420728932
102,ds102_time102_102.h5,0.00044964981755433287,1,7000.0,0.0005,3.0609614640173293,0.10201155969872433,14515.14830071203,-3.2458832815101273,-0.7688281742992751,0.14430173037348687,0.9997667303155713,1.9354259787509394,0.0015535714285714874,825.7525545732453,0.4806015042330058,0.5054295884742485
102,ds102_time102_103.h5,0.00044964981755433287,1,7000.0,0.00075,2.2534984140511796,-0.01608675595148301,220708.6882232837,-0.41033490410184187,-0.6946799172114384,0.587157062284586,0.996779295661166,5.7383455580619085,0.0015000000000000568,1063.8459832341734,0.741773802348615,0.4360825432465576
102,ds102_time102_104.h5,0.00044964981755433287,1,7000.0,0.001,2.244750641019574,-0.03739983598196717,219093.0559115155,-0.4135130515421066,-0.6937850450713947,0.5855006378811562,0.9971921757989989,5.851743634568629,0.0015000000000000568,1065.555892636132,0.7417769801479582,0.43653631579477964
102,ds102_time102_105.h5,0.0004359833193967374,0,7250.0,0.00025,2.420997598170396,0.11949160348112176,5044.1537063364485,-2.2638950764546384,-0.7650318760189696,0.1696070583464346,0.9996367932742197,1.9482396824615746,0.001485411140583426,808.2001627317157,0.45393503523657563,0.5031693693349287
102,ds102_time102_106.h5,0.0004359833193967374,1,7250.0,0.0005,2.4254270218165113,0.10803865772672361,5175.960615117325,-2.2404682439260837,-0.765231298041031,0.16671339153437728,0.9995594191279658,1.9950280140165504,0.001485411140583426,808.222760911917,0.45373199262178104,0.5033705646278577
102,ds102_time102_107.h5,0.00044407453232098637,0,7500.0,0.00025,2.6539323757718876,0.06269806300403702,11101.708936420147,-3.0680180806126307,-0.7675881199950109,0.21171970495202697,0.9989277104329752,2.0538962337043407,0.001421052631578712,883.3984027411356,0.47376894169891604,0.509548737280313
102,ds102_time102_108.h5,0.00044407453232098637,1,7500.0,0.0005,2.6059661444372755,0.06646185582204445,11387.515317156103,-3.050345635654673,-0.767435074381566,0.21338417299255286,0.9990896505113795,2.000616004143354,0.001421052631578712,884.665299785227,0.4743793101643732,0.5076327044180868
102,ds102_time102_109.h5,0.00047110964507477115,0,7750.0,0.00025,2.7011261736464705,0.06364589574314472,18821.378250999307,-3.0108153299537275,-0.7684304144616163,0.14757549338414416,0.9990036864240684,2.0272286315254906,0.0013978494623657634,901.0534672549708,0.5162846726658896,0.5125497525933902
102,ds102_time102_110.h5,0.00047110964507477115,1,7750.0,0.0005,2.714332377177864,0.056577109088923994,19055.55127150756,-3.0237458458019897,-0.7684020814772187,0.14924701308220517,0.9989607700594482,1.9773285025885026,0.0013978494623657634,901.0382405224609,0.516717854251973,0.5124828741350269
102,ds102_time102_111.h5,0.0005174268406499413,0,8000.0,0.00025,3.64533157913449,0.051867717298908156,10028.331572485688,-3.029823806149532,-0.7698088325776791,0.17513916678974284,0.9997574426170086,1.8933101105337102,0.001339285714285765,922.6456549014555,0.5475280017205676,0.511342115049575
102,ds102_time102_112.h5,0.0005174268406499413,0,8000.0,0.0005,3.6442367044441606,0.05051670185879753,10333.332174375388,-3.033610893290736,-0.7694771644743873,0.17315559661158375,0.9997607278635424,1.8660396883132302,0.001339285714285765,920.124789292078,0.5465241060413005,0.5107600532256606
102,ds102_time102_113.h5,0.0005174268406499413,1,8000.0,0.00075,2.347285126177322,-0.16598141389368992,286780.1765047486,-1.0098560101089125,-0.7021224560959306,0.4558219072086167,0.9971401991813886,5.422593804668408,0.0013928571428571956,1067.7552449997568,0.7483409916931075,0.3414562636502555
102,ds102_time102_114.h5,0.0005174268406499413,1,8000.0,0.001,2.3505859787376733,-0.126952782286877,283459.4335376448,-0.9394156890320906,-0.7000658869096698,0.4618127477713643,0.9958060081364211,5.535287878289917,0.0013928571428571956,1078.0289587160275,0.7486186616972414,0.34017336902934514
102,ds102_time102_115.h5,0.0005857693829873046,0,8250.0,0.00025,5.632342245492346,0.06654962183418589,13769.865244934386,-2.976162512134492,-0.7694498201071709,0.17238234449541417,0.9999173767812379,1.965548174882448,0.0012834224598932131,949.7446760792769,0.6266824585041388,0.5154923960546497
102,ds102_time102_116.h5,0.0005857693829873046,0,8250.0,0.0005,5.790899502634999,0.055861991752176765,13952.509654152036,-2.996429046022931,-0.7701490061728407,0.17110533489842447,0.9999427147415336,1.9137809426545935,0.0012834224598932131,947.5954917451666,0.6247296991737014,0.5146031193287838
102,ds102_time102_117.h5,0.0005857693829873046,1,8250.0,0.00075,5.636938165307103,0.061200503704505804,14206.61000082184,-2.956203290346765,-0.7692269481246409,0.16944622666031547,0.9999504517846574,1.913788050339046,0.0012834224598932131,948.3552170404358,0.6279615731511683,0.5138248303866294
102,ds102_time102_118.h5,0.0005857693829873046,1,8250.0,0.001,2.3553064269363206,-0.033427282294668625,259628.85905147862,-0.619114876547573,-0.6900387121713923,0.48427408132027217,0.9971143985164825,5.738739319654444,0.0013903743315509809,1082.7042558894095,0.7551185623613412,0.3198738617157778
102,ds102_time102_119.h5,0.0005857693829873046,1,8250.0,0.00125,2.2836839031107585,-0.0450761793031782,263267.12252737756,-0.5776227467417193,-0.69218527485223,0.4827839698284612,0.9973496200031322,5.6408822297828065,0.0013903743315509809,1074.0434739906357,0.7552410301608682,0.32037998822218944
102,ds102_time102_120.h5,0.0006812123355909895,0,8500.0,0.00025,7.982594068245929,0.05254137789662705,11781.720100599996,-2.907240281090743,-0.7694392980669813,0.16183763722830788,0.9999042012191984,1.938049471492829,0.0012299465240643292,973.2943851157775,0.7550261220978697,0.5228556109020802
102,ds102_time102_121.h5,0.0006812123355909895,0,8500.0,0.0005,7.918103625944642,0.06311936170852261,11682.21907532206,-2.913222945344051,-0.7689725158207217,0.16132352594644506,0.9998945302132579,1.8893380732320564,0.0012299465240643292,971.9661883862724,0.7560802715469763,0.5224767501489957
102,ds102_time102_122.h5,0.0006812123355909895,1,8500.0,0.00075,8.12029651296151,0.04461057205026253,11765.228563019915,-2.930823013192348,-0.76945743044121,0.16223364184865036,0.9999142431506257,1.9977601241551504,0.0012299465240643292,969.6597265956121,0.7519003974229773,0.5206745126132032
102,ds102_time102_123.h5,0.0006812123355909895,1,8500.0,0.001,2.241696562704259,0.0020565795281433097,173471.31054980343,-0.4244311786712832,-0.6951710430775571,0.4212370831088009,0.9982743499138077,5.29401465750817,0.006577540106952717,1038.2452378157966,0.7615075996124298,0.32867089782179504
102,ds102_time102_124.h5,0.0006812123355909895,1,8500.0,0.00125,2.276605723233052,-0.006132070601717832,182903.5826470853,-0.481788343754923,-0.6961137147865343,0.42522022932640297,0.9980318768444723,5.305776321856422,0.006577540106952717,1043.1172729025839,0.76166381009063,0.3280504925983714
102,ds102_time102_125.h5,0.0008114265141095617,0,8750.0,0.00025,8.468873532200545,0.06636858549566149,24261.34263175451,-2.8423624119875384,-0.7704026791075376,0.04380791881939393,0.9996401504866617,1.9214865097964542,0.0012321428571429038,999.6762635768007,0.953746258359446,0.5429212219711608
102,ds102_time102_126.h5,0.0008114265141095617,0,8750.0,0.0005,8.333714515320333,0.06776728933210596,24531.760755045674,-2.814833372916499,-0.7692587928314343,0.04490768368041714,0.9996963335918567,1.9546692697506003,0.0012321428571429038,1000.4414400033253,0.9533886498130352,0.5300080199237677
102,ds102_time102_127.h5,0.0008114265141095617,0,8750.0,0.00075,8.340746667469059,0.04813105434504483,24577.47025200846,-2.8147036705111304,-0.769381401338972,0.04532551140461002,0.9995226099046817,2.00019235909819,0.0012321428571429038,1001.5586217310412,0.9534244218807495,0.5328514725226708
102,ds102_time102_128.h5,0.0008114265141095617,1,8750.0,0.001,2.3388605242612805,-0.018763023978145554,140924.655931028,-0.6782694987580138,-0.7074397537141507,0.26545853955801363,0.998521588714881,4.621362749873151,0.014142857142857679,986.2807433415544,0.7695854485353045,0.35126967340110204
102,ds102_time102_129.h5,0.0008114265141095617,1,8750.0,0.00125,2.3532628461572447,0.013041203351788822,143483.63983112283,-0.6345493295731344,-0.7067231691534227,0.26102205250205407,0.9981728497174943,4.658116797088555,0.014142857142857679,987.5218651243226,0.7698086478239526,0.35157578823346963
102,ds102_time102_130.h5,0.0009870430970489376,0,9000.0,0.00025,9.947826920159923,0.05497373516236559,13953.69120253301,-2.7861052054040583,-0.7692824809113784,0.15584918734111705,0.9999974039670849,2.0254766749371953,0.000483870967741995,1018.132943012872,0.8960464582374861,0.5086842343491035
102,ds102_time102_131.h5,0.0009870430970489376,0,9000.0,0.0005,9.970193359049448,0.06011497682650058,13744.810386524463,-2.806488787715723,-0.7694906531416021,0.15381982232564845,0.9999974178805103,1.903561225948911,0.0011827956989248767,1018.65177803815,0.8945613090494766,0.5175229151661729
102,ds102_time102_132.h5,0.0009870430970489376,0,9000.0,0.00075,10.092395448560364,0.05839053831292462,13648.531835384447,-2.825475360445308,-0.7698431707807066,0.15484712651656027,0.999995118026704,1.927704855537666,0.000483870967741995,1017.9800911822954,0.8994827287501576,0.5204861146937462
102,ds102_time102_133.h5,0.0009870430970489376,1,9000.0,0.001,2.8620514152154284,-0.04659295225349158,63373.23683281262,-1.0022490847174599,-0.746735162365146,0.25326329280196336,0.9990343975252083,3.226721912970161,0.0038172043010757384,943.1983493716219,0.7645988044777748,0.430711894084095
102,ds102_time102_134.h5,0.0009870430970489376,1,9000.0,0.00125,2.8131947247697426,-0.007617320263135996,64100.47989537038,-0.950818421472389,-0.7452646476239261,0.2490586741127847,0.999468099402847,3.272749842797331,0.0038172043010757384,947.9825493733493,0.765079601927396,0.43212632095865094
102,ds102_time102_135.h5,0.0009466921880427128,0,9250.0,0.00025,8.426392167481092,0.050954861473872404,18525.969383402866,-2.781112020738643,-0.7695266111556913,0.1538374942541471,0.9995150760074609,1.9061826044937717,0.0011351351351353567,1040.1055114548951,0.976972832807522,0.5425298893901364
102,ds102_time102_136.h5,0.0009466921880427128,0,9250.0,0.0005,8.523880561465921,0.05586311857644266,18883.565304648764,-2.78830338873054,-0.7692965661458854,0.15204811315659236,0.9991710475878508,1.9026340434926194,0.0011351351351353567,1041.0521906101421,0.977366989400632,0.5466308983285586
102,ds102_time102_137.h5,0.0009466921880427128,0,9250.0,0.00075,8.449163753407312,0.05249087183660617,19018.7085959546,-2.796310475477696,-0.7690520613930251,0.15347813583912953,0.9995300972177888,1.9431102406465461,0.0004864864864865815,1041.187914996033,0.9769609029931948,0.5445549268539122
102,ds102_time102_138.h5,0.0009466921880427128,1,9250.0,0.001,3.349315052071857,-0.07427300641891343,134098.68296462728,-0.910082198808398,-0.7060048095150842,0.3515423123835245,0.9955263869730426,4.2188968471856265,0.003729729729730458,957.2664802740713,0.552484628743474,0.4277232225699122
102,ds102_time102_139.h5,0.0009466921880427128,1,9250.0,0.00125,3.221493183059058,-0.06741356954789768,133433.7098187135,-0.8875936093542887,-0.7077139667891555,0.3494568404176676,0.9965701647883131,4.141938788048222,0.003729729729730458,951.9636628089953,0.5509407253230642,0.42795908697124685
102,ds102_time102_140.h5,0.0008578025659833442,0,9500.0,0.00025,6.9879767424790105,0.06267199342824026,18710.347621021767,-2.7601377396016535,-0.7694523652526111,0.15765442751102798,0.9996329276694267,1.9773253299317712,0.0011052631578945538,1069.799386167408,0.8338261266432151,0.539098080739917
102,ds102_time102_141.h5,0.0008578025659833442,0,9500.0,0.0005,6.97307564098318,0.058426709254647546,18491.453328553936,-2.7607158824576556,-0.7694421219780407,0.15359753550973074,0.9997834329947648,1.9549616896702222,0.0004736842105262373,1071.7662194119039,0.8296761474604052,0.5414544979664461
102,ds102_time102_142.h5,0.0008578025659833442,0,9500.0,0.00075,6.760540878933649,0.06591039622690253,19157.095217785813,-2.724630368084063,-0.7698656697676829,0.15559548511816315,0.9996196436844198,1.9410053582232065,0.0004736842105262373,1072.6060162095632,0.8306864696066828,0.5381099623327902
102,ds102_time102_143.h5,0.0008578025659833442,1,9500.0,0.001,2.968264125342058,0.002439355362186646,189883.12708920025,-0.6301436971098718,-0.6836974113328314,0.42933204802695385,0.9965879946469949,5.82855318694174,0.003684210526315179,1003.6135299574615,0.5606767468513975,0.4342104212883377
102,ds102_time102_144.h5,0.0008578025659833442,1,9500.0,0.00125,2.9977452310953776,0.004329371192413278,191386.24591113714,-0.6309051883556065,-0.6839312815657332,0.4296765383081374,0.9965506211216385,5.602214333590547,0.003684210526315179,1000.2004713972292,0.560765762174269,0.4341921417192381
102,ds102_time102_145.h5,0.0007902807757185149,0,9750.0,0.00025,4.522516731455336,0.06920738048969577,15852.380347573191,-2.6509153969663015,-0.7695722588683666,0.14962059509963435,0.9995607638817793,2.137044477310946,0.0011140583554375694,1094.4265503994193,0.7390203665003077,0.5278612118654082
102,ds102_time102_146.h5,0.0007902807757185149,0,9750.0,0.0005,4.515781749274609,0.04839206845485,15963.873883278025,-2.6674961251175353,-0.7691124474172537,0.15197156324896996,0.9997778171915808,1.9949600922149295,0.0011140583554375694,1095.6037238763695,0.740127360244547,0.5281575034790911
102,ds102_time102_147.h5,0.0007902807757185149,0,9750.0,0.00075,4.542881835278595,0.07301777396825093,16254.709014233184,-2.6643825509682517,-0.7696215285822745,0.15081188543760277,0.9998586201616354,1.9361140979927671,0.000212201591511918,1098.248587513151,0.7387350602237819,0.5238821316920508
102,ds102_time102_148.h5,0.0007902807757185149,1,9750.0,0.001,2.836186065976041,-0.005267630776377263,253229.0498116731,-0.4808259172847392,-0.6822671875924982,0.5387438386458976,0.9962032832439068,5.390250945687326,0.010291777188328022,1027.254722346944,0.5335559220605111,0.40705918261687885
102,ds102_time102_149.h5,0.0007902807757185149,1,9750.0,0.00125,2.8221490438743633,-0.03606995495632259,261540.46149676054,-0.477680820003732,-0.6806897916710745,0.5390817691177228,0.9961164812630179,5.6163698322194895,0.010291777188328022,1024.918216771596,0.534284048426071,0.4070541233926142
102,ds102_time102_150.h5,0.0007381673738884626,0,10000.0,0.00025,3.014974999657241,0.05826992231939698,33891.44358078875,-2.6212054027498044,-0.7691432918430441,0.11985483859305321,0.9997160807339129,2.0493167976475033,0.0004285714285714448,1115.7689435441098,0.7023513361289905,0.5242746822555794
102,ds102_time102_151.h5,0.0007381673738884626,0,10000.0,0.0005,2.952155348523144,0.065450710819422,33376.28758646185,-2.5524524853882693,-0.7696762061395983,0.11955135369245111,0.9998015131245976,2.0260516423303154,0.0004285714285714448,1116.8921074468467,0.7018275845086785,0.5245364301978483
102,ds102_time102_152.h5,0.0007381673738884626,1,10000.0,0.00075,3.078550762498365,0.07663591582892026,34124.28105314586,-2.622605293258785,-0.7689833265186526,0.11842719114724058,0.9998060899907671,2.062187756494851,0.001071428571428612,1117.1646346018215,0.7032863462729094,0.5246164576300109
102,ds102_time102_153.h5,0.0007381673738884626,1,10000.0,0.001,2.8818852678900555,-0.01237369581584824,348788.5458074071,-0.41255284440762385,-0.6854824437298163,0.4106950734788661,0.995269171366966,6.072416503827573,0.004178571428571587,1036.0284406986548,0.5400861904219592,0.40652842573246245
102,ds102_time102_154.h5,0.0007381673738884626,1,10000.0,0.00125,2.7904637228683273,-0.026138812067068695,353979.7838356605,-0.3996844202327365,-0.6866836249670722,0.4056281529615801,0.9956755731641072,5.7834365457162615,0.004178571428571587,1033.9202092466137,0.5391468701906303,0.4058482370098405
102,ds102_time102_155.h5,0.0006975142610794725,0,10250.0,0.00025,2.462922770924838,0.03368711381524947,19713.607451625485,-2.5393888465299717,-0.7696916867434715,0.1555031272085479,0.9998514613206559,2.0142657798768338,0.00043360433604333615,1136.7560940951644,0.6972974270516976,0.519653303926397
102,ds102_time102_156.h5,0.0006975142610794725,0,10250.0,0.0005,2.388588388355812,0.049131101244674014,19533.238689086502,-2.5460805842640193,-0.7687375058144852,0.15610945062253234,0.9998102360992102,1.996586641896829,0.00043360433604333615,1141.7613014306853,0.6984615775834695,0.5204775283413277
102,ds102_time102_157.h5,0.0006975142610794725,1,10250.0,0.00075,2.4406159500214564,0.06009480064699102,19038.13849934501,-2.51497580803897,-0.7687472672169161,0.1535050077553415,0.9997732571267082,2.101623697039384,0.00043360433604333615,1138.3554719093563,0.6978094816207496,0.5244528547809986
102,ds102_time102_158.h5,0.0006975142610794725,1,10250.0,0.001,2.7534174803112426,0.018595931080455985,375349.5984360423,-0.29604993692871046,-0.6877520844557807,0.615322817425448,0.9967232874709622,6.3841232552591505,0.008292682926828804,1061.2208889823992,0.5534240560107243,0.4093623448609405
102,ds102_time102_159.h5,0.0006975142610794725,1,10250.0,0.00125,2.7659481698901014,-0.014348201045559783,374736.87981929537,-0.34350393871131646,-0.6842817735080218,0.6192104970174386,0.9955703129260445,6.642443467407192,0.014200542005419259,1068.0528481444485,0.5556450714140865,0.40944692449793113
102,ds102_time102_160.h5,0.000665593754188101,0,10500.0,0.00025,2.2964660637353225,0.04072612235508921,18675.204416561413,-2.5513868381556835,-0.7695792950574029,0.15339185745214026,0.9998365838905583,2.147236136474596,0.0004232804232804366,1162.1457481819778,0.6778524910287261,0.5190414296689
102,ds102_time102_161.h5,0.000665593754188101,0,10500.0,0.0005,2.246210715387426,0.06506120018990225,18662.486462367833,-2.5721272712264427,-0.7686449005795621,0.15529702548842497,0.9998582543274644,2.0796872569165257,0.0004232804232804366,1162.4000264989336,0.6779581292432196,0.5208252844596251
102,ds102_time102_162.h5,0.0006404835627914303,0,10750.0,0.00025,2.262261365030455,0.03275082034713139,27083.65060545608,-2.509742584910026,-0.7661489047689465,0.17421301601229275,0.9998788893864975,2.1199559151706486,0.002361359570661897,1185.3804194095349,0.6960153360226126,0.5476799153244383
102,ds102_time102_163.h5,0.0006404835627914303,0,10750.0,0.0005,2.2307761051447295,0.028697549351569984,27919.210093949518,-2.558953739764296,-0.7651677015941472,0.17508931456788557,0.9997541101771684,2.164563217483569,0.0018246869409660111,1182.103751668065,0.6964535683868918,0.5484250528625254
102,ds102_time102_164.h5,0.0006207929535671813,0,11000.0,0.00025,2.039186916438756,0.01785841816071221,28439.711821330755,-2.4555569884824844,-0.7623250657451583,0.18437357086971104,0.9995629198171232,2.26736457011007,0.001783216783216468,1209.9892466666095,0.6915303384536614,0.5341980029830882
102,ds102_time102_165.h5,0.0006207929535671813,0,11000.0,0.0005,2.103455885434363,0.039882769556021325,29218.698698913875,-2.389000563988686,-0.7611987590735586,0.18515488907319247,0.9995091158973447,2.3465388801933753,0.001783216783216468,1212.550115050981,0.6915596297057675,0.5364801279114263
102,ds102_time102_166.h5,0.0006054911611434049,0,11250.0,0.00025,2.1412353869347363,0.05586074274780706,29980.936121055554,-1.9571082482755924,-0.748743012534541,0.23838974730181223,0.9979989721214036,3.1316069378334106,0.0017066666666667452,1220.406269653672,0.7251275597201774,0.5374829901420082
102,ds102_time102_167.h5,0.0006054911611434049,0,11250.0,0.0005,2.130445303563012,0.07176470114057798,30134.00047826324,-1.920112038568789,-0.7480842102725007,0.2322492875707386,0.9983938562217252,3.0852823237550733,0.0017066666666667452,1220.6693364847092,0.725096415229685,0.5378512369442955
102,ds102_time102_168.h5,0.0005938040312460627,0,11500.0,0.00025,2.1252554492803726,0.07387632738050276,60982.22937954161,-1.666022316296448,-0.7427392542736714,0.18682520926894486,0.999112340172956,3.4816861535775234,0.0022282608695653183,1225.689496152439,0.7604698991584115,0.5693354434325849
102,ds102_time102_169.h5,0.0005938040312460627,0,11500.0,0.0005,2.081147108028441,0.04835061133253693,60063.85138449139,-1.6964390832709664,-0.7418857707994075,0.1862573508518051,0.9994369796210166,3.3321782836493714,0.0022282608695653183,1219.0257144351745,0.7601282030562031,0.5670888150207353
102,ds102_time102_170.h5,0.0005851424430883333,0,11750.0,0.00025,2.199028099213587,0.06338317291647533,60977.45692291014,-1.7007613428150148,-0.738974168827856,0.18563452381499865,0.9999139124089044,3.5058344285166574,0.0021808510638296197,1243.4192081746237,0.7486578121558767,0.617117083425045
102,ds102_time102_171.h5,0.0005851424430883333,0,11750.0,0.0005,2.2362681739878787,0.058817199650405216,62023.84779095564,-1.6553059108965877,-0.7402545955058557,0.1865705020488567,0.9999151469710459,3.359248829096678,0.0021808510638296197,1246.1038879071057,0.7479425457940417,0.6152574129495882
102,ds102_time102_172.h5,0.0005790434767443449,0,12000.0,0.00025,2.4798151542585547,0.05623511332247122,44181.75479914501,-1.5245934237613468,-0.7306616889474983,0.37119573998855937,0.9999482905464654,3.8217351214485817,0.0016304347826087695,1245.6787139953115,0.7596970882613141,0.6024115462497441
102,ds102_time102_173.h5,0.0005790434767443449,0,12000.0,0.0005,2.5152611180024826,0.0687417883316277,44586.515801209316,-1.5027494109019486,-0.7297504150965562,0.36441648353305933,0.9999523534567876,3.8543789760356653,0.0016304347826087695,1242.2316369792725,0.7602464026577798,0.5997929778137742
102,ds102_time102_174.h5,0.0005751500569498888,0,12250.0,0.00025,2.687323351428093,0.05090846227432966,41203.39666281722,-1.507268040223593,-0.7340721921769644,0.3657583472193162,0.9999668202983181,3.692444113967974,0.001597160603371839,1273.4316989582744,0.7358745313328953,0.5700093641968262
102,ds102_time102_175.h5,0.0005751500569498888,0,12250.0,0.0005,2.666439999579343,0.10497026939833098,42165.80708317192,-1.5393517197905378,-0.731442600368842,0.3543573648166397,0.9999826216066406,3.7646407444864325,0.001597160603371839,1270.3257382736579,0.7376514328170577,0.5664918521922039
102,ds102_time102_176.h5,0.0005731765115385827,0,12500.0,0.00025,2.8757587151128123,0.07063022058428414,40485.13145246061,-1.5448361427524466,-0.7338547611384155,0.36120374279581824,0.9999864309346086,3.595892803799834,0.0015652173913043024,1296.5415809805756,0.7173332569366939,0.5409765453929045
102,ds102_time102_177.h5,0.0005731765115385827,0,12500.0,0.0005,2.8717610486981147,0.051949023098196045,42038.44945096165,-1.5649543938909096,-0.7338965857689546,0.3478706244445995,0.9999880550853082,3.773573356335982,0.0015652173913043024,1296.9244656283147,0.7179741114889354,0.5405967918223186
102,ds102_time102_178.h5,0.0005728959363312123,0,12750.0,0.00025,3.052164655950799,0.057210912407821723,59310.80816829349,-1.369880529567363,-0.7272967230418084,0.42172647181509276,0.9999731838317095,3.865291737173634,0.004331550802139594,1290.2404642622719,0.7241793682697624,0.48849831095482893
102,ds102_time102_179.h5,0.0005728959363312123,0,12750.0,0.0005,3.027453115207304,0.05955040400651446,57704.59978168728,-1.417595536907985,-0.7302961037232302,0.43019016218408274,0.9999862056375292,3.988072473388711,0.004331550802139594,1289.2162464746389,0.7233707489468765,0.487699153446201
102,ds102_time102_180.h5,0.0005741261138731244,0,13000.0,0.00025,3.1229679343896657,0.038662327823350884,59025.772043021134,-1.495323393349896,-0.7312169262734365,0.4236607731147443,0.9999934639998941,3.794160354296522,0.0042482517482515594,1312.48556898153,0.7087441587517117,0.4788149807451145
102,ds102_time102_181.h5,0.0005741261138731244,0,13000.0,0.0005,3.1369326137209517,0.07298835720037178,55264.29516659703,-1.5005702693162246,-0.7316424675207899,0.42586912717059144,0.9999871010497335,3.935807794708103,0.0042482517482515594,1318.3340750522982,0.7096739445453708,0.47854295963827165
102,ds102_time102_182.h5,0.0005767172021965259,0,13250.0,0.00025,3.0899798507073766,0.04188149309620859,57805.212104191756,-1.337436082349388,-0.7272355935226149,0.4859586089821932,0.9971383568080132,3.8110282172637127,0.003719676549865255,1314.6212806632404,0.7198581533311144,0.45282357976871224
102,ds102_time102_183.h5,0.0005767172021965259,0,13250.0,0.0005,3.3022201942846587,0.059258964562092675,56282.54589524868,-1.3922482621349432,-0.7264541769167713,0.48994070405476314,0.9961931150785066,3.9097495905505513,0.003719676549865255,1316.78758625129,0.7203750377852712,0.45180108416281445
102,ds102_time102_184.h5,0.0005805470074633462,0,13500.0,0.00025,3.1801189407587005,0.0758735753691886,51271.300566780556,-1.3202317267370058,-0.7300320204824986,0.47291104140608226,0.9999990222307915,3.7224760005654534,0.0036507936507937655,1339.0152123773523,0.7080155243584081,0.4434010677445071
102,ds102_time102_185.h5,0.0005805470074633462,0,13500.0,0.0005,3.0928070886495322,0.060545916616966844,52956.81087009767,-1.357106943242357,-0.7298722552680085,0.46946317138392013,0.9999985882536647,3.870793763891951,0.0036507936507937655,1340.054122497471,0.7064476584211832,0.4447044749915536
102,ds102_time102_186.h5,0.0005855191917112603,0,13750.0,0.00025,3.2354626238244,0.05402193017798629,104306.09115839592,-1.3428675055030321,-0.7281794773688951,0.5219255748518812,0.9968381166145043,3.771556908313145,0.0035999999999998954,1333.6227500805674,0.7189117288217951,0.42384163259895546
102,ds102_time102_187.h5,0.0005855191917112603,0,13750.0,0.0005,3.18268985820085,0.015240794992194218,100380.94689540063,-1.310021347639477,-0.7275448740346326,0.5228890308924444,0.9969080708102442,3.8107185187535095,0.0035999999999998954,1325.8660673565655,0.7185358762084094,0.4258020002856557
102,ds102_time102_188.h5,0.0005915514880638216,0,14000.0,0.00025,3.119412607946665,0.011122140346757181,103338.08575921676,-1.3478467940363876,-0.7311380245577521,0.5006996974973892,0.9971015087799387,3.7098285187530373,0.006107142857143089,1361.43697671773,0.7136610991278244,0.4213228392436205
102,ds102_time102_189.h5,0.0005915514880638216,0,14000.0,0.0005,3.094662381314023,0.029046292862622725,103234.31909700876,-1.3198140709582769,-0.7304516623265441,0.4972499083423882,0.9959813701453911,3.6065810211788722,0.006107142857143089,1364.7884939778878,0.7147635424572147,0.4205101060699162
102,ds102_time102_190.h5,0.0005985772843188245,0,14250.0,0.00025,3.143583244236793,0.049911449267342034,104654.14900239813,-1.309262930588532,-0.7309765954554991,0.5095392659061792,0.9957515948121707,4.023359105586835,0.008105263157894463,1408.324534002172,0.7142017945900797,0.4198235003936674
102,ds102_time102_191.h5,0.0005985772843188245,0,14250.0,0.0005,3.3286338148074877,0.05507005291768374,106210.05014851794,-1.3538909388223657,-0.7306235878333682,0.5165651073584919,0.9961236452741777,3.93105539986827,0.008105263157894463,1407.6443189175911,0.7118849296741094,0.42083031309420904
102,ds102_time102_192.h5,0.0006065425229910065,0,14500.0,0.00025,3.1879571112787874,0.04042016529900316,121389.8448404609,-1.0601261016110175,-0.7138689623414345,0.6917588706221068,0.9949150786779879,5.392060222750612,0.012087114337568552,1461.8932921139894,0.7585290532051382,0.42855734205258045
102,ds102_time102_193.h5,0.0006065425229910065,0,14500.0,0.0005,3.11096379745489,0.04651510068927389,117424.76435594927,-1.0711155978399467,-0.712033848180818,0.7008417996767272,0.9886424381020625,5.268901206472312,0.012141560798548591,1463.028940156611,0.7592077808985536,0.4261486542053827
102,ds102_time102_194.h5,0.0006154029459893082,0,14750.0,0.00025,2.9487020589248574,-0.027784657369002153,152721.4790617543,-0.9472335553726993,-0.6966499393417,0.7057587042225975,0.9968419169682222,5.618355426745705,0.0027832292595895702,1516.2025262947536,0.7478350061066008,0.4291315193075115
102,ds102_time102_195.h5,0.0006154029459893082,0,14750.0,0.0005,3.0865547564216596,-0.013755697792372956,149365.72763926527,-0.9700761762996527,-0.6984793947053598,0.7323804074277187,0.9922491226439747,5.430013926629412,0.0027832292595895702,1509.7547316210694,0.7476994947372909,0.429371120843432
102,ds102_time102_196.h5,0.0006251230252290775,0,15000.0,0.00025,3.0060972811573134,-0.08624209828040208,217583.57899688464,-0.9910632361998022,-0.7036001819737396,0.6525323730555693,0.9894734643667736,5.328014594688031,0.0016315789473683657,1551.9342959043772,0.7333970156126731,0.4304565385455664
102,ds102_time102_197.h5,0.0006251230252290775,0,15000.0,0.0005,3.0595833317483794,-0.0860197384137551,207597.28418428317,-0.9859791014589913,-0.7049591229364205,0.6655547128406085,0.9920608817372587,5.216576958261489,0.0016315789473683657,1557.2462081881845,0.7332142299395327,0.42812526350960955
102,ds102_time102_198.h5,0.0006185078186179521,0,15250.0,0.00025,2.9050933732550193,-0.0945266342524379,302250.49097576056,-0.8344317343238024,-0.6937680035637944,0.8506742181965351,0.9917386708135564,6.309757609808168,0.013497267759563643,1529.156311207155,0.7653073599842142,0.40311246948679796
102,ds102_time102_199.h5,0.0006185078186179521,0,15250.0,0.0005,2.8821945528032753,-0.08608348240681818,297756.37144922494,-0.8223839949855986,-0.6929430270737357,0.8379649363909805,0.9916829409629279,6.581433441305717,0.013497267759563643,1520.4547850614617,0.7651795229184633,0.40354042677683505
102,ds102_time102_200.h5,0.00059138159147414,0,15500.0,0.00025,2.8382592138184166,-0.11884279145738086,309925.9094097551,-0.7336815294853377,-0.6956493724549552,0.8576267433841941,0.9903822573688252,5.948337654349985,0.005537634408602474,1569.044556629813,0.7518395196946507,0.4051571869246061
102,ds102_time102_201.h5,0.00059138159147414,0,15500.0,0.0005,2.8826585270604186,-0.10170535316859985,319953.2716278259,-0.7715796716301211,-0.6935055065109942,0.8486184354668319,0.9910029829184961,6.477825266022139,0.005537634408602474,1583.8925412428966,0.7524190180496424,0.40476432155445385
102,ds102_time102_202.h5,0.0005681114062377804,0,15750.0,0.00025,2.8221189392602364,-0.12562833349121094,333301.3693653635,-0.611144670208615,-0.6964292889445678,0.8580477582195101,0.9926055665992904,5.9033693961540505,0.005079365079365239,1619.7834594339358,0.7369338675312324,0.40038786416552014
102,ds102_time102_203.h5,0.0005681114062377804,0,15750.0,0.0005,2.7400075414014307,-0.12404539507217116,342878.1130476762,-0.7247119587497021,-0.6954426906518538,0.8330246557606,0.9931772003400502,5.938005696441566,0.005079365079365239,1603.9357574443327,0.7367424487056327,0.4018528086751783
102,ds102_time102_204.h5,0.0005480755708500876,0,16000.0,0.00025,2.6763292424137184,-0.1403065760454214,317988.1247592839,-0.6063668858805765,-0.7038929925810731,0.8420215894448535,0.9900223071090826,5.691952075959397,0.001562500000000036,1620.1828500609236,0.7217405231002167,0.39648460853408274
102,ds102_time102_205.h5,0.0005480755708500876,0,16000.0,0.0005,2.694377020849961,-0.13563759076358872,321396.24555639096,-0.6240022771575781,-0.701446131877824,0.8558070870564012,0.9900019491304973,5.848272111372526,0.001562500000000036,1614.0450536076214,0.7225771546586498,0.3981945113787663
102,ds102_time102_206.h5,0.0005307703910773078,0,16250.0,0.00025,2.498664121626615,-0.1557525697824853,374665.1249207136,-0.4464192611509731,-0.7025331107400874,0.9103866439151286,0.9867438950103142,5.730047354960355,0.0011945701357466143,1629.703558662816,0.7641298025922938,0.39176965980392586
102,ds102_time102_207.h5,0.0005307703910773078,0,16250.0,0.0005,2.511772743285994,-0.1476393938724203,376174.11919227825,-0.48030379481091867,-0.7053099800871997,0.9164701180322512,0.9878930546898316,5.423660417504949,0.0011945701357466143,1628.6652873771584,0.7632727084203423,0.39075591061471626
102,ds102_time102_208.h5,0.000515790496143322,0,16500.0,0.00025,2.483743676215697,-0.1716332291613767,342163.5843231921,-0.46327600858192886,-0.7126775479737446,0.8698310290592216,0.9872356183380461,5.262505161128971,0.0011764705882352927,1630.0452879920026,0.7484365610842002,0.38779546420656824
102,ds102_time102_209.h5,0.000515790496143322,0,16500.0,0.0005,2.4995618283787016,-0.19191135289257344,351971.7181270954,-0.4240283247167728,-0.7140971173097791,0.8990252865066548,0.9867890225503378,5.3606589261435085,0.0011764705882352927,1641.929682800815,0.748204460319324,0.3861815280802133
102,ds102_time102_210.h5,0.0005028081731944382,0,16750.0,0.00025,2.477268283148951,-0.1884657199703983,326911.68043678167,-0.5311812993431845,-0.7175166597602206,0.838429386232145,0.9881534741456736,4.96973900883021,0.0011589113257244321,1635.3920794407961,0.7339607669258003,0.38246878095769143
102,ds102_time102_211.h5,0.0005028081731944382,0,16750.0,0.0005,2.503597851630879,-0.1476748019505203,328955.2850071938,-0.5598947245906237,-0.7157516841869408,0.8521729708598587,0.9906910625238698,4.940884719477595,0.0011589113257244321,1632.760505888534,0.7346100134656318,0.38350215242456825
102,ds102_time102_212.h5,0.0004915533299655084,0,17000.0,0.00025,2.4099717243221606,-0.18555835093632145,284831.35021489114,-0.7910715010747319,-0.7211414667859297,0.8595497227409692,0.9876497661520439,4.869870262675534,0.001141868512110622,1635.599419499883,0.720072600701083,0.38296192876903073
102,ds102_time102_213.h5,0.0004915533299655084,1,17000.0,0.0005,2.419585163888148,-0.1648333455469051,288333.6142208455,-0.7474966809115138,-0.7182441265464601,0.865358453520883,0.9892427276289013,4.988569416825953,0.001141868512110622,1654.310173872905,0.7206707620682836,0.3831992217253257
102,ds102_time102_214.h5,0.00048180550089331,0,17250.0,0.00025,2.468468208340678,-0.1926466072628733,461501.5943475437,-0.8512377574785178,-0.7218980143739125,0.68036771344789,0.9900540985565445,5.1253501375404005,0.0011413043478261387,1643.4494633584195,0.764871341106904,0.370849328448267
102,ds102_time102_215.h5,0.00048180550089331,1,17250.0,0.0005,2.478891781088873,-0.1614637546995179,464344.5742980939,-0.850249883290697,-0.7184406563562058,0.6627889297769132,0.9894186698103459,5.285163300185799,0.0011413043478261387,1644.9473972702594,0.7654645351178067,0.3728073430260692
102,ds102_time102_216.h5,0.0004733770257358412,0,17500.0,0.00025,2.467733696223954,-0.14876885710853904,479921.83940094046,-0.961172597961071,-0.7154945440761386,0.676669290695854,0.989117040762442,5.412432041876639,0.0011250000000000426,1670.1075281681747,0.7508584794324595,0.371097422037478
102,ds102_time102_217.h5,0.0004733770257358412,1,17500.0,0.0005,2.550929737043943,-0.14151544923465287,483499.75125216745,-0.9868958440629949,-0.7145204858740134,0.685235694865077,0.9899327230671496,5.260216307084231,0.0011250000000000426,1669.1629182690117,0.7514556026773274,0.370273965243383
102,ds102_time102_218.h5,0.00046610990217891125,0,17750.0,0.00025,2.524312574448469,-0.13566504334666518,481095.7688188732,-1.0080727135577052,-0.706961438582912,0.7182943033541177,0.989732977900556,5.826002485263735,0.0014788732394366564,1685.9501050173255,0.7378942439593114,0.3729442452274721
102,ds102_time102_219.h5,0.00046610990217891125,1,17750.0,0.0005,2.573815630920958,-0.15958345547385056,506211.892922516,-1.0873437206407166,-0.7080993779746434,0.7003375810086995,0.990332234170438,5.749990532911868,0.0014788732394366564,1685.3755444510641,0.7371016597415223,0.3727775614405486
102,ds102_time102_220.h5,0.00045987420359456567,0,18000.0,0.00025,2.587368214112245,-0.14489232002546926,509492.59259470674,-0.9813303023212526,-0.7035742681786954,0.7322257983696896,0.9881323928879618,5.804618238168813,0.001458333333333367,1696.790854635458,0.7251687367598695,0.375404909702338
102,ds102_time102_221.h5,0.00045987420359456567,1,18000.0,0.0005,2.5687080072681368,-0.1498432475858814,514599.82020493544,-0.9544110854076123,-0.7032134896611523,0.7369935112336135,0.9874819184401664,6.473556811128491,0.001458333333333367,1709.1803099927208,0.7255401349437066,0.37475090825788404
102,ds102_time102_222.h5,0.0004545583398597319,0,18250.0,0.00025,2.520943419570512,-0.12624030238944228,565500.9716560838,-0.9452333340611492,-0.7016555179400883,1.0833730577494491,0.9869358157651801,6.3845784778392884,0.0014246575342465805,1722.9781209797573,0.7762701209147332,0.3718782288718037
102,ds102_time102_223.h5,0.0004545583398597319,1,18250.0,0.0005,2.562829106534419,-0.17781768162219436,562200.7269654452,-0.9578092341212256,-0.7008450207619065,1.0987732404371957,0.9885017716561298,6.0513671641158275,0.0014246575342465805,1705.4063134085084,0.776053282615565,0.3730230492666188
102,ds102_time102_224.h5,0.00045006501780386237,0,18500.0,0.00025,2.506672246293398,-0.14491879930107843,548236.7579339512,-0.9088046304686498,-0.7029844914686502,1.0777451301627494,0.9908926073306186,6.038338106322111,0.001405405405405409,1710.5659537285285,0.7623836102103124,0.37710559203549027
102,ds102_time102_225.h5,0.00045006501780386237,1,18500.0,0.0005,2.4818288224179064,-0.1390670174333719,545903.1550559418,-0.8814131159491304,-0.701060897523055,1.0708812804269765,0.9904505915527156,6.3160712079963135,0.001405405405405409,1714.9797270026559,0.7628768966318409,0.376947006270756
102,ds102_time102_226.h5,0.0004463144912859659,0,18750.0,0.00025,2.5594575601242116,-0.12186405007857837,530424.0873203289,-0.7838989762072249,-0.7013965297057349,1.0707527785778936,0.9909138812513183,6.31243149376083,0.005386666666666914,1719.6184422346923,0.7494151991856365,0.37930202234949534
102,ds102_time102_227.h5,0.0004463144912859659,1,18750.0,0.0005,2.5365629755368166,-0.15412900613024916,547766.3939710776,-0.832085699695837,-0.6998385071412787,1.0891223058910116,0.9885653764590444,6.220261004139836,0.005386666666666914,1736.581820497541,0.7496523404076088,0.37898503672005185
102,ds102_time102_228.h5,0.00044323356431264123,0,19000.0,0.00025,2.6035150663545945,-0.0882095776918197,507617.65486444684,-0.7125259439133638,-0.6844609022576458,1.0623060826445352,0.989839633605581,7.255169264823865,0.0011052631578946995,1620.8930578991642,0.7331799305627497,0.37205898076684746
102,ds102_time102_229.h5,0.00044323356431264123,1,19000.0,0.0005,2.650921754065748,-0.09705130674665119,500698.93821867474,-0.8129748441013279,-0.6840903094729661,1.0604888302735704,0.9885061551280894,6.949198553456955,0.0013684210526315325,1618.6148695573204,0.7330103015642794,0.3727433745261128
102,ds102_time102_230.h5,0.0004407624451935644,0,19250.0,0.00025,2.5614073631641867,-0.07623239021749728,489902.64642074425,-0.6226369489788833,-0.6927708564314128,1.1511810547957833,0.9885092085879734,6.720405968784659,0.0067532467532469,1716.1665974911725,0.7277406560603189,0.38286348423994265
102,ds102_time102_231.h5,0.0004407624451935644,1,19250.0,0.0005,2.560889467733195,-0.04667593685867666,492946.8576541026,-0.6094258148031687,-0.6880596955762285,1.1312639701222398,0.9888567520766907,6.363644565064753,0.0025454545454546007,1717.940029279741,0.7284262100790054,0.38309118579847523
102,ds102_time102_232.h5,0.0004388481116668994,0,19500.0,0.00025,2.505899791867253,-0.13762969033630057,701704.379523451,-0.5802293912749734,-0.6955036265158522,1.1725446848665726,0.9887875550149833,6.59535489413052,0.0067032967032964255,1729.3170367920156,0.7831577808260145,0.38408670855839433
102,ds102_time102_233.h5,0.0004388481116668994,1,19500.0,0.0005,2.562240224323056,-0.16343171289389236,699688.2644773414,-0.6171074017022665,-0.6968684861171612,1.2202913188411584,0.9906333227588793,6.255197027791911,0.0067032967032964255,1730.688749606276,0.7837081302832319,0.383236375952223
102,ds102_time102_234.h5,0.0004374435510166058,0,19750.0,0.00025,2.513446116917148,-0.1331258223276337,685652.5189721795,-0.5284211529612323,-0.6933996180151842,1.2203158981219857,0.9900413106302176,6.043552999693587,0.002495479204340123,1757.5017869520257,0.7716717514285494,0.3897660614608773
102,ds102_time102_235.h5,0.0004374435510166058,1,19750.0,0.0005,2.532405069010218,-0.15273553580538257,675643.7049354324,-0.5200091111410415,-0.6984322761490792,1.2423965318284176,0.9874899573487663,6.312457101536332,0.002495479204340123,1768.6059590910136,0.7710878603257162,0.38812543614489226
102,ds102_time102_236.h5,0.0004365070747838573,0,20000.0,0.00025,2.5291909637226966,-0.11344883495133484,630910.1064533509,-0.46853758735260165,-0.6987334682661716,1.2360958560861663,0.9895319355886306,6.416609037668524,0.0024642857142858077,1771.9420555935974,0.7594973234354815,0.38902477815146363
102,ds102_time102_237.h5,0.0004365070747838573,1,20000.0,0.0005,2.4885152677235696,-0.13258184147503294,658374.3515840785,-0.48163977198515856,-0.6940242929942388,1.2669714789920696,0.9909327191010983,6.1824474934432265,0.0024642857142858077,1775.1040644945424,0.7596172273122551,0.3907961776887346
103,ds103_time103_1.h5,0.0014729720492096473,0,2000.0,0.001,2.800560040583442,0.3165509728357456,41608.35932323192,0.16273014062581928,-0.466298663852145,0.3605791404263898,0.9953276541193954,2.3443596374873934,0.0004787234042553656,233.00289555463047,0.7889930886201282,0.20043929249937126
103,ds103_time103_2.h5,0.0014729720492096473,1,2000.0,0.002,2.2727495925011976,0.21096173337832846,959925.6585194835,-0.2718954574207424,-0.3885380051557006,0.3193679222257931,0.9991231295407104,3.779421115571784,0.007898936170213533,364.1349841659065,0.7427341323600993,0.26329663784408713
103,ds103_time103_3.h5,0.0014729720492096473,1,2000.0,0.003,2.4490880097517786,0.12588393746860738,11875057.114443304,-0.05448541661667338,-0.3070677712681378,0.45031770283066674,0.9980230467460882,6.234837411911758,0.02194148936170426,599.8094580804332,0.7496945639846634,0.23457799965407922
103,ds103_time103_4.h5,0.00486265734176468,0,2500.0,0.001,2.065423515357332,0.2886105775916601,40864.21496197046,0.27224259846906373,-0.48002085625489077,0.3951745048188781,0.9952683449326738,2.3681537414536846,0.0003999999999999837,272.07047716634764,0.7332362994084202,0.1857541094314595
103,ds103_time103_5.h5,0.00486265734176468,0,2500.0,0.002,2.08147339013756,0.31836797384744797,170540.45867403736,0.08907217337705177,-0.464778047520273,0.2819186107914555,0.9928774696056332,2.4391789660700405,0.00047999999999998044,254.1014847510315,0.7291003019924499,0.19306485074972776
103,ds103_time103_6.h5,0.00486265734176468,0,2500.0,0.003,2.337062061881573,0.3089804308317582,359200.86101569986,0.01775712828845819,-0.4536274110327737,0.3013531782666209,0.9849115047339787,2.4248311845852752,0.00047999999999998044,244.77238432837993,0.7274244754525483,0.2068926631179374
103,ds103_time103_7.h5,0.00486265734176468,0,2500.0,0.004,2.594579157091293,0.31841220221068,546845.6132436487,0.02682616057281578,-0.4445778061848557,0.38570917246819936,0.9706110093436181,2.3698222178077124,0.0005599999999999772,241.57909527087003,0.7236122401504119,0.23476996240227876
103,ds103_time103_8.h5,0.00486265734176468,1,2500.0,0.005,2.677009984952124,0.3123367689283184,873182.7707412535,-0.006503328261042135,-0.43289430217317815,0.3513993036636995,0.9952296955943742,2.35154294482435,0.005439999999999778,245.28421337867925,0.8094398313900497,0.2980716368680963
103,ds103_time103_9.h5,0.00486265734176468,1,2500.0,0.006,2.2362222538735703,0.2806942836030515,2460045.4822215056,-0.19769770128354522,-0.39486403804129916,0.3019492149868834,0.9996580981213312,3.0974165748740714,0.005519999999999775,346.69210155764,0.8544949332480445,0.32121854680794776
103,ds103_time103_10.h5,0.00122736072758267,0,3000.0,0.001,2.946385290188144,0.2785125223304178,50491.40533839018,0.2832666536208148,-0.4718201093167425,0.40100526102926254,0.997628314306492,2.349595005483175,0.0003225806451612903,308.0721955756899,0.8553498440218662,0.27096601233684386
103,ds103_time103_11.h5,0.00122736072758267,1,3000.0,0.002,2.1541832879407616,0.18142363733209077,770796.5116384726,-0.06185690165363348,-0.3939959310957911,0.4646461441239363,0.9991158621781667,3.9077880224827695,0.019596774193548386,458.9864804547015,0.7759493502269683,0.25747995230274756
103,ds103_time103_12.h5,0.00122736072758267,1,3000.0,0.003,2.290195825627576,0.12113450911863377,8482687.348140594,0.1385825855779722,-0.34199836801186223,0.6008964335173224,0.9985081893469983,6.158329145860375,0.009758064516129032,657.2122415680724,0.7841627424193783,0.23768555947738773
103,ds103_time103_13.h5,0.0037118327626069485,0,3500.0,0.001,2.337795889128182,0.2346065232831287,40986.24065447754,0.5249640131023039,-0.48387841550439326,0.34586352179671,0.9917535801006802,2.337798953061364,0.000317460317460317,353.98389731951886,0.7206163264243918,0.1974963353542141
103,ds103_time103_14.h5,0.0037118327626069485,0,3500.0,0.002,2.684942297039032,0.2937153857781113,107685.28118473588,0.18864990329199616,-0.4708525058832417,0.24518178688587206,0.9897274231908719,2.4386408229226393,0.000317460317460317,326.2373670156375,0.6896954933933482,0.20539463084029977
103,ds103_time103_15.h5,0.0037118327626069485,0,3500.0,0.003,3.0061463617421618,0.31676922990164025,238970.1435880704,0.08731928766973263,-0.45918962094465815,0.15661977367790766,0.9879761822155506,2.3621024800274353,0.0003968253968253963,319.49544117734155,0.6603518547124207,0.21677831477309195
103,ds103_time103_16.h5,0.0037118327626069485,1,3500.0,0.004,2.314873142965349,0.29104629207649513,612776.6054122372,-0.16065472108025977,-0.4327170717877061,0.3175759931701093,0.9991342528980947,2.7135598605752436,0.003888888888888884,347.04826996039,0.8108407099273569,0.34196412920925234
103,ds103_time103_17.h5,0.0037118327626069485,1,3500.0,0.005,2.3843269710691666,0.23352736355196302,2677940.2835510382,-0.3403780866413839,-0.3791523271775049,0.38554892560261617,0.9996212036815016,3.8406651945790573,0.0038095238095238048,460.99198734888597,0.8197703877733258,0.3439524119465804
103,ds103_time103_18.h5,0.0026254736930035327,0,4000.0,0.001,3.1654270356557976,0.21092073026581448,56272.38043800948,0.5755016670548354,-0.4750197520302177,0.22485847712565776,0.9961626333159641,2.4015457656134997,0.0002393617021276828,391.4007772394205,0.7626169099727648,0.2012623769013109
103,ds103_time103_19.h5,0.0026254736930035327,0,4000.0,0.002,3.232676370993657,0.27566277516759263,103904.55833497642,0.27974146358883395,-0.46300456118933114,0.17246979756648986,0.996523076301176,2.3341408392660696,0.0002393617021276828,371.0978355526598,0.7542286513382042,0.2158562868549727
103,ds103_time103_20.h5,0.0026254736930035327,1,4000.0,0.003,2.7935760027765624,0.26673922333547595,338882.6267657662,-0.0923572611779754,-0.44021560664550624,0.26109240514483295,0.99704223891909,2.6461368863015147,0.004069148936170608,378.36731431807266,0.7324125735895719,0.37771454073652344
103,ds103_time103_21.h5,0.0026254736930035327,1,4000.0,0.004,2.1989665146000066,0.12136345732787857,5235570.773843914,-0.28152884772854264,-0.34096416700435833,0.5925293670485358,0.9986683743900481,4.595070885181284,0.007898936170213533,573.1896261320529,0.7336774029805809,0.27068119297280036
103,ds103_time103_22.h5,0.0012660557382003584,0,4500.0,0.001,3.2580779685477723,0.1178483609018095,35033.36907431349,0.7702573035614116,-0.4912757640612253,0.15987902956772784,0.9996157696229098,2.2957606574936826,0.00023809523809520392,446.40981795656836,0.6521968852451558,0.28360858082182083
103,ds103_time103_23.h5,0.0012660557382003584,1,4500.0,0.002,2.202530856744613,0.0474007501398257,1618377.1546857744,-0.285190394077503,-0.37885833719575734,0.6603316757763564,0.9987939952772924,4.709056040258394,0.013650793650791693,630.5363361545568,0.7442783003720111,0.2459395812872831
103,ds103_time103_24.h5,0.0012660557382003584,1,4500.0,0.003,2.1816631081727174,-0.05271545647114051,8042738.997115601,0.08891156664688582,-0.35810145167670515,0.7794333321722721,0.9979839796824016,5.911052630232641,0.013650793650791693,740.807254097935,0.7492126495041702,0.23512150559587516
103,ds103_time103_25.h5,0.0012467600519764047,0,5000.0,0.001,2.854826230525962,0.10441794780714209,47921.22084417033,0.8859809652040881,-0.47827272165511603,0.11529483116658365,0.9997620354784177,2.346533075930306,0.00023684210526320193,491.2053294787911,0.5821844161910363,0.2773186073212409
103,ds103_time103_26.h5,0.0012467600519764047,1,5000.0,0.002,2.1929326882503752,0.09368098758920884,387595.3818406083,-0.22245894601846256,-0.42172585946740865,0.42274993100839386,0.9993672402843584,3.448789693048378,0.01176315789473903,541.8085061782748,0.7477418743161458,0.26945591701268223
103,ds103_time103_27.h5,0.0012467600519764047,1,5000.0,0.003,2.1716851217426543,0.024329659574677587,5090698.689706721,0.2628984087651979,-0.36332776941996997,0.7223663225953303,0.999208411209685,5.227032814377515,0.005842105263158981,713.7318330758976,0.7623637648604248,0.22800226606847396
103,ds103_time103_28.h5,0.0017359116151273064,0,5500.0,0.001,2.410224422426045,0.014448807779424033,60175.3955387945,1.0435556858281856,-0.46367793603555973,0.08914541821345395,0.9998634032676105,2.3253470691409293,0.00016042780748662389,530.4454416789654,0.5640749571159993,0.26496433652323625
103,ds103_time103_29.h5,0.0017359116151273064,1,5500.0,0.002,2.501050446173853,0.19205214656529979,193971.64730632544,0.12787735594271565,-0.4382820168713455,0.1304643283224321,0.9983898962256688,2.5853054428693563,0.00016042780748662389,496.3246487551879,0.7242331887943434,0.30930418819076316
103,ds103_time103_30.h5,0.0017359116151273064,1,5500.0,0.003,2.1731112892992526,0.0753785667481699,1985569.9607309024,-0.5901687392913684,-0.35668191594427356,0.4577777717736874,0.9991305938002673,4.340440503722095,0.005695187165775148,620.7232421967435,0.7782467235138006,0.2201373665088555
103,ds103_time103_31.h5,0.0029457126545122288,0,6000.0,0.001,2.228028284685834,0.012608133023509271,76335.26051752208,1.0115142404759807,-0.4618373165510422,0.07414582016238805,0.9997873780039453,2.3704834277296025,0.00016129032258063725,565.1447083874383,0.5818574238272899,0.26248529602607823
103,ds103_time103_32.h5,0.0029457126545122288,0,6000.0,0.002,2.641171487052644,0.2151131382813487,165958.61727744972,0.36914395520695004,-0.44417481508262097,0.06122759680330478,0.9997048398070499,2.4045969618486533,0.00016129032258063725,514.0507766198878,0.583047796512324,0.26519986162097836
103,ds103_time103_33.h5,0.0029457126545122288,1,6000.0,0.003,2.676277147674702,0.2508282247506848,212092.51391216455,0.2841445022938159,-0.43710057986526835,0.054450161199701946,0.9997612318218112,2.350187201592828,0.00016129032258063725,504.64554258583365,0.588187273196198,0.265966167851913
103,ds103_time103_34.h5,0.0029457126545122288,1,6000.0,0.004,2.459281361146356,0.17518774844737006,859087.3091839084,-0.32305899168595703,-0.3931768632540259,0.22026556960408672,0.9991860679625654,3.0965099970703287,0.00016129032258063725,540.4051118988713,0.766892691625875,0.3000690303975356
103,ds103_time103_35.h5,0.0029457126545122288,1,6000.0,0.005,2.2806002533520187,0.11260973635019833,3658664.301157913,-0.3510130905962857,-0.3328891212117124,0.4075735818862655,0.9995636206830455,4.097689378194521,0.0,633.7049920640552,0.8044447620194937,0.2521216341272164
103,ds103_time103_36.h5,0.005340597669805986,0,6500.0,0.001,2.226612268038963,-0.014546692058285293,77915.90007037521,0.8601955624382164,-0.47760129662790113,0.06652457116870647,0.999889796570542,2.336051463481912,0.00015915119363396624,593.3010524519281,0.6117130637699348,0.27253821045484544
103,ds103_time103_37.h5,0.005340597669805986,0,6500.0,0.002,2.387704944214779,0.17937303541885585,133237.5406133585,0.5575760186109703,-0.4681783590671805,0.06118784720127057,0.9998245160804141,2.377040896694048,0.00015915119363396624,563.3183780892298,0.61209460745348,0.27344462739916914
103,ds103_time103_38.h5,0.005340597669805986,0,6500.0,0.003,2.431869559048618,0.2393122172155684,203826.8964491277,0.2667554411951136,-0.4536886293287119,0.053939467070918165,0.9997559675547864,2.3314616843526363,0.00015915119363396624,529.116445296061,0.6126756244020232,0.2740187143562341
103,ds103_time103_39.h5,0.005340597669805986,0,6500.0,0.004,2.5961204630834414,0.2974114510178165,307177.79324350326,0.10506856837279037,-0.4408534483758978,0.046326739929075794,0.999778310959894,2.366206586266363,0.00023872679045094936,522.3364313688733,0.6136992979292463,0.27468228758727137
103,ds103_time103_40.h5,0.005340597669805986,0,6500.0,0.005,2.6650158906403485,0.2988641681691617,404388.6906447958,0.06541556383298104,-0.4360463007879682,0.047591480475617724,0.9997328681026795,2.298568542929241,0.00023872679045094936,522.188147306694,0.6138456570015667,0.27382682082042786
103,ds103_time103_41.h5,0.005340597669805986,1,6500.0,0.006,2.7720670720389,0.24640171199881755,1141082.186059088,-0.1507909896484252,-0.4119018942386014,0.12103145865887628,0.999408958344318,2.684468136087281,0.007161803713528481,547.564935528123,0.671854739899849,0.28531104612309993
103,ds103_time103_42.h5,0.005340597669805986,1,6500.0,0.007,2.4573204985173045,0.19616174348233573,3447032.572663141,-0.31136217436634256,-0.3632889859668459,0.2852893269595327,0.9997654037163618,3.652946029951885,0.007161803713528481,626.575305626504,0.7679394141019981,0.30061485150280454
103,ds103_time103_43.h5,0.00913760235676533,0,7000.0,0.001,2.0982750888446544,0.018960670539190483,82436.31817229485,0.7394653675365648,-0.49657637273779126,0.0692251382805378,0.9998151491553233,2.309954140821156,0.00015873015873013596,618.9474156969645,0.6615630948440299,0.2828072222755657
103,ds103_time103_44.h5,0.00913760235676533,0,7000.0,0.002,2.140931952109629,0.14494924652513075,134692.93675113883,0.49917858075087623,-0.4879647239999249,0.06767534361193164,0.9998290939100596,2.290487161658468,0.00015873015873013596,585.2811066715743,0.6615053303002442,0.28378580817176086
103,ds103_time103_45.h5,0.00913760235676533,0,7000.0,0.003,2.0956029643076928,0.25317609598339175,203111.37470459833,0.24156261769448825,-0.4720902973087632,0.060436807935478454,0.9998250906600142,2.3587004808321863,0.00015873015873013596,554.9251341742356,0.6613818227166259,0.28517020454357933
103,ds103_time103_46.h5,0.00913760235676533,0,7000.0,0.004,2.1604880976351555,0.2720871172596304,213741.84115644163,0.15873569742269725,-0.4655041503002533,0.05720380329050281,0.9998665322226509,2.276592499793604,0.00023809523809520392,543.7791680810727,0.6611359806614323,0.2852903448859413
103,ds103_time103_47.h5,0.00913760235676533,0,7000.0,0.005,2.072946456904851,0.2620315998644003,340370.4320249213,0.10719933094809568,-0.4548894207887118,0.05346717004970849,0.9998643517716646,2.21620184961002,0.00023809523809520392,536.3788889004901,0.6607807707306853,0.2852696484412167
103,ds103_time103_48.h5,0.00913760235676533,0,7000.0,0.006,2.059541675071676,0.2682680851171384,438906.8473550112,0.06168779677774269,-0.4499519617462247,0.05390350075615229,0.999892246455517,2.16257042366962,0.00023809523809520392,537.7995939169983,0.6607754691399838,0.285761744316757
103,ds103_time103_49.h5,0.00913760235676533,0,7000.0,0.007,2.1002607154435244,0.2835357100167839,607928.2243967415,0.0166163364064522,-0.44124541098672,0.05221632735481475,0.9996827012876305,2.1579229423773443,0.00023809523809520392,544.3446752115401,0.661142725808448,0.2863774251496623
103,ds103_time103_50.h5,0.00913760235676533,0,7000.0,0.008,2.149884629453574,0.28261629074815175,860790.8603236072,0.044281889752254826,-0.43473356823249343,0.056244475158100424,0.9998011596868566,2.1427792887960804,0.00023809523809520392,557.306497473744,0.6615431204936902,0.286715096814391
103,ds103_time103_51.h5,0.00913760235676533,0,7000.0,0.009,2.227416468953302,0.26458442303605256,1138912.6749805687,-0.09313748964323952,-0.42846369520510075,0.07776717210333833,0.9996057411149271,2.211964090484842,0.0019047619047616313,576.7978974673935,0.6665873078801772,0.28698861223926375
103,ds103_time103_52.h5,0.00913760235676533,1,7000.0,0.009999999999999998,2.596240147270732,0.2632631596456312,2622970.603613498,-0.1929892240415934,-0.40213905423217006,0.1834377263185721,0.9996817541444508,2.653003294363513,0.0019047619047616313,649.4907747310071,0.7075361435699946,0.29453960835300524
103,ds103_time103_53.h5,0.014106855697582374,0,7500.0,0.001,1.943276944986462,0.091921634481261,37663.303733700704,2.1818319991225565,-0.47231561065604705,0.09472331490796193,0.9996234967151288,2.310396695746151,7.999999999999674e-05,780.8482970975186,0.7278344747180658,0.2594056396771208
103,ds103_time103_54.h5,0.014106855697582374,0,7500.0,0.002,1.9168871225292128,0.06564150371589705,180619.59129556676,0.6342857265379372,-0.4490649501847012,0.08870291021921102,0.9994200732831983,2.406395890972615,0.00015999999999999348,618.460474404972,0.7277159869341588,0.25929792598066975
103,ds103_time103_55.h5,0.014106855697582374,0,7500.0,0.003,1.960167717231512,0.17541118165776393,213741.29888104065,0.4030355059099916,-0.4391277132064989,0.08212450004784214,0.9994221555409201,2.379306986508188,0.00015999999999999348,595.1195611223476,0.7277266943308254,0.2581764351037059
103,ds103_time103_56.h5,0.014106855697582374,0,7500.0,0.004,1.9474931780942897,0.24569290951073475,249323.211249392,0.22833896642332963,-0.42531910537594364,0.07849358578814421,0.9987922594218746,2.298169282313056,0.00015999999999999348,572.5446400235281,0.7277937010478782,0.2574688908011928
103,ds103_time103_57.h5,0.014106855697582374,0,7500.0,0.005,1.962454244956916,0.2856024800094994,297100.64213275246,0.1565461983708983,-0.4196001810348492,0.07843721129862288,0.9990750734503667,2.2412065232030236,0.00015999999999999348,569.9045092707263,0.7279968702824794,0.2575734301290498
103,ds103_time103_58.h5,0.014106855697582374,0,7500.0,0.006,1.9650070148486718,0.2635174175436743,453573.9412354897,0.09208794100631026,-0.4088121966190791,0.07492370368024141,0.9987234938794868,2.2308371445297235,0.00015999999999999348,566.1883017780332,0.7279433888006105,0.25596635004068014
103,ds103_time103_59.h5,0.014106855697582374,0,7500.0,0.007,1.94275525966061,0.29285575333407166,520799.25031571544,0.03378506596814307,-0.4045345787765058,0.07815525463638431,0.9983691854215365,2.198081876639833,0.00015999999999999348,567.5981264082338,0.7280146776626195,0.2561007915313587
103,ds103_time103_60.h5,0.014106855697582374,0,7500.0,0.008,1.9667323526026017,0.28821438400365307,710480.4255360686,0.04349812860205366,-0.3963294263291481,0.07467427730499879,0.9977899845345769,2.090481605962732,0.00015999999999999348,578.192076297078,0.7280043624009719,0.2553688611483816
103,ds103_time103_61.h5,0.014106855697582374,0,7500.0,0.009,1.9416453159750777,0.2876383987182294,804190.9968121957,-0.04423086153888202,-0.39323566523365644,0.07611166440985712,0.9976320489799081,1.9839513670453361,0.00015999999999999348,580.6013632436742,0.727931099709872,0.25554481033536985
103,ds103_time103_62.h5,0.014106855697582374,0,7500.0,0.009999999999999998,1.9796358010586106,0.28507458507065997,824712.5152629669,-0.03823219012308641,-0.38985169190618796,0.07994593324007086,0.9975686495745295,1.965152009544233,0.00015999999999999348,586.284374257148,0.7278873501889499,0.2559822653629113
103,ds103_time103_63.h5,0.014106855697582374,0,7500.0,0.011,1.9866561254876418,0.27228556513498514,826001.2501369899,-0.060797935282898515,-0.3829865710299704,0.07819082797625444,0.9973304991625563,1.8825873601165186,0.00015999999999999348,608.8210913784997,0.7278171828837529,0.2555939042354173
103,ds103_time103_64.h5,0.014106855697582374,0,7500.0,0.012,1.9949213118372748,0.2886751670550436,825671.269371981,-0.073232751296789,-0.3798889386733655,0.08025731131845873,0.9966236878070783,1.720920119633557,0.00015999999999999348,620.7103424246627,0.7277406701403808,0.25504782278849
103,ds103_time103_65.h5,0.014106855697582374,0,7500.0,0.013,2.0007561667599214,0.2972613879277316,845315.116249338,-0.06197208039348699,-0.3736982278962508,0.0885207236554615,0.9954901998342559,1.5244543513546014,0.00015999999999999348,699.7964951439424,0.7275216541375338,0.2557739778782808
103,ds103_time103_66.h5,0.014106855697582374,0,7500.0,0.013999999999999999,1.9969230702503615,0.28939477050187323,918867.3078018907,-0.07699931902939994,-0.37102250358081146,0.10068750194200292,0.9940272221837616,1.4889840970873487,0.00015999999999999348,756.4528160961565,0.7273538291559647,0.2552283790602368
103,ds103_time103_67.h5,0.014106855697582374,1,7500.0,0.015,2.198179367479679,0.2649539366063353,1176258.6083732767,-0.047667883405618054,-0.3637088394253923,0.18492370596606536,0.9949252199008876,1.4914457375987604,0.0,995.9868089072287,0.7346172060247714,0.25775791931583525
103,ds103_time103_68.h5,0.005321338763032498,0,8000.0,0.001,2.162990742643791,0.09348983718936399,38871.411632967014,1.8500109759489605,-0.49354588887282463,0.12432233255392505,0.9999863510636737,2.3489534674426977,0.00016304347826087695,799.07598806177,0.8145909982532706,0.2699549581121472
103,ds103_time103_69.h5,0.005321338763032498,0,8000.0,0.002,2.1598048755377093,0.1405125625706023,200154.1969763242,0.41067689051261724,-0.4665159851955584,0.12005104774911302,0.9999765699054053,2.4255781253883373,0.00016304347826087695,654.2070812129208,0.8144361047968678,0.2675429538864098
103,ds103_time103_70.h5,0.005321338763032498,0,8000.0,0.003,2.1719202632180856,0.21869669022840932,265958.7728460488,0.2827817937466469,-0.457802651330815,0.11831741880437761,0.9999597157572199,2.5242536017801362,0.00016304347826087695,635.8067012464089,0.814480624796518,0.2670134683518531
103,ds103_time103_71.h5,0.005321338763032498,0,8000.0,0.004,2.259430157144372,0.27047181954045163,341018.6175700169,0.15957669636845348,-0.45117727398708735,0.11281536392337246,0.9999428193733767,2.5433758903762524,0.00016304347826087695,626.2932109022387,0.8141548008383104,0.26788826526497855
103,ds103_time103_72.h5,0.005321338763032498,0,8000.0,0.005,2.4286735011725513,0.2872231335099551,654705.9756293114,0.028035573342249976,-0.43499719108483303,0.1189145373851202,0.9999453280819675,2.8526717733681743,0.00016304347826087695,632.9097260021223,0.8127576469656892,0.2663425555022005
103,ds103_time103_73.h5,0.005321338763032498,1,8000.0,0.006,2.480571373017766,0.23970553382711834,1001585.5100907082,-0.07324622740630116,-0.42249376784781123,0.1551547201165341,0.9998877095303241,3.0492245904208253,0.003913043478261047,640.7181785556313,0.8068665004651407,0.2759903934077663
103,ds103_time103_74.h5,0.005321338763032498,1,8000.0,0.007,2.5426324665485325,0.17632917151383487,2593496.771995662,-0.3167174711194349,-0.3914772795096708,0.295869327510862,0.9999045549180532,3.1004964831925412,0.003913043478261047,678.2269700624734,0.785498417660421,0.29878116699184043
103,ds103_time103_75.h5,0.003154848369242181,0,8500.0,0.001,2.669314071592148,0.08512746837803231,60496.20434388528,2.0314926151078954,-0.46914882088371085,0.15601487695028626,0.9999964980438728,2.3176352694302085,8.021390374331194e-05,865.2931989473177,0.8669277409417453,0.255652860807395
103,ds103_time103_76.h5,0.003154848369242181,0,8500.0,0.002,2.3695208467208313,0.1145291578097476,262392.50368838036,0.49011852982375625,-0.43978225994012987,0.14980332417029424,0.9999917098481939,2.624046587845076,0.00016042780748662389,702.9849764853911,0.8635567721131097,0.2546017222637191
103,ds103_time103_77.h5,0.003154848369242181,0,8500.0,0.003,2.500714254250781,0.2209060922392494,348083.87952271616,0.24400617209587502,-0.42883512238741406,0.15366945568041332,0.9999926690430221,2.6492078900345986,0.00016042780748662389,681.774298214007,0.8585080580235009,0.2597378905904865
103,ds103_time103_78.h5,0.003154848369242181,1,8500.0,0.004,2.672763216676496,0.09995984140328806,1129463.9799360826,-0.35407522730250013,-0.39272025397457994,0.27802749738754023,0.9976269963098809,3.049772128282766,0.0019251336898394866,707.6543853130916,0.7943441632197787,0.2958731377298689
103,ds103_time103_79.h5,0.003154848369242181,1,8500.0,0.005,2.6729822370427874,-0.040957706313771824,6149329.382804273,-0.5279774306408608,-0.32833575720671454,0.571803152647958,0.9981104262317391,4.41531162238117,0.0019251336898394866,812.6022378796628,0.7584053253957423,0.25711199339569824
103,ds103_time103_80.h5,0.0022662204522670426,0,9000.0,0.001,2.704417894570267,0.11478760531437815,39913.74586407286,1.436745037303188,-0.5176412939994206,0.1918427892448779,0.9999980392166776,2.318925639351338,0.0006349206349205438,868.4612703188627,0.924750295627415,0.2798710638869942
103,ds103_time103_81.h5,0.0022662204522670426,0,9000.0,0.002,2.5030461360740643,-0.007368192552248631,137125.72737478628,0.5298602355126627,-0.5009660000823564,0.19196877689282732,0.9999989581749354,2.3972959773585845,0.00015873015873013596,762.2385406766291,0.9197289119054181,0.28093173093994045
103,ds103_time103_82.h5,0.0022662204522670426,1,9000.0,0.003,2.6620285664128205,-0.2456164964692369,5877746.172841067,-0.8022089227080663,-0.37604808133745204,0.7419517584552898,0.9978333037873194,5.052097808379005,0.0018253968253965636,900.2175755426138,0.7449564484906639,0.25974142432486325
103,ds103_time103_83.h5,0.0022662204522670426,1,9000.0,0.004,2.5451244686175443,-0.25261006900934424,19187391.504473243,-0.41480560552811513,-0.34872384250524235,1.0337829992724363,0.9949736484459505,6.316162107111077,0.0018253968253965636,999.6460682542111,0.7417056135278304,0.25637809538126793
103,ds103_time103_84.h5,0.001813142078071514,0,9500.0,0.001,3.076620089790323,0.08399244100383196,53847.591788625126,1.599849592657665,-0.4937258739789571,0.2420375148976283,0.9999984454708792,2.3465838201657756,7.894736842105343e-05,922.5270160462193,0.993068056596024,0.2652664541299733
103,ds103_time103_85.h5,0.001813142078071514,1,9500.0,0.002,2.5875488756665574,-0.03430088733845671,259065.3451805315,0.6150634154623587,-0.4756623164446289,0.2457698960903123,0.9999964385274629,2.466133711061157,7.894736842105343e-05,805.4827239910309,0.9725913723023474,0.27888368560535637
103,ds103_time103_86.h5,0.001813142078071514,1,9500.0,0.003,2.734298592896549,-0.24697107949071873,2674349.2520234315,-0.8975916973572732,-0.38041836533771,0.6512666016494035,0.9976410397257842,4.696751596914611,0.006157894736842168,911.9479018837186,0.7471593181869796,0.25184038754957094
103,ds103_time103_87.h5,0.0015542224672644915,0,10000.0,0.001,3.543527746318374,0.07545559496841858,64013.08199474839,1.7804908449678964,-0.46643023938916367,0.3414797526548876,0.9999993234097191,2.3103077986008103,7.894736842105343e-05,981.6487354526313,0.9324002682134499,0.2494367710127465
103,ds103_time103_88.h5,0.0015542224672644915,1,10000.0,0.002,2.787548393404765,-0.19089761968214325,356200.0676478582,0.4223337737473309,-0.440012035851822,0.353521727437872,0.9999989493864921,2.511961528530886,7.894736842105343e-05,845.8160720971675,0.8757497451804332,0.30329076105743985
103,ds103_time103_89.h5,0.0015542224672644915,1,10000.0,0.003,2.698780208136192,-0.22995828427415055,4623982.621552613,-0.7174136455232334,-0.33091861509715215,0.8385709926029421,0.9971788942966336,5.407204410884277,0.011921052631579068,997.6914288722332,0.7452909329745755,0.23201834017819428
103,ds103_time103_90.h5,0.001396960044729048,0,10500.0,0.001,3.1339515842000947,0.08247451930225957,60959.016590828,1.1972537269999688,-0.5235490817136951,0.45985783790687146,0.9999990225948933,2.228980459516215,0.0005555555555555487,969.7847853095633,0.860419407075886,0.282087342560949
103,ds103_time103_91.h5,0.001396960044729048,1,10500.0,0.002,2.8138137887471126,-0.27181595618108356,1265155.0366222772,-0.8765484102953762,-0.4342188726967628,0.7848814162961671,0.9977189022931466,4.276826511450948,0.004126984126984076,979.4540587942693,0.7565228080365167,0.25661663735552354
103,ds103_time103_92.h5,0.001396960044729048,1,10500.0,0.003,2.4905336659688673,-0.34287484184192407,9643395.716666538,-0.41779137448737136,-0.37749594844679085,1.1638318649373858,0.9944519818595241,6.379601105592671,0.004126984126984076,1087.0156407216018,0.7490742265163619,0.24843030465622912
103,ds103_time103_93.h5,0.0012991744510970804,0,11000.0,0.001,3.57907724057247,0.05576827753269287,69531.89287373258,1.388830089166393,-0.4950958348593732,0.6702099931416692,0.9999996051068429,2.3963995792728925,8.021390374331541e-05,1030.7481213273202,0.7845253594134194,0.26825790949972894
103,ds103_time103_94.h5,0.0012991744510970804,1,11000.0,0.002,2.5490129369476273,-0.2752285464847448,1639044.0409611072,-0.6025502542713205,-0.39891143520172156,0.9535430776523555,0.9970726809187335,4.513881722754937,0.004010695187165771,1021.1940898941808,0.7678186812033352,0.23998684681811197
103,ds103_time103_95.h5,0.0012991744510970804,1,11000.0,0.003,2.3687168341096947,-0.46198859955325555,9873034.006536609,-0.18722028892182163,-0.36219434391899624,1.2078848612679276,0.9971494139191112,5.925070166524437,0.004010695187165771,1092.2076973105281,0.7648022257774301,0.2326727228523095
103,ds103_time103_96.h5,0.001239244016761887,0,11500.0,0.001,4.011475122576903,0.040375320807321424,67221.211705552,1.5562666647373762,-0.462745464464289,0.8980390246682377,0.999999820948491,2.353447074668696,8.1521739130435e-05,1086.889892218653,0.7053674830360648,0.25313725248255037
103,ds103_time103_97.h5,0.001239244016761887,1,11500.0,0.002,2.6228189360897685,-0.30067206960619464,1877198.6086112566,-0.5311693020274294,-0.3623492538788515,1.9392395609627802,0.992558763053792,4.675936137167362,0.0,1063.380525977194,0.7894395508557669,0.2269967274531238
103,ds103_time103_98.h5,0.001239244016761887,1,11500.0,0.003,2.475524222042703,-0.44128997213063426,5156478.13274482,-0.3634864099708827,-0.33084687288947645,2.8062831987457355,0.997544435085553,5.695438995916317,0.0,1122.4793726146736,0.7865154176752955,0.20219258906480958
103,ds103_time103_99.h5,0.001205076880252254,0,12000.0,0.001,4.330439005432156,0.06539774156946399,64814.09190644222,1.6143741909992304,-0.462798338055183,0.9001970741361108,0.9999996152051146,2.3710313286711755,7.812499999999833e-05,1139.9435488883853,0.7097580501858597,0.2552019177948588
103,ds103_time103_100.h5,0.001205076880252254,1,12000.0,0.002,2.6149848882123305,-0.31708954923116517,1825198.4620564855,-0.46214344801667034,-0.3612804309143838,1.9506723664777486,0.9959665247540406,4.830515973943528,0.0038281249999999184,1086.205597168855,0.7496670271057841,0.22625295408208246
103,ds103_time103_101.h5,0.001205076880252254,1,12000.0,0.003,2.5453756728918666,-0.25613957860037617,8943317.493909448,-0.45189743115669334,-0.323142109248207,2.3494499300543716,0.9959755649955803,6.222600062915586,0.0038281249999999184,1138.2194983413772,0.7437133769576298,0.2129440585493347
104,ds104_time104_1.h5,0.0014729720492096473,0,2000.0,0.001,2.7951423033335296,0.3147124890927465,14408.410765064193,0.0722224094996158,-0.4561346131217744,0.2700057221085719,0.9914591697934996,2.393558653578639,0.0004787234042553656,217.0487778458433,0.775746323408741,0.2147335878599826
104,ds104_time104_2.h5,0.0014729720492096473,1,2000.0,0.002,2.2622155317707353,0.23912387955657333,237128.73004253767,-0.16664644814013962,-0.38059213504839146,0.27169722343764957,0.9989623217974368,3.854199681555954,0.015797872340427066,345.3065921142305,0.7405406913484825,0.2516708588009657
104,ds104_time104_3.h5,0.0014729720492096473,1,2000.0,0.003,2.3749811601444972,0.1635700001115319,2994546.291251286,0.11084150859075308,-0.3015260215627144,0.3767239169081723,0.9977225679278235,5.827407534882914,0.015718085106384505,590.9144492574393,0.7455722721143513,0.23203000206533808
104,ds104_time104_4.h5,0.00486265734176468,0,2500.0,0.001,2.0888086193227027,0.32190446510132076,14821.626416694948,0.09053845081236805,-0.4676552737556849,0.27466529954127095,0.9940608140651457,2.3888434787729937,0.00047999999999998044,250.73988878006512,0.7297254417746133,0.19058186536629415
104,ds104_time104_5.h5,0.00486265734176468,0,2500.0,0.002,2.051267326334409,0.3409659267284977,47089.7746600432,0.04257062296655522,-0.4496408203685148,0.29395096275666394,0.9830899219186549,2.3324767280610534,0.0005599999999999772,238.49425068281656,0.722638001060567,0.21633609276467378
104,ds104_time104_6.h5,0.00486265734176468,0,2500.0,0.003,3.030030842721478,0.32171430762466713,92031.17777467161,0.01810959781739088,-0.4333766622373258,0.46190587668941135,0.7535868839870425,2.1980384986364845,0.0005599999999999772,232.99264005881045,0.6526125285371817,0.27775455680476924
104,ds104_time104_7.h5,0.00486265734176468,0,2500.0,0.004,2.9853074446483356,0.3379729447123493,152458.54946774113,0.006956256419077471,-0.4223846859791552,0.5308693043994969,0.9025055469730023,2.211664239307483,0.0005599999999999772,239.60290540393112,0.7160267822058912,0.27208336476643424
104,ds104_time104_8.h5,0.00486265734176468,1,2500.0,0.005,2.4816831902767196,0.29733484968119617,284114.28615310387,-0.05582125756122371,-0.4082337328031112,0.27464127260063803,0.9985352656623313,2.2465799192563365,0.012639999999999485,278.4180894087432,0.8090994774745165,0.32161110386230357
104,ds104_time104_9.h5,0.00486265734176468,1,2500.0,0.006,2.1872444368329482,0.2888538645593651,829395.2311014221,-0.09761001768350479,-0.3705764805672528,0.22239443413754403,0.9996412107817509,2.91445667284076,0.005519999999999775,443.3527060522946,0.8323188508942494,0.2916047679679982
104,ds104_time104_10.h5,0.00122736072758267,0,3000.0,0.001,2.8689311405798126,0.30626101101052294,10028.52627344093,0.21084585113175672,-0.46346070322667066,0.3113296176219385,0.9963029337404643,2.297065654694146,0.0003225806451612903,290.46760084943867,0.8377042032622511,0.26972075514063537
104,ds104_time104_11.h5,0.00122736072758267,1,3000.0,0.002,2.154648324835576,0.20289931979664644,213965.35340236765,-0.06226280451527049,-0.38213964502836256,0.41932984702251835,0.9991382168599132,3.7597600600076566,0.015483870967741935,445.68649941102353,0.7734212272029292,0.25118167998457896
104,ds104_time104_12.h5,0.00122736072758267,1,3000.0,0.003,2.255469024004687,0.13496634090113346,2467249.132885321,0.2158982163100725,-0.32415039325353134,0.5227705449049104,0.9985079277168402,5.903811356366318,0.019516129032258064,643.0853105241038,0.7801043468990797,0.23241751523758272
104,ds104_time104_13.h5,0.0037118327626069485,0,3500.0,0.001,2.4787297989232173,0.289400687646291,9318.425218024528,0.24751048729308706,-0.47504694469769354,0.261721974999377,0.9912325167729172,2.285666215439877,0.000317460317460317,329.94713787536375,0.6975896017788401,0.20088831049881833
104,ds104_time104_14.h5,0.0037118327626069485,0,3500.0,0.002,2.8962943370052847,0.3214228724699497,37612.08442932095,0.053005161701481035,-0.4526419283458349,0.11418719094857603,0.9890269344624995,2.2814111847892202,0.0003968253968253963,309.68272412530087,0.6214229683020536,0.2247386164413817
104,ds104_time104_15.h5,0.0037118327626069485,0,3500.0,0.003,3.101824335890585,0.3068379240198439,71558.70149719468,0.041569260470777865,-0.4388669723768991,0.0969169400044762,0.9816047533828277,2.2173300300127177,0.0003968253968253963,305.4237060582341,0.580686775932562,0.25560400938040995
104,ds104_time104_16.h5,0.0037118327626069485,1,3500.0,0.004,2.1871167006562406,0.28541495929379135,186101.7888817336,-0.11397061664299242,-0.4131652169575249,0.2751874634460187,0.9990215302780713,2.568318445496461,0.0038095238095238048,354.9116087234898,0.8067049162798792,0.3550178088754724
104,ds104_time104_17.h5,0.0037118327626069485,1,3500.0,0.005,2.1361314085900265,0.23958471319603358,674178.2830724085,-0.1883844177257963,-0.36381092400407955,0.2888675871208995,0.9994830255787792,3.337661757956563,0.0038095238095238048,494.7542609829367,0.8065953747803429,0.23859221658910768
104,ds104_time104_18.h5,0.0026254736930035327,0,4000.0,0.001,2.887266167645228,0.29323520022491745,11815.461887665777,0.2667189282958832,-0.46338241825796406,0.17904226647469348,0.9958912386921415,2.386636463811064,0.0002393617021276828,366.93881078036384,0.747767571302504,0.2055841737253712
104,ds104_time104_19.h5,0.0026254736930035327,0,4000.0,0.002,3.2691512481486513,0.30597805496402175,29373.62227090112,0.11718437592083726,-0.4460612024662927,0.09083011480833465,0.9934392186461697,2.2945510888552296,0.00031914893617024376,347.9894531487888,0.7272449986604888,0.2309451225243145
104,ds104_time104_20.h5,0.0026254736930035327,1,4000.0,0.003,2.482184021859165,0.30264248970887897,84105.98790118258,-0.09738700669080326,-0.420782040286112,0.19206479198656204,0.996766925283527,2.4792497276848615,0.004069148936170608,360.3761087794815,0.722126122349067,0.3827199741758258
104,ds104_time104_21.h5,0.0026254736930035327,1,4000.0,0.004,2.189537420641413,0.20576512383397083,869278.626853551,-0.016112538792890832,-0.33922798988536107,0.43790013312370274,0.9985038859577321,4.019158794116167,0.007898936170213533,557.3307492250098,0.7290095460551528,0.24741319630360306
104,ds104_time104_22.h5,0.0012660557382003584,0,4500.0,0.001,2.9322173591590373,0.2501898751886016,10566.322383830275,0.32478229637527606,-0.47991884823534964,0.12933909613917954,0.9992095764016473,2.385783849674558,0.00023809523809520392,410.97233443454877,0.6387975838082525,0.2862007543142662
104,ds104_time104_23.h5,0.0012660557382003584,1,4500.0,0.002,2.171844547580376,0.13241748554779442,280833.1042233772,-0.3125554821496904,-0.38194403981809405,0.5532858765671684,0.9985587868494931,4.3603783309053,0.013650793650791693,569.4728493175883,0.7410987728907203,0.2515354815506959
104,ds104_time104_24.h5,0.0012660557382003584,1,4500.0,0.003,2.169309375037496,-0.011878615201782461,2641465.7391332705,0.34292290753223553,-0.343182155789453,0.7041613810991707,0.9975936785291942,5.56722656901761,0.013650793650791693,735.4219462869852,0.7474814470844474,0.23394142449278862
104,ds104_time104_25.h5,0.0012467600519764047,0,5000.0,0.001,2.923169457808468,0.27710014291899165,13702.819750169996,0.3342148178754353,-0.46509471319236817,0.09423337007957468,0.9995796463514736,2.42018567231447,0.00023684210526320193,446.43976743229257,0.5746303783524177,0.2779268317527126
104,ds104_time104_26.h5,0.0012467600519764047,1,5000.0,0.002,2.151363914020964,0.12083531135933945,219595.86265891563,-0.18478644058662486,-0.3839070022822385,0.47860357924255403,0.9990444585526892,3.708714599461986,0.01176315789473903,567.8160599347231,0.7505064550538392,0.2416355005676372
104,ds104_time104_27.h5,0.0012467600519764047,1,5000.0,0.003,2.0885678426225787,0.07003968914385239,920797.7520295852,0.19090545911343415,-0.35296227957123466,0.5979323292693203,0.9990133527538516,4.574327912822621,0.01176315789473903,664.9084910661427,0.7569989518580397,0.22419421229453276
104,ds104_time104_28.h5,0.0017359116151273064,0,5500.0,0.001,2.4782462705391755,0.17147379073837765,11997.965913085522,0.6177400168198934,-0.45481885375878056,0.08122377165647393,0.9998443902399521,2.344681800022826,0.00016042780748662389,498.4079428635717,0.55495019844002,0.26535564289544117
104,ds104_time104_29.h5,0.0017359116151273064,1,5500.0,0.002,2.4045575589083383,0.24308019985717233,44919.034783940384,-0.07085693491911094,-0.4192985456245335,0.12203397090613426,0.9988639274541847,2.5908644106322165,0.005695187165775148,469.95849080368544,0.7349017484568358,0.31164604198701806
104,ds104_time104_30.h5,0.0017359116151273064,1,5500.0,0.003,2.1597951557429313,0.16969499055684678,411460.79537143407,-0.4416943815654964,-0.34416064943403013,0.38242920607311365,0.9990291157431171,3.9696712287473104,0.005695187165775148,590.4522397176653,0.7741973908965651,0.22010925339162807
104,ds104_time104_31.h5,0.0029457126545122288,0,6000.0,0.001,2.2920988279094034,0.18346161744495104,14645.587949131768,0.632327334295922,-0.4526834248493767,0.06891686061344608,0.9998138424124137,2.3170529079262057,0.00016129032258063725,528.2847041525004,0.5787175694928673,0.26236002256399443
104,ds104_time104_32.h5,0.0029457126545122288,0,6000.0,0.002,2.5446970184483626,0.2727603837649213,29434.914442290094,0.2426811972514564,-0.43116871946326224,0.04719269745778859,0.999841364107775,2.335112220062456,0.00024193548387095584,490.13939623787246,0.574194414174151,0.26408103636370883
104,ds104_time104_33.h5,0.0029457126545122288,1,6000.0,0.003,2.692579856183842,0.31516808487713877,51551.06008730691,0.06921856806859313,-0.41532745530719356,0.03800790824954416,0.9997560051818628,2.382731396961531,0.00024193548387095584,480.5318102732096,0.581683881253085,0.2645012201835562
104,ds104_time104_34.h5,0.0029457126545122288,1,6000.0,0.004,2.3549491387459907,0.22702270146054793,204096.0655926005,-0.2535272508096344,-0.3722907798449483,0.20108739064031808,0.9996962933950159,2.9655089281867486,0.002177419354838603,543.92498669763,0.7726915588308989,0.30263601745163954
104,ds104_time104_35.h5,0.0029457126545122288,1,6000.0,0.005,2.134350856443798,0.1590597014865045,900232.6886070434,-0.21801829831355735,-0.30891818454004843,0.3424954555800834,0.9994413279687131,3.7914822396242536,0.0,650.5896890736957,0.8029637909215841,0.21536285123064494
104,ds104_time104_36.h5,0.005340597669805986,0,6500.0,0.001,2.2085949923393993,0.14436196059540074,16490.580681924457,0.5302909952712223,-0.46893826681465084,0.06165647255384634,0.9998574809396169,2.2882269894120024,0.00015915119363396624,560.6827496088112,0.6104793893839605,0.27207391431748473
104,ds104_time104_37.h5,0.005340597669805986,0,6500.0,0.002,2.322611625827588,0.26366862249334333,28246.516025767847,0.2071779627210843,-0.4471928128449696,0.04584953181257417,0.999825013001051,2.3205497185314394,0.00023872679045094936,519.0599022696015,0.6094843569330858,0.2736658182937801
104,ds104_time104_38.h5,0.005340597669805986,0,6500.0,0.003,2.467324727334571,0.3160035496229894,47509.483268184864,0.07262752312455117,-0.43174604538485134,0.041808367531698316,0.9998340028950269,2.2399789049096426,0.00023872679045094936,513.4190767428772,0.6097224102350195,0.2732087960351132
104,ds104_time104_39.h5,0.005340597669805986,0,6500.0,0.004,2.5269157974596044,0.3023389481063703,81405.10425265934,-0.01381714366960816,-0.41850710766737154,0.04221877372021989,0.9996696017879242,2.1722021111210417,0.00023872679045094936,513.718184001287,0.6096750798994797,0.27397157317976834
104,ds104_time104_40.h5,0.005340597669805986,0,6500.0,0.005,2.5664250736443703,0.28916028879138356,116862.41930759314,-0.049528770167333556,-0.40976200311155975,0.04773189246767069,0.9997517275887325,2.097480258106403,0.00023872679045094936,532.9684968032452,0.6138128332268086,0.27306267736785306
104,ds104_time104_41.h5,0.005340597669805986,1,6500.0,0.006,2.556676822617923,0.26756855471876073,200318.67650781627,-0.1123408429553466,-0.39234899885199526,0.12286860574790219,0.9993756130203226,2.3260404009831834,0.007161803713528481,578.8075105360467,0.7105295857769449,0.2969677657186584
104,ds104_time104_42.h5,0.005340597669805986,1,6500.0,0.007,2.2175126380603745,0.2282505197212239,486270.6218054797,-0.19794800921428127,-0.35654961102791194,0.19811263385587036,0.9998318859062205,2.7567341701973027,0.007161803713528481,661.8493121636254,0.7991302746245251,0.29161365538438433
104,ds104_time104_43.h5,0.00913760235676533,0,7000.0,0.001,2.0801356179402255,0.14665678216902722,16312.980952986545,0.5117677153398198,-0.4880655447011679,0.06444749296536673,0.9998862704731974,2.2958049762914468,0.00015873015873013596,585.6260138251497,0.6611701677812083,0.2828874761166693
104,ds104_time104_44.h5,0.00913760235676533,0,7000.0,0.002,2.114477281935486,0.25294727174096465,24088.349074328347,0.23557518805118396,-0.47292541201108046,0.05857000522135241,0.9999247255821347,2.2504040861574546,0.00015873015873013596,553.1846012871489,0.6609943241154246,0.28349056130891775
104,ds104_time104_45.h5,0.00913760235676533,0,7000.0,0.003,2.1496927231234197,0.3184159589508886,38152.61202769022,0.14719419426594815,-0.455373450899237,0.05294184680161607,0.9997852899990407,2.1710912600525702,0.00023809523809520392,537.8960993570973,0.6607849190049937,0.28493117119269046
104,ds104_time104_46.h5,0.00913760235676533,0,7000.0,0.004,2.106370472388048,0.28795235012512155,64809.83627870013,0.01576474768859283,-0.4416110575749555,0.0517928367861645,0.9998712335073443,2.092369110277407,0.00023809523809520392,536.4771077584542,0.6607549571081941,0.2850445294089799
104,ds104_time104_47.h5,0.00913760235676533,0,7000.0,0.005,2.0860858025766205,0.30323185713181,92070.39403468561,-0.022034692092107046,-0.4325212004704595,0.05167927852385246,0.9997028535887904,2.013837644007939,0.00023809523809520392,551.3628788524204,0.6607181873791117,0.2848013171681019
104,ds104_time104_48.h5,0.00913760235676533,0,7000.0,0.006,2.0977031918534976,0.3044936114149396,107889.98547582056,-0.04561211332430285,-0.4272341806735122,0.05478730593083885,0.9996998614393212,1.856282873904403,0.00023809523809520392,572.9325541570953,0.6607805863026046,0.2851705709088012
104,ds104_time104_49.h5,0.00913760235676533,0,7000.0,0.007,2.0699662689558376,0.28753677628540963,112259.14888648724,-0.01666462789127655,-0.4206514941316755,0.06382923016278011,0.9997558883621981,1.6565239617582317,0.00023809523809520392,616.8842585781648,0.6616800946103152,0.28549643109239503
104,ds104_time104_50.h5,0.00913760235676533,0,7000.0,0.008,2.159965442691067,0.2759016250121726,126857.01105118256,-0.04174247299881891,-0.4146707514445139,0.08513464723565638,0.9992865763083988,1.4708096585167676,0.00015873015873013596,790.1667559503162,0.6647049373234186,0.2854805761661863
104,ds104_time104_51.h5,0.00913760235676533,0,7000.0,0.009,2.5418672696582534,0.2657054753944876,141540.30882599624,-0.013098093373024746,-0.4092100764072316,0.14535990946152275,0.9981189369898241,1.4597010101437229,0.0,1027.2858290396953,0.7295015295291069,0.3011535252826967
104,ds104_time104_52.h5,0.00913760235676533,1,7000.0,0.009999999999999998,1.8752501529324697,0.29038271092254153,214032.55760350765,0.04562194398206505,-0.3920711952235302,0.15906506227204495,0.9998334098429226,1.6168174942709335,0.0,848.1442430634834,0.874264599075013,0.23124982573325067
104,ds104_time104_53.h5,0.014106855697582374,0,7500.0,0.001,1.9270637501200831,0.080374680943198,23312.507505073485,0.6929768464467322,-0.44796806095743236,0.08858225203200745,0.9995476363249433,2.310572525246292,0.00015999999999999348,624.3656617650612,0.7278305494369958,0.25932380457724047
104,ds104_time104_54.h5,0.014106855697582374,0,7500.0,0.002,1.9815279163814783,0.24419561224711583,27544.607546589206,0.2884931110754879,-0.43040859987159125,0.07944368756479585,0.9994350056480463,2.3068251120319068,0.00015999999999999348,586.4326767066492,0.7279494481249721,0.25862647006205375
104,ds104_time104_55.h5,0.014106855697582374,0,7500.0,0.003,1.961826271560991,0.2814862973267802,43515.29637570861,0.12152288486797373,-0.4122183198854172,0.07282755874939546,0.999483888332635,2.2446540161822575,0.00015999999999999348,565.8537861299245,0.7279459050760876,0.25760244211561983
104,ds104_time104_56.h5,0.014106855697582374,0,7500.0,0.004,1.9262612854236263,0.2740747591230239,59271.67045294547,0.061151326644214896,-0.4025001002240006,0.07249886185304613,0.9991612288997891,2.26138403405323,0.00015999999999999348,564.9142889199723,0.7280258313715765,0.2579017285164205
104,ds104_time104_57.h5,0.014106855697582374,0,7500.0,0.005,1.9384993870713976,0.2709292851995295,90606.28067622392,0.005451788624775539,-0.391188032297798,0.07237682968768744,0.9988665346670399,2.0394794803714666,0.00015999999999999348,577.4252909701509,0.7280594025381939,0.2576171492691188
104,ds104_time104_58.h5,0.014106855697582374,0,7500.0,0.006,1.9510165666611257,0.2769330498241145,99668.31205207147,-0.049372425267561346,-0.3848273425914497,0.07593132355150561,0.9985667298682467,1.8634213072136092,0.00015999999999999348,595.4076248562703,0.727924060010486,0.25717443881223434
104,ds104_time104_59.h5,0.014106855697582374,0,7500.0,0.007,1.9652409189291833,0.2994214315854886,87833.66878350548,-0.04857676098721141,-0.3762080168633256,0.08089769052330834,0.9983182115383386,1.5946978032393897,0.00015999999999999348,641.3251254752331,0.727697116810485,0.25708595914057647
104,ds104_time104_60.h5,0.014106855697582374,0,7500.0,0.008,1.9876891788253779,0.27734765585446985,98360.89317867761,-0.0884387199321874,-0.37093743376851396,0.09094635000932726,0.9982759284081404,1.4351068416730381,0.00015999999999999348,741.7048122718036,0.7276661741516045,0.25747985051117334
104,ds104_time104_61.h5,0.014106855697582374,0,7500.0,0.009,1.9904118984975585,0.22282710293094332,97387.49355865922,-0.08071621832556289,-0.3650792939665904,0.18041826557256363,0.9963536633047284,1.2699727059905481,0.0,1407.2492000373109,0.7280284169571304,0.25693106238285845
104,ds104_time104_62.h5,0.014106855697582374,0,7500.0,0.009999999999999998,3.5142185710385125,0.1402007081848023,89490.64818147622,-0.015476480633433539,-0.36365285076364895,1.6209678669571566,0.08729901007723195,1.225598636040045,0.0,3134.3572990760713,0.8228880235328204,0.12280175693027093
104,ds104_time104_63.h5,0.014106855697582374,0,7500.0,0.011,1.9870136048417189,0.27422272560455124,154508.6645974652,0.042072383740418,-0.3660085218685098,0.15151383448651465,0.9944529980551889,1.3192869870988142,0.0,1266.8912433557273,0.7273219283725292,0.2534846475055967
104,ds104_time104_64.h5,0.014106855697582374,0,7500.0,0.012,2.0028862226609125,0.2839914118770751,196722.0777238333,-0.06059921127504931,-0.36775023822497105,0.1146939108839575,0.9958124999046868,1.3578139142714893,0.0,991.0146641713347,0.7272871589549372,0.25403497195662145
104,ds104_time104_65.h5,0.014106855697582374,0,7500.0,0.013,1.963025624903509,0.2796181607075209,242778.32093301168,0.04196671511727667,-0.3688741636550525,0.0986852730426695,0.9951656511350533,1.4652270618037306,0.0,818.1381254083273,0.7274445851350677,0.25384727377527955
104,ds104_time104_66.h5,0.014106855697582374,0,7500.0,0.013999999999999999,1.9465246941152285,0.3082603224428577,309209.6480944638,0.02893080100851927,-0.36846987815136795,0.09011861966791325,0.9944958674447967,1.478974466629277,0.00015999999999999348,798.2346251708857,0.727368850022608,0.25387741521053747
104,ds104_time104_67.h5,0.014106855697582374,1,7500.0,0.015,2.046331534624296,0.2937840904393657,413490.3980077564,-0.009963343651994385,-0.36614428690964734,0.12061703758927765,0.9918133790245672,1.5950504543728177,0.0,825.1265413297582,0.7292479270310445,0.25560933791637863
104,ds104_time104_68.h5,0.005321338763032498,0,8000.0,0.001,2.0813342414131224,-0.09217270543898115,14914.516301973927,0.8373679678337467,-0.4785874939987379,0.12248999763204456,0.9999776477160915,2.298733195699351,0.00016304347826087695,689.5353428475262,0.8145070581468439,0.27001288042115307
104,ds104_time104_69.h5,0.005321338763032498,0,8000.0,0.002,2.147413982503546,0.24260899787250856,30816.206524494315,0.20758158099332952,-0.44997898823331234,0.11552397592335562,0.9999588663512882,2.4780658765310517,0.00016304347826087695,617.6357795349596,0.8142898972761126,0.26806643989179124
104,ds104_time104_70.h5,0.005321338763032498,0,8000.0,0.003,2.2262450419427777,0.29459887262360107,49552.5400355118,0.07360140049215103,-0.4361320723193182,0.11483254554216334,0.9999593575413616,2.3690568542566863,0.00016304347826087695,610.9153814258907,0.8139334689312422,0.2669052282676184
104,ds104_time104_71.h5,0.005321338763032498,0,8000.0,0.004,2.3190577151108682,0.27404081773444555,85106.30478439695,0.033028177697466535,-0.4255101686379328,0.11985313958478501,0.9999394172748268,2.483972993744048,0.00016304347826087695,623.792473760607,0.8139361342170938,0.26719735765741953
104,ds104_time104_72.h5,0.005321338763032498,0,8000.0,0.005,2.5106611391979268,0.2878301857921428,153373.5517569327,0.034320350522852476,-0.4117122244660612,0.12211261552839317,0.9999148682198007,2.4146309333880933,0.00016304347826087695,655.0137288956461,0.8120356537486227,0.268145379723063
104,ds104_time104_73.h5,0.005321338763032498,1,8000.0,0.006,2.659097115258152,0.25394177512468785,212569.6254773111,-0.08710011105911696,-0.39816100527633386,0.15548709283085455,0.999876704098627,2.466546779728425,0.003913043478261047,684.6204582628147,0.7953010336691315,0.2940385862066148
104,ds104_time104_74.h5,0.005321338763032498,1,8000.0,0.007,2.479544903081324,0.22748386517652652,413386.9587037207,-0.009428272696427245,-0.3677105410602823,0.2254343255730787,0.9993623309992563,2.4565732184196785,0.003913043478261047,697.923765366804,0.753678073996418,0.2941429128069356
104,ds104_time104_75.h5,0.003154848369242181,0,8500.0,0.001,2.3130078325242764,-0.09591920464168391,17459.364659707044,0.8955734945898159,-0.4530745872070105,0.15437566503544944,0.99999470146079,2.384120871452921,8.021390374331194e-05,737.07742162924,0.8668726483688685,0.25594206777614553
104,ds104_time104_76.h5,0.003154848369242181,0,8500.0,0.002,2.3549072534954054,0.2151335917353545,36416.9114281136,0.3006514848106362,-0.43085840066428055,0.14624907589987496,0.9999963192125841,2.5166687326874024,0.00016042780748662389,668.1591098225126,0.8648479786467204,0.25523171201363276
104,ds104_time104_77.h5,0.003154848369242181,0,8500.0,0.003,2.4549629315950527,0.27443335892888965,69987.65218935143,0.08025561984492027,-0.4048532061777629,0.14459303454350134,0.9999911860524757,2.66517296890218,0.00016042780748662389,660.2128490560679,0.8568521338594585,0.2606357399582301
104,ds104_time104_78.h5,0.003154848369242181,1,8500.0,0.004,2.6160426952071933,0.16888655873537117,280962.01167950965,-0.2586167557383438,-0.3592105742728117,0.37181790398688586,0.9982328673037625,3.1698634163265624,0.0019251336898394866,709.192214619973,0.7663157820125835,0.2813759790874321
104,ds104_time104_79.h5,0.003154848369242181,1,8500.0,0.005,2.395998067522035,0.03215353772472107,1348629.3793959464,-0.02383470759797365,-0.305286369498463,0.5265731686584413,0.9980983376538198,3.961514660042321,0.0019251336898394866,781.2155285137377,0.7433178473470624,0.24466085952245042
104,ds104_time104_80.h5,0.0022662204522670426,0,9000.0,0.001,2.448995340727153,-0.007706114152117083,15211.23599323439,0.6571526146574751,-0.5035461092215208,0.18791136504974673,0.9999965672905328,2.263558665171271,0.00015873015873013596,754.5431401946406,0.9249653031804764,0.28140820070300776
104,ds104_time104_81.h5,0.0022662204522670426,0,9000.0,0.002,2.415636664087825,0.19986015092040277,32959.18990197615,0.27093178272569096,-0.48093420191104175,0.19237597743582852,0.9999979752964878,2.3613568992695932,0.00015873015873013596,699.9232073092203,0.9152774018321125,0.28546202268509724
104,ds104_time104_82.h5,0.0022662204522670426,1,9000.0,0.003,2.6382394941277894,0.03149903068618709,434784.8212713647,-0.4942010734263986,-0.4079131083945226,0.46623230004674904,0.9980182860327594,3.768737066861306,0.0018253968253965636,787.3045099333434,0.7508068362899252,0.27677871764262524
104,ds104_time104_83.h5,0.0022662204522670426,1,9000.0,0.004,2.4190624777155825,-0.096107287150907,2424798.77680594,-0.15221912211730046,-0.3486956184215053,0.8092923467995168,0.9966435659265255,5.093890029510253,0.0018253968253965636,886.1543579074078,0.737005605495526,0.2540264351965936
104,ds104_time104_84.h5,0.001813142078071514,0,9500.0,0.001,2.5096375683860734,-0.11061602379011459,30287.209773589846,0.7358960539441822,-0.47670467382785836,0.24692491542208983,0.9999994799960091,2.34226637750865,7.894736842105343e-05,796.1187831557529,0.9915971571290338,0.26561288875283784
104,ds104_time104_85.h5,0.001813142078071514,1,9500.0,0.002,2.5534143438130283,0.14390242927645436,44651.30379489131,0.04398046930210483,-0.4473192401962051,0.28265921921453,0.99999901130474,2.565043529287422,0.0017368421052631755,736.5428378105391,0.8577969593934754,0.3203478055527528
104,ds104_time104_86.h5,0.001813142078071514,1,9500.0,0.003,2.42221772209503,-0.11634196497746507,1339837.6502147883,-0.36741141837907126,-0.34089088226631614,0.7888422715358991,0.996847338468676,4.751080105605319,0.006157894736842168,904.6563551685226,0.7379934003166718,0.24360325286481177
104,ds104_time104_87.h5,0.0015542224672644915,0,10000.0,0.001,2.5866552758744947,-0.12200645557570677,24375.72871114834,0.8159795227707388,-0.4471350238266348,0.3432389049100019,0.9999988693755943,2.3455740712070776,7.894736842105343e-05,843.581291407252,0.934320645920299,0.24953882684350068
104,ds104_time104_88.h5,0.0015542224672644915,1,10000.0,0.002,2.7547724699142613,-0.05405158148804423,219334.8345031003,-0.48808288647089243,-0.38328657280755585,0.49588929588945996,0.9978581429565464,3.344765479167381,7.894736842105343e-05,827.0173034442863,0.7643718102743401,0.25253699367906557
104,ds104_time104_89.h5,0.0015542224672644915,1,10000.0,0.003,2.4423670793263046,-0.12887443141298527,1877627.1579277054,-0.2692932544379075,-0.30367360295088053,0.8837440559781138,0.9948761199592648,5.3306372459955815,0.0,960.7122929119981,0.7403373076678428,0.22879701872906108
104,ds104_time104_90.h5,0.001396960044729048,0,10500.0,0.001,2.460703354546911,-0.03928448543665786,17815.97887741903,0.4980907173594877,-0.504968434775135,0.46899594133781297,0.9999992807753052,2.3791490485509854,0.0005555555555555487,848.1442782949225,0.8650238885555263,0.2862731297968056
104,ds104_time104_91.h5,0.001396960044729048,1,10500.0,0.002,2.4496849295991803,-0.1924585208545544,857308.4396891047,-0.5123536303482668,-0.3862365993928436,0.8766611411073053,0.996513563476489,4.692172611020866,0.004126984126984076,963.0143104667126,0.7482398482750466,0.248923176253436
104,ds104_time104_92.h5,0.001396960044729048,1,10500.0,0.003,2.3708733659711503,-0.19449427271472675,2095103.4525275421,-0.32448200358847845,-0.36741000218507497,1.0665149078684841,0.9954823029503496,5.876954506081005,0.004126984126984076,1016.2698473090026,0.7467914723143856,0.24647027694006046
104,ds104_time104_93.h5,0.0012991744510970804,0,11000.0,0.001,2.651033845072202,-0.09608778058689649,25810.243430867762,0.6175900113322835,-0.47614034079490786,0.6747680551749137,0.9999991911715754,2.421236806077901,8.021390374331541e-05,889.4628493226014,0.792800383025462,0.2773748794993447
104,ds104_time104_94.h5,0.0012991744510970804,1,11000.0,0.002,2.6022250367654123,-0.14043510638326584,198355.3659981888,-0.46635756019616187,-0.4142669371880705,0.8088743177774838,0.9952688531368289,3.68394908700344,0.004010695187165771,916.8779134555801,0.7786455205513532,0.2506387027472506
104,ds104_time104_95.h5,0.0012991744510970804,1,11000.0,0.003,2.291884356888257,-0.3666855914628264,2123542.9349241587,-0.12640786141141558,-0.3477064318352441,1.0815180375118434,0.9967659204094387,5.144304271221866,0.004010695187165771,1010.9428933446985,0.7622598754033895,0.23189348662824538
104,ds104_time104_96.h5,0.001239244016761887,0,11500.0,0.001,2.6868032580820027,-0.1955514157165812,33770.082032596874,0.7190658491335282,-0.4408050464066052,1.9401744220789037,0.9999989011287871,2.3753319033975058,8.1521739130435e-05,931.7977306221177,0.7199051009681338,0.268211089907236
104,ds104_time104_97.h5,0.001239244016761887,1,11500.0,0.002,2.749521033116811,-0.16685918702032532,282340.03806024935,-0.471387447584505,-0.37847426010005325,3.140261099049627,0.9978981756748052,3.6879044671571615,8.1521739130435e-05,954.3847558177155,0.7996209786148725,0.23510087194246457
104,ds104_time104_98.h5,0.001239244016761887,1,11500.0,0.003,2.322134200783444,-0.29567254998973524,2109386.24985278,-0.2467138862959929,-0.3150801136451598,2.38276695864502,0.9965488213067984,5.443000185325456,0.0,1016.9253965085837,0.7803944370724609,0.209644014542574
104,ds104_time104_99.h5,0.001205076880252254,0,12000.0,0.001,2.7967748427536687,-0.2032131734013667,34695.43840153062,0.7098240733096969,-0.44098959987699554,1.9573697442440299,0.9999992152215507,2.3897550473213074,7.812499999999833e-05,968.3375614718441,0.7304707176053009,0.2751266050990519
104,ds104_time104_100.h5,0.001205076880252254,1,12000.0,0.002,2.7454635479475242,-0.21792610935575296,283594.59986669995,-0.5274450213171905,-0.37605634429480905,3.0358703318381575,0.99695966457304,3.7179535253734968,0.0038281249999999184,990.7600273005867,0.758098866243084,0.2342877253818013
104,ds104_time104_101.h5,0.001205076880252254,1,12000.0,0.003,2.3327252261281295,-0.1815756365243515,1940625.267073037,-0.3547788294776436,-0.2995944924767456,2.1212150806473704,0.9973300633781995,5.663014505414658,0.0038281249999999184,1031.7455119455703,0.7395611512745948,0.21289694948830837
