dataset_number,grid_point,file_name,RPM,Axial_Depth,kurtosis,skewness,crest_factor,margin_factor,shape_factor,impulse_factor,zero_crossing_rate,mean_crossing_rate,kurtosis_1st_derivative,skewness_1st_derivative,off_harmonic_energy_ratio,spectral_centroid,spectral_entropy,spectral_flatness,spectral_rolloff_85,spectral_spread,spectral_skewness,spectral_kurtosis,cross_correlation_coeff,cross_axis_peak_delay,bivariate_orbit_radius_ratio,coherence_at_tpf,coherence_at_dominant_resonant,cross_spectral_centroid,multi_axis_energy_asymmetry,d1_energy,d2_energy,d3_energy,d4_energy,a4_energy,wavelet_energy_entropy,d1_wavelet_kurtosis,d3_wavelet_std,d1_relative_energy,d3_d4_subband_energy_ratio,permutation_entropy,higuchi_fractal_dimension,katz_fractal_dimension,phase_space_ellipsicity,phase_space_area,ar_coeff_1,ar_coeff_2,ar_coeff_3,ar_residual_variance,autocorr_first_zero_lag,harmonic_peak_ratio,dominant_peak_tpf_ratio,transimpedance,acceleration_jerk_rms
1,1,time1_1.h5,2000.0,0.001,1.2981871186798721,-0.07063186616773692,1.6807121562095308,3.37952439222494,1.3022970863528722,2.1887865440295253,0.08506582738596569,0.08506582738596569,2.1558988826977177,2.2391171144164574,0.4182322779986436,398.9939719613501,0.08870060989601815,3.0575732658681966e-07,666.6666666666019,736.4818060015572,4.291155857836923,26.192962077554757,0.8793502663417568,0.0004787234042553656,0.20303082689150986,0.9999999972759909,0.9999882452227767,169.75802719521093,-0.46433375335405375,241.48424821672901,1530.63310162088,12166.619230877292,44209.909397028765,5053382.971807966,0.10051936797233328,16.470126817628934,2.074905760630524,4.724303130131842e-05,0.2752011799348989,0.2655786926864802,1.0028785061987509,1.020606058505365,0.7822365434869334,4.963577884940346e-07,1.885121036931238,-0.9008667320575194,0.008131315664071563,0.14726856215328527,0.0019148936170214625,0.008907821246767533,0.9999999999999027,0.929560558613166,54564.372652897415
1,10,time1_10.h5,3000.0,0.001,1.308597179520628,-0.07786635902782856,1.6710779256073973,3.3090704148518637,1.2968882127684787,2.167201264337834,0.09550373008938773,0.09550373008938773,3.0216414391645094,1.779850205058317,0.4236920614621581,491.4205195811166,0.09192056040077191,1.440055631367517e-06,809.1666666666667,796.7888096606641,3.575571304061582,18.734102893969215,0.8844098598332288,0.0003225806451612903,0.27440608488655843,0.9999999976950538,0.9999998273826267,247.24767565992346,-0.46923036960016434,506.84827883031676,4097.317985857516,23919.881242979885,69722.59214734346,4869475.719054464,0.1615008164721729,13.955331197171661,3.580334702519015,0.00010202830235504277,0.34307217368554577,0.28928220568309787,1.0064623645313515,1.0469982037433803,0.8492351532381516,5.15952563020333e-07,1.889207320621374,-0.9364941150349771,0.03210977287536489,0.48505169632886974,0.0012903225806451613,0.00838670105855273,1.0,1.3440914364765906,50564.13838086595
1,100,time1_100.h5,12000.0,0.001,1.2654562948884653,-0.07211985860038836,1.727681594783797,3.7664361521619116,1.321630236970492,2.283356235523667,0.12503256056264653,0.12503256056264653,4.695323175687619,1.932862930716619,0.40181025543170745,1415.1503068740774,0.11719564435740949,6.672880627112342e-05,3200.000000000068,1658.8231032579445,1.4661836213386132,4.195408466248585,0.8441398832966076,7.812499999999833e-05,0.26257721312466,0.9999999999998301,0.9999999999637161,1094.966423415868,-0.461796842590017,6290.255731843122,14916.851135732786,234137.96162284655,262388.6901425063,691769.2798405174,1.515547913212475,4.007933051008574,21.798659409587117,0.00520069444371323,0.8923325220141292,0.414498779715556,1.2008127459458533,1.2000141502319779,0.7062297281467721,3.7438253784855436e-07,1.1296274460887152,-0.04096592286974682,-0.3491415351065288,21.392820904407962,0.00031249999999999334,0.009620496549981383,1.0000000000000213,0.46082673833512716,213711.77053029844
1,101,time1_101.h5,12000.0,0.002,3.0364340231123492,1.0033384482827652,3.1197924832527786,9.418824647458306,1.5484185525615666,4.8307445612107225,0.08127116436572024,0.08127116436572024,2.448186007747245,-0.6911378545923353,0.6347120960898578,1422.5687795254462,0.28003345546153746,0.0007461318831725652,2616.6666666667224,1278.2914171985017,1.4936105161617017,5.159162174614317,0.8777663219905519,0.0038281249999999184,0.22740387233445364,0.9999908699502151,0.9976976680432574,1006.8048183526064,-0.3627530739466843,51551.57273249278,427935.22190708795,2094041.934296314,1078093.726176268,3009402.48135666,1.7766371276548196,3.1681410394806466,65.58405793544419,0.007739285353857506,1.9423561082424283,0.4934608568132885,1.408668506334873,1.4164152981322822,0.7475846878876463,4.383563141624986e-05,1.790715229846759,-1.2676429916076053,0.3097073832724564,86.41215397589784,0.00031249999999999334,0.009061167986408797,1.0000000000000213,0.10332459448330068,1364938.0051883957
1,102,time1_102.h5,12000.0,0.003,4.817373188386802,1.6265586736184632,3.6793610978410314,15.448323274248123,1.8010207335204829,6.626605623320383,0.08153164886689242,0.08153164886689242,2.299441098998515,-0.7194560769608717,0.7684775029353013,1566.8913654061528,0.3301842105552032,0.002063652195638058,2830.0000000000605,1338.8963525337313,1.4289973176947712,4.860819240210678,0.9126587409971565,0.0038281249999999184,0.21421923387874114,0.9998420369385014,0.9973331583901882,1044.317498488582,-0.3246548167676493,200103.2803146243,2045436.0646567757,7695021.85470808,3148564.1516074045,7466367.220084769,1.8722764788354325,5.0788189025330395,125.82425071589932,0.009734784005775425,2.443978106902989,0.4813526370906844,1.5067347977121868,1.576607370191612,0.7417667017957648,0.00018548623187330434,1.775794933370029,-1.2802122555800346,0.32639475503357107,347.01317901321903,0.00031249999999999334,0.0074443688727816775,1.0000000000000213,0.08252460909556872,2971072.359206551
1,11,time1_11.h5,3000.0,0.002,2.3893525970427003,0.7794499896806477,2.538285670477519,6.751272888900544,1.4822698302816928,3.7624242699851647,0.08280126352577458,0.08280126352577458,1.6908036771142012,-0.21889790909183696,0.615853656212862,927.0847660686672,0.2068854632936681,8.043040686546797e-05,1555.0,987.574356124972,2.4669700685771137,10.381231528133506,0.8792942746844015,0.019596774193548386,0.25868282705169415,0.9999848193487433,0.9995636260319706,371.9259187412173,-0.39261899027642877,6113.057733969468,113070.92055010321,1467928.3251442758,3221035.5538296504,15149894.791406967,1.0493256891461302,12.280400963573708,28.047591877030452,0.00030629545399725775,0.45573179824078075,0.3923982924144593,1.1829494924732356,1.2018183288256779,0.7740229568610907,2.397409758715662e-05,2.355181208995134,-1.932824651224886,0.5495004964882096,5.248911182669963,0.0007258064516129032,0.007933255608437597,1.0,0.11980655024299422,999041.7500159092
1,12,time1_12.h5,3000.0,0.003,4.455431001713701,1.547527176552323,3.8002287287613057,15.075776534097967,1.7782647579894326,6.757812820655213,0.08320451643255596,0.08320451643255596,1.702052270594021,0.379499405166029,0.7737173789485485,1045.027456709522,0.3079394378697076,0.0003009936882608648,1738.3333333333335,1035.4403764428666,2.398294280067328,9.621289130215303,0.9073724089345,0.009758064516129032,0.23878835272289645,0.9995124789280615,0.9993002626971802,539.4102842212591,-0.3459759955605613,70103.19366906829,1506251.432298271,12042992.534202015,20264282.66180678,37439166.754108116,1.5645388425659954,9.871082687373098,80.3359900331844,0.0009829002371532793,0.5942965134857753,0.4054971949816006,1.2317414902239356,1.3468610200561626,0.7817505501098578,0.00016339488042216286,2.2340299414435023,-1.7896605967347765,0.5002467553678107,54.339037971670884,0.0004838709677419355,0.0064665526214174405,1.0,0.09306159853118993,2459715.8424527664
1,13,time1_13.h5,3500.0,0.001,1.316494280632709,-0.09899709140908373,1.6418378037760817,3.237193414069591,1.2925846441884212,2.1222143334090053,0.11042518712863647,0.11042518712863647,1.5823462348770008,1.99384443906758,0.4271947677095932,548.6785771963874,0.09304036622428212,1.678090678580357e-06,933.3333333333346,918.260635214686,3.4730301164725854,17.61545911364039,0.8738708705136813,0.000317460317460317,0.19823473602404917,0.9999999511093387,0.9999689656971026,294.5379213116099,-0.48234657074168696,766.6245577495954,4813.045816852113,20269.858783907257,65014.15735508926,3142845.85909013,0.21598518442800393,9.855956099114648,3.5307337544613984,0.0002370727942439456,0.3117760747585933,0.29116640555840195,1.0081808943323065,1.0470755513299006,0.7164364982116861,2.140221191341372e-07,1.868492149281769,-0.9548152868737595,0.0667312970971761,0.6575274964538025,0.0011111111111111096,0.008079692876427912,1.0000000000000013,1.2154761362579918,45767.79946082859
1,14,time1_14.h5,3500.0,0.002,1.3386663838224366,-0.07588220170996526,1.7277691074296646,3.2310312856164978,1.2815990970817779,2.2143073280476475,0.07431128945134656,0.07431128945134656,2.009729412962898,0.9545406003151626,0.43799503989817334,428.78507004658775,0.0884534960424795,1.2655396066545526e-06,741.8055555555566,689.391702511844,4.2651505347047305,26.730611731656378,0.9140032184314746,0.000317460317460317,0.20577299278245773,0.9999995940434375,0.999867786477763,264.4719792431418,-0.4692326344838393,707.9261013593725,3641.7654291939343,46666.00787905711,235500.9566333805,12424999.233765058,0.17261261504693287,8.71335836135127,5.357221140176445,5.569171352151476e-05,0.1981563410449542,0.2940081272952809,1.0082467445496561,1.0963702363950663,0.6813156259349211,1.1814779242864153e-06,1.8990900045087629,-0.8916326617670485,-0.024690676299547586,0.7020198667317441,0.0011111111111111096,0.0072153385722293515,1.0000000000000013,1.2876372805432255,76827.39955130761
1,15,time1_15.h5,3500.0,0.003,1.3726896017557413,-0.05770545563063235,1.819520210705394,3.208064460034517,1.2667722918374835,2.304917787359893,0.07431128945134656,0.07431128945134656,2.7585451146246154,0.5753245738821555,0.45324115129892995,398.7243683459738,0.085582992638951,1.279044706354157e-06,700.0000000000009,629.9644721465594,4.663733806895213,32.70518898510187,0.9394286272089595,0.0003968253968253963,0.21721943540889707,0.9999989685876088,0.9997213155934829,250.7125363910039,-0.45804470925538443,654.7313427261338,3421.813666819811,47762.50493959577,461203.754302331,27429093.494864054,0.1416374839658597,8.781786155261035,5.419788452401951,2.3431685241148095e-05,0.10356052936266041,0.2966528356426989,1.008683094829138,1.1357112190793293,0.6431071159846046,3.1962297664899406e-06,1.899551061516739,-0.8608115565523805,-0.054769641015482276,0.7046092304278102,0.0011111111111111096,0.0060227434268071076,1.0000000000000013,1.4039186073770669,98247.67910426919
1,16,time1_16.h5,3500.0,0.004,1.5682175182665987,0.12846639672782295,1.893302513852886,3.2788429995779724,1.273689806401487,2.411480112328731,0.08580909020757775,0.08580909020757775,1.9425213980963096,-0.7804762724202959,0.5183948133362538,683.9937919609749,0.11866352677345036,4.958117868194526e-05,1079.166666666668,1027.9310655550166,3.008625329044327,12.948425580155225,0.9391382655749214,0.003888888888888884,0.3453713788553299,0.9999987701411454,0.9999783185862838,270.8223154115885,-0.43172601995125875,1147.652061124344,25048.860398565725,766070.2459701187,2570397.026152213,55674505.73464485,0.363041596782563,4.910724608752859,21.705704819442747,1.9439483133597444e-05,0.29803576574973584,0.4318956020507529,1.0884560699816768,1.2177421315788135,0.8090864651682841,9.49725195833753e-06,2.546301693086728,-2.1870524518490377,0.6314025644690199,1.7012931365827828,0.0011111111111111096,0.004195856515445243,1.0000000000000013,0.46083919783029403,503778.6425374027
1,17,time1_17.h5,3500.0,0.005,2.5758005414116627,0.7717824480974023,2.5532824557640614,5.036992592794632,1.3722426100601401,3.5037229813184396,0.08565475731152095,0.08565475731152095,1.9166110294386614,-0.9223615064409386,0.6500631792221072,808.3943317566032,0.17357217698076363,7.287591414701504e-05,1314.4444444444462,998.4083983231151,2.671502408470636,11.318966683798545,0.914734304167905,0.0038095238095238048,0.34766827079948853,0.9999871015298845,0.9998817937113593,368.4965080022706,-0.37978663586937417,14896.437256075167,264046.78060124745,5414630.712165606,14536968.672686463,84068707.4223113,0.8922055227256013,7.454660483481238,57.70642043211925,0.00014282401122253145,0.3724731637029091,0.4339215479163639,1.146646922042998,1.3290562515004438,0.8182778229889655,4.797855003987363e-05,2.484692722155357,-2.1404738438405384,0.6359643561911843,13.655592299887614,0.0007142857142857133,0.0029527390565377894,0.0,0.2217368331409828,1400495.2132657408
1,18,time1_18.h5,4000.0,0.001,1.310034319812005,-0.0838156779588207,1.6543478659668904,3.2808305041786,1.2960610912679333,2.144135900501825,0.08493660785530632,0.08493660785530632,3.5085323975368046,1.8079466881682,0.4243039281927613,602.1107196016177,0.09510441795646812,4.628160284541925e-06,1066.666666666563,947.7470643293095,3.1633124534426504,14.82055449075822,0.8812646205121084,0.0002393617021276828,0.20110941213475553,0.9999999134254142,0.9999380809998669,331.98125459804993,-0.47166406692069623,931.1078530278487,7196.610730432461,28911.732805733925,136930.72812906402,3517154.5835738126,0.3180429436995042,9.521609929047635,4.518594135704621,0.00025225586041904895,0.2111413062704463,0.3005000657432025,1.0108018609052176,1.065767387358638,0.7517931482594309,1.045123198255334e-06,1.8668748906202344,-0.9562956592597545,0.06449085627417843,1.0708030876332164,0.0009574468085107313,0.00866082868453888,0.9999999999999027,0.8553791523997154,73383.76844583108
1,19,time1_19.h5,4000.0,0.002,1.329668928587504,-0.06624632765066658,1.7332404475933885,3.298031484429472,1.2872743013742902,2.2311558862894416,0.08493660785530632,0.08493660785530632,6.276422367746161,1.0180487032610097,0.433923166978772,570.3407888591049,0.09289435917840158,8.72245378704969e-06,1027.777777777678,864.7087963662266,3.4294024331998223,17.227092256972096,0.910360476777597,0.0002393617021276828,0.21492656508948707,0.9999996862525458,0.9998126852157331,305.8231431948239,-0.46127953228184054,933.2786609409688,6600.319044867942,57220.121004471584,366404.83113182214,9685834.847887073,0.2838983532898673,8.598404997420964,6.356794659774546,9.22486181665839e-05,0.15616639340621957,0.3067675785499123,1.011786569912994,1.1079697011480092,0.7366444535018184,5.992289671488196e-06,1.9026750509418497,-0.9279374033707668,0.0024958333217311142,1.1458359953246624,0.0009574468085107313,0.00819409659615298,0.9999999999999027,0.7891885985885524,124201.45351332033
1,2,time1_2.h5,2000.0,0.002,2.145010132394073,0.6393247592442037,2.5194372913032144,6.372814715634934,1.4469132774174247,3.6454072684072125,0.08018972472184051,0.08018972472184051,1.8490621452954077,-0.9194653574567926,0.5867080946308433,876.4815618165476,0.19144035167571297,4.8081490291511745e-05,1469.9999999998572,955.5671237133639,2.5939416509852795,11.305018270237,0.8776154130907732,0.007898936170213533,0.26446398888868927,0.9999856432031817,0.9997591235236974,272.06258140929674,-0.38799002240703984,6067.557725636954,117831.28079909924,1391705.2203604039,4553133.1267039385,24541683.964484535,0.9005467748834552,16.170767068651042,22.191545268964028,0.0001982186947343703,0.3056588027699234,0.3727478525012326,1.1561034076518455,1.1631180064661826,0.740617587406423,3.117689846790309e-05,2.428363740459826,-2.0595344401934828,0.6132558501495948,3.339913505301191,0.0020744680851065844,0.008148182308769469,0.9999999999999027,0.11635316846623407,1011914.9157472355
1,20,time1_20.h5,4000.0,0.003,1.4153623969144637,0.03174612864465884,1.9589045988641756,3.6794476144481014,1.291367174558275,2.529665097064442,0.07908502526819754,0.07908502526819754,2.2844462283407587,-0.4760058793931971,0.478705198431156,738.2801459978211,0.12315737864980271,7.106978620449241e-05,1261.1111111109888,959.9054581122797,2.9649700843481543,13.303217816084306,0.9239227193503964,0.004069148936170608,0.38211577707602434,0.9999986146279405,0.9995150810297829,301.768161392295,-0.4383566273835996,1665.1370228460112,20275.150566829587,323807.2659497594,1320447.1287991637,24437318.421476193,0.39433152085969103,8.102033665905195,15.121815548217043,6.378976715600271e-05,0.24522546862155326,0.40598303589908274,1.0541439277214988,1.176697179234399,0.7243423052215001,3.5862339230187475e-05,2.2372602366075127,-1.5931657503066436,0.33741736595639243,2.379487826915925,0.0009574468085107313,0.007109830087895606,0.9999999999999027,0.2871641871095058,527601.8900743882
1,21,time1_21.h5,4000.0,0.004,3.2632793819115578,1.1099035299153073,3.061505418361113,8.083365763751432,1.5239314553216423,4.665524407678144,0.07961698732157106,0.07961698732157106,1.7687382979052388,-0.707803614396368,0.6991707628678212,1048.0189883971975,0.24239627382611426,0.00025682444266545627,1761.11111111094,1048.1083542232586,2.2613563871539846,9.015356492464626,0.9153474348791781,0.007898936170213533,0.27176707786165694,0.9998351796885498,0.9997272694421897,475.09067031941834,-0.34427196226294354,43304.17937408778,905681.821457738,8137260.104858436,13790725.734256653,46296784.540980816,1.3033183013384078,9.028534755219685,75.80667340458375,0.0006260203527999733,0.5900530734684392,0.40364176907642263,1.2152234963382997,1.3679483585790828,0.7318226504025844,0.00020802307133106619,2.3122250048913497,-1.9139081417807968,0.5608767327386581,42.45828542985928,0.0005585106382979266,0.006214641221986921,0.9999999999999027,0.09503272600061675,2618144.2870874354
1,22,time1_22.h5,4500.0,0.001,1.3201529153717086,-0.11200615631241358,1.6827685866003295,3.338338780211224,1.291890012969169,2.17395193116721,0.09405695009425538,0.09405695009425538,4.449297200841735,2.2574581774412743,0.42816454203972487,723.2669618090673,0.09733927844614917,6.703317051811915e-06,1500.0000000002153,1055.8058959577265,2.3490912310150107,8.584536654813034,0.8633126834095279,0.00023809523809520392,0.28624977508712973,0.9999999997915686,0.9999999993733987,391.1176255594888,-0.48983528681665967,1710.2065001382375,5573.665202076083,16624.09855950256,114629.58096850227,1718499.6866814087,0.44686994219236326,9.254103612714559,3.623699395162956,0.0009209327983436068,0.1450245078019652,0.3094895841385011,1.0132517559275076,1.0547180490526986,0.6408884499650112,3.4130592272187775e-07,1.8082336851299972,-0.975385290535362,0.13687046659997318,1.2633085345715662,0.0008730158730157478,0.008323116114095237,1.0000000000001437,1.1294139834113708,44155.99071416138
1,23,time1_23.h5,4500.0,0.002,3.274552076039767,1.1400342625908257,2.9734155161167912,9.213955749153572,1.5885794400120035,4.723506755515814,0.08056354797102887,0.08056354797102887,1.6987293267478347,-0.6094664007808298,0.6903230716022958,1150.212167234668,0.2700586268738078,0.0004454270974978398,2026.2500000002908,1138.0580571935761,2.0310474081869785,7.495002827813698,0.8767066406304932,0.013650793650791693,0.2472889469203087,0.9999564673826838,0.9990476156240744,534.6183342876466,-0.38044873598037826,22517.88190770502,308211.8299988911,2457400.8663856895,3786855.4662027014,11098163.740240734,1.4076345608444163,12.501127992121774,44.057611250371465,0.0012741295231455394,0.6489291414255816,0.4030973471220005,1.230467097522537,1.2749659321258708,0.7422575000551114,5.6471110667643386e-05,2.1491725669543347,-1.6506996454281997,0.4431834860753496,22.501516968528314,0.0005555555555554759,0.008164712202872737,1.0000000000001437,0.09045712996681987,1494111.1993997989
1,24,time1_24.h5,4500.0,0.003,4.410958528898468,1.5824970650974564,3.391119861535206,14.546106897666702,1.8238747646687046,6.184977939420894,0.08086119654727651,0.08086119654727651,1.657558947495166,0.2268099807554751,0.7910803617650793,1362.759546690699,0.25579298323134875,0.0005897641112219572,2427.5000000003483,1218.1640426887082,1.6290991939353396,5.740830784308601,0.9152872516659158,0.013650793650791693,0.23603729912484142,0.9995209383289139,0.9983086176163214,649.7190747814795,-0.36016467699936733,134061.39061269947,1706261.5401416454,9750231.615776831,12455693.026387893,21969815.577676132,1.694692214617674,11.549339636358287,87.7587831131628,0.0029133607143653584,0.7827931850215455,0.4097190253213041,1.2847718755796884,1.3920823317651683,0.7472831005377105,0.0002153028349188204,2.0493668673207606,-1.553346030723438,0.42031432939619795,115.61828241768778,0.0004761904761904079,0.006716582060122955,2.69583333333372,0.07799333848955024,2820293.0316797956
1,25,time1_25.h5,5000.0,0.001,1.307022904380722,-0.091827982419501,1.7446908578613687,3.511652044722886,1.2983966069092356,2.2653006899527646,0.10308147823226231,0.10308147823226231,2.517457638682732,2.1602118434692574,0.4222156514479657,763.1010585053867,0.09920838579728966,1.0447932539014467e-05,1577.7777777774843,1066.1199573653105,2.2611658307994613,8.187981414101866,0.8659938389152373,0.00023684210526320193,0.2792091717755112,0.9999999999948075,0.9999999990087313,432.4195412952179,-0.47699940012424025,1444.680339733237,8505.054977616885,21842.735844280407,202598.94431065558,1805272.759257228,0.5972735687826759,9.499793437177978,4.365773180126364,0.0007082932365200856,0.10781268342044169,0.3179284263448406,1.0164440634532441,1.0695063001858374,0.5707564022071331,4.772937108846022e-07,1.8014430715922716,-0.9735591648254243,0.1357410860822021,1.862516882826491,0.0007894736842106731,0.008584555767126842,0.9999999999998141,0.9125872535080193,54613.81714453799
1,26,time1_26.h5,5000.0,0.002,1.8980469963663114,0.4849323804090691,2.330396552844077,5.556024702113124,1.4073300817149206,3.279637171142225,0.08114924882114267,0.08114924882114267,1.740932212014011,-0.5104179070583678,0.5577580607786743,956.942106670192,0.20035122813058615,0.00014325658494968537,1561.1111111108207,1039.3677087513918,2.382829440706043,9.648096185814452,0.8689958280638509,0.01176315789473903,0.2715745019094587,0.9999978071990064,0.9992619175720417,461.90975758944313,-0.4195402775959555,4544.140191942126,66377.20947637295,640681.2352933594,1538988.065876394,7361765.084422314,1.0330898694315647,7.799166204757081,23.6444114224045,0.0004727394945729226,0.41630032714289844,0.42045594167787514,1.175991233106388,1.2055505246126152,0.7458801811478014,1.6791134357875542e-05,2.179611371935438,-1.6235166624002617,0.4024927001518855,6.375703975506328,0.0006315789473685385,0.008313993269679095,0.9999999999998141,0.14413230266930058,734220.7759643423
1,27,time1_27.h5,5000.0,0.003,3.549015306862736,1.3153688922651638,3.129117967624668,11.121104392265364,1.695931952920299,5.3067711457517,0.08180721570347625,0.08180721570347625,1.6480311831118628,0.47713715997445866,0.7501423187075746,1241.0474272083673,0.24849601426621445,0.00045562460495804927,2215.277777777366,1155.3918266941405,1.9238220371513854,7.181029262581198,0.9115542291793101,0.005842105263158981,0.22933280867535985,0.9998397966822546,0.9996112204837694,621.5827434970666,-0.36327389226547113,65151.54942798529,1036092.1316321822,8099261.744640242,11268612.330705144,22555393.70988556,1.5918564970272069,9.156351404726797,84.06457201147941,0.0015142891158457495,0.7187452640083345,0.4200541781287533,1.2475767957791764,1.3907319751740164,0.7600777330154688,0.000134575331905429,2.1609165053066586,-1.6908519051110773,0.46287205899019634,69.98525407384788,0.00047368421052640386,0.0068870564007103,0.9999999999998141,0.09862410208717987,2311668.754612111
1,28,time1_28.h5,5500.0,0.001,1.2934296540099233,-0.06560002697793711,1.7063313133165041,3.4957268772854704,1.3064997196490455,2.2293213824764004,0.11471994116926094,0.11471994116926094,1.5395054996937025,2.065876454492324,0.41469997745727494,789.896668652158,0.10101800882105505,1.6048674362032053e-05,1611.805555555627,1075.7818310303255,2.169860804204933,7.693664131932942,0.8752245246780989,0.00016042780748662389,0.2672578702517517,0.9999999999320299,0.9999999971729105,472.88665084797407,-0.4608660987659831,3224.398614157849,10818.95083824865,29988.008861171224,360431.42332114186,1855304.6379801515,0.7891418053729242,7.515269188412304,5.406299775311605,0.0014268718922885342,0.08320031751075188,0.3220660482377037,1.020339042012598,1.088948972957228,0.5570318012486651,6.037163919966277e-07,1.790997049787285,-0.9691444662563101,0.13352447513578833,2.868226353116349,0.0007219251336898075,0.009184546238269625,1.0000000000000444,0.6764188750267411,74594.1737123825
1,29,time1_29.h5,5500.0,0.002,1.358821071698792,0.025834976523991606,1.8414635091132887,3.728568865994166,1.3131895068363466,2.418190557389608,0.08346611104301997,0.08346611104301997,2.094085081165764,0.2859713484769038,0.45272038841248796,786.4613084603434,0.12145664075499796,3.966338323521753e-05,1466.6666666667318,1013.8744135914843,2.6206074618676145,11.003967742781734,0.8995177909097204,0.00016042780748662389,0.31128390557013175,0.9999999824275336,0.9999915483603201,430.0534695590602,-0.43671028274678314,2199.3726131753533,26660.73502145065,193751.7301058332,1519330.3776953218,7394114.854428792,0.8227768556736247,4.547576175186976,13.741968675100532,0.0002407354284628998,0.12752442322632682,0.39425663052884047,1.0455421667433948,1.1719002199620454,0.7216826251281812,4.87909915423438e-06,1.9851761515799535,-1.1717993609655442,0.14477477589189433,4.042302630633224,0.0007219251336898075,0.008304802065930265,1.0000000000000444,0.35334857899216077,301198.23677013983
1,3,time1_3.h5,2000.0,0.003,4.705226191967622,1.604794214155058,4.01487905873745,15.583567689538746,1.770539978265502,7.108503881395623,0.08054435037014052,0.08054435037014052,1.8867285497628836,-0.09192011837335885,0.7662518320521865,1127.9838368614903,0.29335210530817535,0.00027535340860434794,1914.4444444442586,1135.541341343088,2.1667208496004164,8.112070409452281,0.9187307423463039,0.02194148936170426,0.23590510964519704,0.9990495981205932,0.9988075658799035,472.85714882126223,-0.31384047446056423,120527.76792407832,2025009.558554598,13101792.0909867,30352934.216213636,52243182.10511264,1.523307480335286,14.624722453728735,68.08935719483088,0.0012318430428732649,0.4316482880257459,0.3754579070755774,1.2228491440011553,1.3025097144649849,0.7464232973353122,0.0002947626679686622,2.1896185681979166,-1.7229145621388113,0.48048015913196085,57.157259483223726,0.0005585106382979266,0.007278178318375696,0.9999999999999027,0.0798377268238485,2659934.134892143
1,30,time1_30.h5,5500.0,0.003,2.856229214501696,0.9766900912018276,2.7748917036574428,7.559496634014785,1.5193186794165214,4.215944798724687,0.08371123912244148,0.08371123912244148,1.8101288188816222,-1.3182859914555785,0.6561876414372863,1021.8321398287802,0.24141053934878534,0.0002442997521877049,1894.4444444445285,1069.7229621281956,2.1137072246007045,8.219214627828563,0.8946402312159007,0.005695187165775148,0.22145379262086165,0.9999733688596727,0.9995635266678753,527.9885412474231,-0.3564789817910911,24373.024086394253,361489.9020286529,2959901.221939397,6632156.540546151,17668989.82270682,1.342723925684554,8.395823368780196,53.71069606937798,0.0008815821961888233,0.4462954400795329,0.43557718251618616,1.1893426093988808,1.3286505151393129,0.7765516606601202,6.186791835689442e-05,2.2403271165295515,-1.7943595345552177,0.5091055254460565,29.12813424172567,0.0005614973262031836,0.007167875030220374,1.0000000000000444,0.12482559460055084,1544078.3680560116
1,31,time1_31.h5,6000.0,0.001,1.2945062786511008,-0.06290434720166461,1.7224817166999864,3.5226011268636253,1.3062128029106579,2.2499276711330514,0.06506250840166689,0.06506250840166689,1.5084679237609087,1.895211684372469,0.41496117876471494,783.5765830895801,0.10165941890468279,1.519056504057526e-05,1600.0000000000784,1062.0077243424923,2.18653608344675,7.830144513448677,0.8782514730108736,0.00016129032258063725,0.26482759121897764,0.9999999997541247,0.9999999852318922,508.9428900841193,-0.45901827347773,3258.4139678034658,14313.96372520646,37706.327209168725,540140.8734738019,1879520.3451827297,0.9283316940418939,7.160122167918226,6.3470083600927145,0.0013165628534199732,0.06980832049733332,0.32961324294559147,1.0246943665960502,1.1072662894004608,0.5774433229064639,9.882782303845652e-07,1.78823201835551,-0.9654286826518619,0.12510425846639764,3.821969188427878,0.000645161290322549,0.009186144243302804,1.000000000000049,0.46001993752290204,112979.18793395042
1,32,time1_32.h5,6000.0,0.002,1.3336230445484665,-0.035490459716823415,1.8280459048924675,3.4879265738895056,1.2905807124115736,2.3592407862571805,0.06479365506116413,0.06479365506116413,1.7427351195289864,0.9017062080980065,0.4306709568269821,655.0708494466052,0.09654393787585551,1.993157404829344e-05,1200.000000000059,893.7194766737114,3.056741097407339,14.348182906589642,0.9241204987430887,0.00016129032258063725,0.26594529295636976,0.9999999978873665,0.9999999637772251,450.5912106435343,-0.44239923285290905,2286.7001337083702,22069.586084601757,119245.54686522018,2070538.049410128,7447502.870594966,0.8668437986440451,5.575761117655803,11.287094491636847,0.00023667819149878622,0.05759157475960987,0.3355329738702256,1.0284261589970716,1.18742798799042,0.5760344859488109,6.445469106175201e-06,1.8590884503805394,-0.903975889033781,-0.0045073482342277045,4.216552172224795,0.000645161290322549,0.008184685893665665,1.000000000000049,0.4616108134527727,209192.35986018268
1,33,time1_33.h5,6000.0,0.003,1.3598732678842596,-0.023314143073933577,1.8705597717195332,3.4456514282747523,1.2816437564249805,2.397391252444077,0.06506250840166689,0.06506250840166689,2.0041607851795247,0.6577279393981778,0.4413692493927929,634.1384640535342,0.0966751398728594,2.1623446460194504e-05,1113.333333333388,847.3624175727488,3.2945008584404945,16.87958207545646,0.9351561928402794,0.00016129032258063725,0.2672039202996058,0.9999999996988677,0.9999999379715917,436.49147328813024,-0.43515233338606346,2431.9184410648663,20543.097168372224,164730.58644918405,3140008.8537023375,11559786.453180876,0.8440289509681909,5.439968859883293,13.266227128308294,0.0001633530339268823,0.05246182228274696,0.340086391421637,1.0327176093759878,1.2187565428602507,0.580754383515964,1.1596715937892652e-05,1.8641400170069344,-0.883508387516062,-0.02884236620076917,4.273749963725664,0.000645161290322549,0.007463495111959693,1.000000000000049,0.4590521222367139,259842.74123149042
1,34,time1_34.h5,6000.0,0.004,1.7782995355937725,0.3821630572527906,2.131971046276869,4.220067772393769,1.338626063177919,2.853912008486914,0.0863019223013846,0.0863019223013846,2.005404221493878,-0.7089927066887788,0.5515150661249415,848.9375264240834,0.18003442098809588,0.0002652495396857744,1338.333333333399,1005.058303000881,2.6997526209370015,11.438801708490066,0.8823844407897731,0.00016129032258063725,0.3033441442553152,0.9999994051716854,0.999916682351697,469.19894660992674,-0.39073187770105466,6205.784876185607,118868.095218723,1584169.3951902003,7258342.961535379,22999856.839798406,1.0746003595645643,3.7352687558910285,41.13982044294473,0.00019412828424568434,0.2182549658489954,0.4743266384569881,1.136456370533667,1.3235837038852607,0.7643103951241184,3.1715825902560985e-05,2.30450328311955,-1.8038465175334033,0.4633306104855847,11.627894714653134,0.0005645161290322304,0.005835390417767475,1.000000000000049,0.24466811196353475,875860.784013004
1,35,time1_35.h5,6000.0,0.005,3.093132128535437,1.0601552105037932,2.7148582643935577,6.244568807765968,1.4679693625222892,3.9853287557201793,0.0863019223013846,0.0863019223013846,1.8405139177983063,-0.7520240152703228,0.6907650841199262,925.5358166826038,0.22220673606188063,0.0002095768106907917,1473.3333333334056,1016.3201243748792,2.377548202841037,9.602872356562122,0.8602812869804077,8.064516129031862e-05,0.25380099352430646,0.9999754203081171,0.9999081846607143,545.2451366437359,-0.3338497427663451,42577.19866780902,645926.2088635926,6878809.827299418,17001076.90396449,38830582.74252513,1.3645311829855142,6.597632044214826,85.72711024531499,0.0006715755276905086,0.4046102412309743,0.4751080443115657,1.2232905392558548,1.4408271575950076,0.8025090728166142,0.00010875602378870817,2.2418974305491277,-1.7667901007979758,0.47517428014525337,60.779259322984934,0.0005645161290322304,0.004083319828606757,1.000000000000049,0.1614367241127841,1937512.4069373538
1,36,time1_36.h5,6500.0,0.001,1.314256440806559,-0.09120325268042419,1.6830661519229189,3.3507479203773727,1.295043286108985,2.179643520125061,0.06897542750395172,0.06897542750395172,1.5340010829834887,1.636755906564268,0.4253107062931033,784.9307171062495,0.10081558007587277,1.4852430662909735e-05,1733.333333333181,1068.18181441234,2.225641149803918,8.075918430996847,0.8767969398154957,0.00015915119363396624,0.27347095449736,0.999999997309658,0.9999998528444767,539.4942691287862,-0.4761806677673657,3327.4323179334715,15183.472284862888,43159.37839889907,684255.3912939068,1922388.0150626118,0.9949689658435454,6.69462323292949,7.019166341760006,0.0012470169197886887,0.06307495556196635,0.3349480239300483,1.0293405824150779,1.1214528431730004,0.6083474617069907,2.4302236876294116e-06,1.7970769172943364,-0.9644847099803641,0.11027009026076814,4.212543875286641,0.000636604774535865,0.008450167691378498,0.9999999999999121,0.2836821657976428,195501.11285858174
1,37,time1_37.h5,6500.0,0.002,1.3302283675656648,-0.0751778317268075,1.7298158656609697,3.3212638237467975,1.2873900328749293,2.22694770416085,0.06926282511855152,0.06926282511855152,1.5218533093334377,1.0677702801521134,0.43302684701601646,698.2799063927064,0.09778544200099426,1.865428202484848e-05,1299.9999999998856,980.3743919867512,2.9495250314074326,13.57781032940466,0.906022904642058,0.00015915119363396624,0.27395915986711916,0.9999999913735709,0.9999997733207708,502.5596961423793,-0.46704162087357515,2510.9657716093666,22389.003197985225,88758.46463916122,1507652.099076488,4310397.225897789,0.9628375662161393,5.3371915041130915,10.065901487418142,0.00042331245465963195,0.058871980275509314,0.3388501610712029,1.032518485525467,1.1686910353789421,0.6076944538423498,6.437446859445395e-06,1.846978906302222,-0.9335345943174326,0.03037299376812553,4.502108230394605,0.000636604774535865,0.0080341353759456,0.9999999999999121,0.2848276238458609,285989.45091454644
1,38,time1_38.h5,6500.0,0.003,1.3751346338052597,-0.05113398307581953,1.7784033170369318,3.162339265950042,1.2681996969815423,2.255370547777207,0.06926282511855152,0.06926282511855152,1.5184332131262692,0.5822111604251096,0.45332070293387094,614.5343480365327,0.09462867511462131,2.0912200129158555e-05,1003.8888888888006,843.0618941050711,3.4096984835297794,17.830648256965517,0.9360621797044089,0.00015915119363396624,0.2745979175179732,0.9999999243574593,0.999999500075945,466.22728690946593,-0.45207163714943904,2471.2807393217436,20641.940601897455,193472.80671545488,3917179.510838285,11853679.497174852,0.9085763661254823,5.123294375099221,14.861245773055387,0.0001545763399809165,0.049390845168096796,0.34152543650117106,1.0429042352423963,1.2402900010472622,0.6066054207268717,2.0982310688909512e-05,1.8380247564496544,-0.8328779349133567,-0.05984001910530688,4.495385249962327,0.000636604774535865,0.006721675466852046,0.9999999999999121,0.2895387118410902,455980.7334369631
1,39,time1_39.h5,6500.0,0.004,1.43615892519465,-0.03437726185692424,1.814896302419476,2.9737460261153945,1.2443488562429994,2.2583641381153234,0.06926282511855152,0.06926282511855152,1.5850037790494709,0.3493153590946521,0.48089312079599233,576.7037597078948,0.09410326617754726,1.935757588482062e-05,974.9999999999143,768.6103106813423,3.6302648408245917,20.49547887288034,0.9583393432254692,0.00023872679045094936,0.2750207795458618,0.9999998318502242,0.9999991261225405,449.5137562800427,-0.439686108128478,2585.97122915168,13996.218195492984,295988.7079025452,6961073.417884858,22903215.265587583,0.8618449224233092,5.515718184457254,18.381510505821122,8.569384836840455e-05,0.04252055539912438,0.3438580820581916,1.059389069707695,1.2939372799268196,0.6063214871745725,4.11605449901294e-05,1.7791028490589247,-0.6888937641071922,-0.14642098938676873,4.177338159638138,0.000636604774535865,0.0049559890541229275,0.9999999999999121,0.2977486032718231,606497.6530066542
1,4,time1_4.h5,2500.0,0.001,1.313655964424776,-0.09166588125084449,1.687907362178717,3.3351564730302248,1.2944333478489263,2.1848835776838467,0.08000444469137175,0.08000444469137175,1.5844014483517481,2.1241741566076136,0.42542744305193747,434.1155128861056,0.08994921531816832,6.384279079920097e-07,720.8333333333627,768.5767493570868,3.914481186086516,21.6656414946831,0.8756176727355629,0.0003999999999999837,0.18669522304030556,0.9999999733318119,0.9993543926966567,210.75398710015108,-0.4781886918830206,320.88746042529726,2591.5972405353245,14258.048718772094,41956.52367466263,4070239.3014611513,0.12375502432037848,14.700410634777738,2.5139723595724357,7.770864402972076e-05,0.3398291247704697,0.2758024761122875,1.0043111547423473,1.0284644157341505,0.7315379077751262,4.885077520927189e-07,1.8830910705421062,-0.9258208126469364,0.0316233664833367,0.2594985543685422,0.001519999999999938,0.008408472493998495,1.0000000000000409,0.40772765304091646,117709.09508459615
1,40,time1_40.h5,6500.0,0.005,1.473651114236343,-0.026031058228315602,1.9131446478404788,3.006223532394106,1.2311954558042668,2.355454996717452,0.06940652392585142,0.06940652392585142,1.6519156486987123,0.2586279573470611,0.49791449171575997,566.5869266089452,0.09525743790226344,1.9386743212945987e-05,976.8055555554697,740.0963327137297,3.6847405294426134,21.531321074604758,0.9654196861145757,0.00023872679045094936,0.275322548435983,0.999999827291209,0.9999988996997076,445.2148462609249,-0.4341526565423647,2389.5510242696982,14658.550332110877,356582.62995893415,8560234.832061267,29666087.278804712,0.8413710234132278,5.249879607112988,20.175577619056043,6.190554258031222e-05,0.04165570652611064,0.3470017047309936,1.0710204485090586,1.3165168296717469,0.6073197120220191,5.0618202117323484e-05,1.7517728737266482,-0.6288190344588084,-0.1803844563988484,4.003123767424766,0.000636604774535865,0.004006064503225379,0.9999999999999121,0.30302985857939163,674295.7355508712
1,41,time1_41.h5,6500.0,0.006,1.7347441512382182,0.15796132782851302,2.1636677679578598,3.31301770776128,1.2302787189188589,2.6619144097292224,0.06969392154045122,0.06969392154045122,2.3312808482455654,-0.44229934131538207,0.5695040450692381,678.016170047859,0.133378517565831,6.331796661902342e-05,1002.0833333332453,853.588116653481,3.229482801364276,16.31692193386394,0.949455181743817,0.007161803713528481,0.2870915120660793,0.9999993839003192,0.9999978851262767,464.1043090291335,-0.41162536900966323,4131.102663494898,89180.21796249208,1505862.5898475773,12862868.83425997,45892872.002900705,0.9235129616626147,5.2651997612832,41.461080799655605,6.844683122772245e-05,0.11707050808422653,0.4398408761554637,1.1294556826479856,1.377757367763279,0.6678196546825379,6.609594755772241e-05,2.2990118961198784,-1.7427688030762267,0.408352725536343,9.881413371681406,0.0005570291777188818,0.0021798773979227267,0.0,0.28334289221879705,979901.4863891191
1,42,time1_42.h5,6500.0,0.007,2.6976647089287624,0.7427637324827364,2.582781511357627,4.295311394412133,1.2956772178767466,3.346451163019349,0.08779997126023854,0.08779997126023854,2.077070493011211,-0.8434874411784158,0.6956964576273013,836.0476881712258,0.20881792107012928,0.00021888757513824288,1402.9166666665433,972.7364674911775,2.7015385814232467,11.814220739707718,0.9220352968298678,0.007161803713528481,0.3030676144933354,0.9999897969340101,0.9999959272526294,528.9468614432291,-0.3647956816136074,17833.83582197613,474200.3540888055,6566998.833832327,22960447.0463863,66678440.70174805,1.165746504613932,4.9980624294088125,86.58275786732088,0.00018442832772018326,0.28601354409891133,0.5032260683152129,1.1953913162757572,1.4674324883897485,0.7660961699666088,0.00012650175853589233,2.4087496952732845,-2.0261666319876914,0.5820376095854348,33.06622452384595,0.0005570291777188818,0.0007636161962940022,0.0,0.21806325456162665,1794320.349324271
1,43,time1_43.h5,7000.0,0.001,1.340410657679391,-0.12078429216827556,1.6295605265788873,3.147495552896584,1.2827884256118758,2.0903813823293897,0.07408550702268869,0.07408550702268869,1.5260197169187797,1.3590177613031684,0.4372120842979722,778.4289758272553,0.10014668749892729,1.4068378467116902e-05,1479.7222222224345,1061.6161644298757,2.267569711645695,8.35457736520004,0.8752627364481853,0.00015873015873013596,0.28409550581437326,0.9999998305419802,0.9999916452250396,567.7542389565643,-0.49538956611784696,3332.3123295335754,15713.946625382318,54884.62097001343,835110.590566562,1978814.9576146798,1.0521658790224915,6.239656103040872,8.20125053890247,0.0011539051239188073,0.06572138060514619,0.3427960517474902,1.039176963455831,1.1380329646322533,0.6591832296144079,7.768402259362558e-06,1.8062824859254871,-0.963126580837489,0.09347668004680268,4.578855488087151,0.0005555555555554759,0.00822171788689985,1.0000000000001434,0.14203070498341797,438453.01258143474
1,44,time1_44.h5,7000.0,0.002,1.3545923878516424,-0.10351885305277247,1.6443770324249085,3.0560519991909176,1.2746979025803844,2.0960839542833876,0.07439419663528322,0.07439419663528322,1.5204574131473967,0.8740463793029913,0.4458759723617365,700.1655701855846,0.09770947680731493,2.016491022584144e-05,1400.0000000002008,978.4550649761119,2.9386900883200773,13.54496201688476,0.9050224673032863,0.00015873015873013596,0.2847419213959324,0.9999994849967047,0.9999872871987061,531.2069025659985,-0.48597686017212777,2531.141456005744,22882.40656515533,115671.97037792635,1832757.9597243215,4439949.263222612,1.0216806043482356,4.741810940761237,11.906075645503789,0.0003946403568186629,0.06311360960905357,0.3475201026935385,1.0446711620504443,1.1890239401212042,0.6589949920154965,1.8051219826847345e-05,1.8467410866161356,-0.9283388344208322,0.018860267686534163,4.843746208540553,0.0005555555555554759,0.007835358769531137,1.0000000000001434,0.14282847777421753,647716.2045406397
1,45,time1_45.h5,7000.0,0.003,1.3994087532786872,-0.07708707210609098,1.6366569574808176,2.802278909178588,1.254039810607397,2.0524329809885233,0.07439419663528322,0.07439419663528322,1.520732202980362,0.4722610224438123,0.46889155685550776,623.3941935403376,0.09541460267550365,2.546894696379667e-05,1007.2222222223667,853.6829129257483,3.3532676873553964,17.30176866640792,0.9357843910063142,0.00015873015873013596,0.2857583232950053,0.999997618179393,0.9999755051063243,495.7654423497279,-0.47075688853842407,2541.370587273376,19743.101976029182,268490.6014502696,4712291.628700587,12234058.674084507,0.969148527046316,4.8398939081874754,18.139133108478703,0.00014743587064082532,0.05697665225450102,0.3499226511377047,1.0600978188968913,1.2653176225837688,0.6587240305092525,4.796579359327418e-05,1.8104436701820337,-0.7832588847122436,-0.09036067603459548,4.694094251998207,0.0005555555555554759,0.006488613409652258,1.0000000000001434,0.14586468277439182,1036848.573125332
1,46,time1_46.h5,7000.0,0.004,1.4287638044908109,-0.06712776626181705,1.6271481067250162,2.6676654898043095,1.2415969498327077,2.020262126235845,0.07423985182898596,0.07423985182898596,1.522554007450198,0.368225740537492,0.48344371777324324,596.3551536557017,0.09497516836948207,2.4202340349264613e-05,976.1111111112511,806.6756651875459,3.5067108362468136,18.924178495990425,0.9494444157540167,0.00023809523809520392,0.2861318115658686,0.999996030804945,0.9999682605282192,486.4456730162311,-0.4643220613375065,2575.499721444164,15350.181504525845,348760.4892408691,6437587.004481563,17527596.722064316,0.9442960430623482,5.127687514136594,20.673467933407537,0.0001058488201829636,0.054175654480176735,0.3497800240352148,1.0692884836438954,1.2953905957279621,0.6586121461968703,6.370125618050656e-05,1.758967601079684,-0.6669987027790824,-0.15732627825315904,4.396478386582556,0.0005555555555554759,0.005597233812156622,1.0000000000001434,0.14819699282987056,1211535.6246494253
1,47,time1_47.h5,7000.0,0.005,1.4956260566476174,-0.05147755233953205,1.6493262586124526,2.4696676914861033,1.2131425594608891,2.000867878759163,0.07485723105417502,0.07485723105417502,1.5266126189566915,0.23278831968724759,0.5191620348393955,567.6045546650632,0.09503190451175393,2.5456334480798078e-05,935.2777777779119,762.0138452434716,3.732612164278022,21.46796071904062,0.9683843930862734,0.00023809523809520392,0.2866768139698291,0.9999915121132608,0.9999510326592707,476.8020617525402,-0.4533209098911449,2199.1524824711323,14450.339325318404,502914.4477090882,9999970.582036948,30804835.05416562,0.8934691887951272,6.1728387255442705,24.82531651919492,5.321684287140987e-05,0.05029159271853047,0.3549113735459765,1.0933544422321715,1.344980552474203,0.6585104373702058,8.716393745993992e-05,1.785671816522263,-0.7055534284234423,-0.1433854037671456,3.8741632529099164,0.0005555555555554759,0.003631256955127984,0.0,0.15482366518177096,1509475.7215266968
1,48,time1_48.h5,7000.0,0.006,1.5287558767788632,-0.04389375058985968,1.6599946742856309,2.37188172387511,1.1974215410108302,1.9877133809528713,0.07485723105417502,0.07485723105417502,1.5289906677365444,0.18558094025735897,0.5405900588823288,558.0870921620241,0.09516962718513108,2.5913097969428577e-05,933.3333333334672,753.0464658421045,3.808179797491322,22.200710264537378,0.9747773789497539,0.00023809523809520392,0.2868706437461796,0.9999890701770592,0.999941163178415,475.1233444794947,-0.4486629507948805,2916.3596638577405,18857.51814565325,573125.4594027165,11644504.733413193,38750202.85290691,0.8653038191501015,5.754532536854709,26.50168533938794,5.7195178386672455e-05,0.04921853462416208,0.39267396723011133,1.1056411518897464,1.36539410779291,0.6585275461400883,0.00010288626412268881,1.785522251579448,-0.7066386150529131,-0.1420466454195612,5.008606816500621,0.0005555555555554759,0.002669141290722378,0.0,0.15929501014422584,1628817.6131386033
1,49,time1_49.h5,7000.0,0.007,1.577743714771083,-0.0230415101952694,1.690246579272592,2.2183588131806937,1.1639041514317043,1.967285010558607,0.07485723105417502,0.07485723105417502,1.5364149414479111,0.09506843337217918,0.591158382304268,548.0623916544178,0.09453143221256488,2.6025788192436725e-05,927.500000000133,750.260191413523,3.903122678906955,23.030395541761443,0.9840208085745817,0.00023809523809520392,0.2871522210769989,0.999984177575318,0.9999177206119362,472.90674686086896,-0.4408018486830118,2598.5503457661744,24905.737086326924,692732.3313860961,14222134.322774556,57167598.8701009,0.7963890485914783,4.9069318362017205,29.136213929361663,3.603593722965036e-05,0.04870804308723143,0.39877159059640804,1.1154612943458024,1.3907032279429574,0.6586632561511847,0.0001284464658402112,1.8581978573658535,-0.8459068810446785,-0.07149424788364368,4.964022600100518,0.0005555555555554759,0.0010526228464723668,0.0,0.1712316513149902,1799539.7467104828
1,5,time1_5.h5,2500.0,0.002,1.3435876799348216,-0.06483477242704366,1.8021698557102859,3.3401586587394587,1.2806418592757052,2.30793415474745,0.08000444469137175,0.08000444469137175,1.6273779739261254,0.8972439508996312,0.43893377535927447,353.6093083544864,0.08494534072473556,6.945669085600776e-07,649.305555555582,606.4988578977114,5.055430250408899,36.792227721502776,0.9207184291824696,0.00047999999999998044,0.19398503289242575,0.9999995365655685,0.9976996898233587,186.7136694668188,-0.46301649521290633,345.87536650484844,1659.595859066142,22475.779428638587,147889.41467339196,20286027.13981735,0.07568516051396933,14.020859854647494,3.1563683604733295,1.6906278282352417e-05,0.15197693140023222,0.2785839377807601,1.0047230135300769,1.0716406237437566,0.7273096923853407,1.925290184461877e-06,1.888620667831914,-0.8353615515341258,-0.06247097901442865,0.27598472700236615,0.001519999999999938,0.007492019769797096,1.0000000000000409,0.48363112296825866,219006.44143520886
1,50,time1_50.h5,7000.0,0.008,1.607539981578674,0.007120506521387895,1.7784339935482352,2.1861233832066698,1.1298248970453297,2.0093190036625495,0.07485723105417502,0.07485723105417502,1.5499193407857217,-0.0031423278817914544,0.6519639311786515,556.07573532364,0.09269469915958099,3.279292154298626e-05,927.500000000133,800.4093386734303,3.9600754157124323,22.70646180961173,0.9860987416304229,0.00023809523809520392,0.28742264074012563,0.9999764692526036,0.9998870758632292,472.3893916553846,-0.43426242270486815,2762.005445491546,25612.90055276183,788403.09708224,15461267.183469804,78866241.88408421,0.7113206290099623,5.079294819344987,31.083189332248338,2.9029650970436626e-05,0.05099213975974428,0.4176240124421999,1.1172020735393735,1.3995022230434526,0.6591720496283533,0.00014624946817579578,1.824583308160225,-0.7810059188699846,-0.10486252588949921,5.236897187608281,0.0005555555555554759,0.00013053548796048282,0.0,0.188597062800991,1874762.639984069
1,51,time1_51.h5,7000.0,0.009,1.7306753066271647,0.07578587920244939,1.858306030060837,2.2391436548246406,1.1187591621044943,2.078996897124591,0.07485723105417502,0.07485723105417502,1.6365569813067609,-0.2164542604124521,0.6909424506749389,607.9378263768926,0.10302161340704048,5.2717449144727375e-05,1036.3888888890376,849.3048044864418,3.638738540318783,19.367062138193297,0.9752863069748287,0.0019047619047616313,0.28838857683220304,0.9999687394738264,0.999866945900185,478.75621818517436,-0.42861289683607695,3312.416322135856,49568.250602187276,1153642.6465654485,16087928.769920258,91143957.93540722,0.6943514351784524,4.34193972403439,37.60003390046343,3.0546522413608367e-05,0.0717085874175689,0.43281421685093563,1.1253787502683752,1.4062282915988114,0.6638272132796864,0.00016206316024189085,1.99688470709918,-1.1344843633886696,0.0833766170360687,7.897192871196252,0.0005555555555554759,4.992749543585933e-07,0.0,0.19924131448992105,1904388.527815599
1,52,time1_52.h5,7000.0,0.009999999999999998,2.567283453292927,0.4888000861477579,2.1256883959137483,2.59464567213715,1.1297031629950316,2.4013969044055963,0.07454854144158049,0.07454854144158049,2.1331685431569487,-0.5990363539408915,0.7902171961574169,768.0254524763291,0.14323106428926533,0.00018488284886214871,1153.055555555721,1011.9259744737251,2.8795865119576236,12.529599537078662,0.9195311740847715,0.0019047619047616313,0.2965614012386073,0.9999312053177075,0.999810754468507,522.8668771503446,-0.40243607047140867,8012.936613174346,248769.00715071018,3922701.2813648917,21912801.28098327,119577100.04675123,0.801754088234837,4.532487676794567,69.33411087209474,5.500769182055863e-05,0.17901414023085926,0.49614596668219785,1.1845461115418203,1.4568799945812616,0.7046911638896859,0.00021147423798719797,2.229007873213596,-1.6492493214487498,0.37069400100308403,20.00063373599415,0.0005555555555554759,0.00046220198977618037,0.0,0.21679770465505005,2128213.992784151
1,53,time1_53.h5,7500.0,0.001,1.2741043702562116,-0.07802097307246823,1.587636998804201,3.3861385057048152,1.3155871860259007,2.088674891687425,0.07984664110685114,0.07984664110685114,1.558876320033622,2.9541878258009353,0.40651017688865665,1007.5509903678667,0.11039485349973716,3.52970320815123e-06,2000.0000000000816,1425.5378056196525,1.9633273877979265,6.082261193866055,0.8391161346317904,7.999999999999674e-05,0.2603423276085286,0.999998893140566,0.9997238492865218,732.3017234613469,-0.4698691599104823,4720.6793080294065,7993.314405239154,23376.947301062246,257393.321639815,477893.6482027733,1.222488572438138,12.269687856290973,5.560730729049855,0.006119800997134118,0.09082188749937703,0.3486971398844038,1.0412909193955773,1.0865540005480692,0.7265167791009083,1.0733345079188254e-05,1.1924701234702808,-0.03049622018441325,-0.28317132604888157,5.432038459220065,0.0005599999999999772,0.009689853135760084,1.0000000000000409,0.049850740178828686,713919.16724938
1,54,time1_54.h5,7500.0,0.002,1.3231992388852722,-0.027062125425361995,1.6064833367529747,3.131128921130015,1.2971524737076097,2.0838538342391764,0.08018003000500083,0.08018003000500083,1.571431011546429,1.0175605482389087,0.42477547690754536,691.6476740366332,0.1013520434416272,1.4973630597704919e-05,1293.7500000000528,982.4085852626189,3.0155122559905316,13.896192204859682,0.9174812338180002,0.00015999999999999348,0.2594447349620732,0.9999857604986928,0.9995738317753042,572.9662541730704,-0.4462495469676314,3940.534208243449,34807.31486851891,188291.19028485706,2201742.8557649353,4249259.365085357,1.1338008453414206,4.538544203105545,15.781699334134391,0.0005900733545510326,0.08551915578690067,0.35223421418780027,1.0515426886556731,1.2138291429869197,0.726481354042169,9.259522436392218e-05,1.8136282167098265,-0.900362906089292,0.011754844709746552,7.854107372841917,0.0005599999999999772,0.009085056904552422,1.0000000000000409,0.05014359903791143,2084455.047528847
1,55,time1_55.h5,7500.0,0.003,1.3535580580720843,-0.009608575970197793,1.6126551514040428,3.000510073127127,1.2856370686451513,2.0732892415865964,0.08018003000500083,0.08018003000500083,1.5717903958884996,0.7317461096133074,0.43685994593522826,674.2323443523964,0.1000912870465998,2.638353049428371e-05,1045.833333333376,958.8743715609485,3.0544536771024204,13.83060323226099,0.9391369325618726,0.00015999999999999348,0.25901848087209095,0.999968605936308,0.9994714394829787,547.4918314855772,-0.4379737643577592,3708.4810002600757,35492.89839969343,307582.40763775865,3755857.0409991695,7508455.908984901,1.1014130242806337,4.358503474727472,20.17063628123085,0.0003193911035497317,0.08189406686148326,0.3546265087161765,1.05894998987963,1.2578573237458897,0.7264901398523479,0.0001585795432629485,1.8051878464350697,-0.8287226253530939,-0.05095959541111491,7.863987632341669,0.0005599999999999772,0.008425249849727347,1.0000000000000409,0.050621417305638225,2721824.950442186
1,56,time1_56.h5,7500.0,0.004,1.429728419443379,0.015016214293223817,1.624302093992832,2.736993592344431,1.2570031981791678,2.041752926958109,0.08018003000500083,0.08018003000500083,1.5690509425374095,0.4224618641845234,0.46838918027936693,664.277512369751,0.09992955519472982,4.2185229955614795e-05,1004.1666666667077,957.1322135584832,3.1996473721514045,14.808735884487067,0.9635013488578397,0.00015999999999999348,0.2582039757522608,0.9998864514538115,0.999217650348426,520.8436275533844,-0.4241536389700506,4141.618193591682,23771.660635789114,569688.0262765493,7525213.367740317,16700016.659753583,1.0433650201452564,4.503541710268618,27.45087274920545,0.0001668471310987193,0.07570390345591173,0.35413120137235,1.083014893933154,1.3264791990797336,0.7265389552560155,0.0003201845055579526,1.719881928939963,-0.6159578565632127,-0.1817867815446239,7.3416734188082735,0.0005599999999999772,0.006562429952671664,1.0000000000000409,0.052276971005311174,3851391.578690336
1,57,time1_57.h5,7500.0,0.005,1.473708449811529,0.022433890058794346,1.6293827844693465,2.605826327533435,1.240153192949968,2.02068426269737,0.08018003000500083,0.08018003000500083,1.5672178227206504,0.32658275705146794,0.4881484636282075,656.9833234659994,0.10056108611830361,4.386840927646481e-05,1000.0000000000408,943.4617555359035,3.2537218914605974,15.311207152796614,0.9709373591904031,0.00015999999999999348,0.25783074130882366,0.9998149816370626,0.9990705448086309,514.263348876867,-0.41830580166739917,3874.3485111249292,22017.99397344571,701094.1447889642,9497607.122311495,22615604.680131774,1.0153130967041408,4.476831429339887,30.45244469712369,0.00011797579530261537,0.07381797707150622,0.35771678999908796,1.0989061806425533,1.3541930160832614,0.726573002138215,0.00040565100085667084,1.675911652606102,-0.5202451452955553,-0.2358688594440425,6.909070892278469,0.0005599999999999772,0.005447864133116684,1.0000000000000409,0.05350852008521237,4326100.516315324
1,58,time1_58.h5,7500.0,0.006,1.5616453993141708,0.030736072156016866,1.6314694415245479,2.341275577576871,1.2024801617833272,1.9618096379889927,0.08018003000500083,0.08018003000500083,1.5651826446310708,0.19351321025051202,0.5366487637873179,648.4159871871531,0.10209348576141156,4.8301000958402856e-05,1000.0000000000408,920.9704056197204,3.3122110899286454,15.962980606975588,0.9807803204406973,0.00015999999999999348,0.257207723455199,0.9996077807672357,0.9987357983681969,509.2826423639329,-0.4083227489885758,4848.7776169002655,31280.941126523234,937144.0536336286,13009279.912674155,37086991.41400418,0.9514073478487272,5.023854018527192,35.20746091732622,9.494460167004602e-05,0.0720365815728683,0.4027118869318259,1.1311805676857258,1.3992280079112134,0.7266388120374079,0.0005593991997781783,1.763606619689422,-0.6895186221278984,-0.14832108224802207,8.871824484546291,0.0005599999999999772,0.003133635181804685,0.0,0.05698445320359977,5059530.7737858035
1,59,time1_59.h5,7500.0,0.007,1.596574096988661,0.03465807597164008,1.6277125561366117,2.214050101642112,1.1822267803666842,1.9243253746038123,0.08018003000500083,0.08018003000500083,1.565442072936955,0.13673189784175319,0.5657523081449375,636.7272949570041,0.10226560584375306,4.7231798182783705e-05,1000.0000000000408,899.1178258830291,3.387193692617985,16.73696560262572,0.9840084453944332,0.00015999999999999348,0.2569611778175305,0.999473513914637,0.9985412966520105,508.2915188523458,-0.40405498659746913,4646.435687976742,36395.821056056724,1029176.0043808889,14329955.108946387,45656972.95229692,0.9110606426848282,4.09001666829987,36.895797448832646,7.609978467458321e-05,0.07181990428835051,0.40282015885440414,1.1403943070198084,1.4138683592747847,0.7266577792464991,0.0006180205095629302,1.8274634477962164,-0.8126644766993543,-0.08497089157091536,8.938964557530632,0.0005599999999999772,0.002065914787569519,0.0,0.059348800856022225,5307573.299515366
1,6,time1_6.h5,2500.0,0.003,1.378439049988391,-0.04866282303106336,1.8306104195001844,3.2047173268175615,1.2657127992054837,2.3170270383203033,0.07994888604922495,0.07994888604922495,1.6225939376149214,0.5649680873248425,0.45422348902090903,331.01275966871765,0.08231482480971752,6.484193881000276e-07,631.9444444444702,557.416834627576,5.321479598488941,42.01483777126289,0.94358929600083,0.00047999999999998044,0.20812361980599192,0.9999988568033435,0.9955021037823779,178.14948251474215,-0.45260918709901143,346.8323305717912,1829.8670949658654,19224.013298958587,197746.5203608524,41476034.860015705,0.0500620665969132,13.938152379684652,2.919116270735042,8.318283148334749e-06,0.09721543147195798,0.2801322305969724,1.0049321081354265,1.1007664641522708,0.7237015794784218,4.1705589962607755e-06,1.9016044906513927,-0.841889719642708,-0.06814984206669392,0.2780787792129328,0.001519999999999938,0.006330494319927494,1.0000000000000409,0.620589226649154,242648.3025560282
1,60,time1_60.h5,7500.0,0.008,1.6366790401005087,0.04237468391736327,1.6129788354039831,2.0207835463138095,1.1409318178001233,1.8402988747505922,0.08018003000500083,0.08018003000500083,1.5694144620313895,0.02949122199634707,0.6334372529458003,616.5507652189104,0.09997571635795216,4.518453241025037e-05,991.6666666667071,882.859324542634,3.494111307754634,17.60887611718961,0.9859500999635497,0.00015999999999999348,0.2566049570419465,0.9991446274930472,0.9980809897299817,507.2820176634214,-0.39648748734176237,4474.45563413031,40131.561678675775,1122218.1560882607,15716131.470601508,65516188.736121476,0.8094697490461112,4.957314734749659,38.527727022991314,5.4302209905102085e-05,0.07140549556915292,0.4097658026063428,1.1498623221966524,1.4272084157485063,0.7266430084124109,0.0006805721581118614,1.785953269619045,-0.7306128402173551,-0.12823972656222873,8.946486785594173,0.0005599999999999772,0.0004811399247542971,0.0,0.06581703064523632,5549715.107079846
1,61,time1_61.h5,7500.0,0.009,1.6401474909730749,0.0444045348023832,1.6011879513535479,1.936057846464316,1.120790204610518,1.7945957716174392,0.08051341890315053,0.08051341890315053,1.5732668740957136,-0.02276229744841864,0.671347258619891,599.9957400115483,0.09723764762025192,3.95437337268813e-05,981.25000000004,865.6454832484062,3.5552550348373146,18.211501563495183,0.9840689323251895,0.00015999999999999348,0.25648325541048084,0.998947008996471,0.9978081643654989,507.2819129854701,-0.3930077533271394,4520.971691567228,41218.40282183229,1117570.651728083,15699018.415097333,76824832.44463423,0.7484216935037624,5.571382561787373,38.44797026412588,4.825604329145717e-05,0.07118729478356077,0.41293522731008087,1.1499738179042978,1.4270112853557901,0.7266033498572884,0.000680572158102586,1.7757752417903154,-0.7116740817534848,-0.13759069472749672,9.01826962961783,0.0005599999999999772,0.00010311384534035017,0.0,0.07022216493745007,5541254.403184431
1,62,time1_62.h5,7500.0,0.009999999999999998,1.631992379487422,0.043940357366049725,1.5755673996591952,1.8445012701909005,1.1015311979202085,1.7355366451506211,0.08018003000500083,0.08018003000500083,1.578220728022633,-0.07591885507063777,0.711208060029642,591.5968314936414,0.09325208183917935,4.0781434628603284e-05,975.0000000000398,864.5178629948803,3.5689383993733523,18.326032756942872,0.9803353239874907,0.00015999999999999348,0.2563931395595652,0.9987217947288083,0.9975039971436989,507.50216046088934,-0.3896376117102973,4741.108619613053,41256.88710252302,1080451.8935378743,15204635.777020754,89051623.43578887,0.6810899450763392,5.605873102969748,37.80415948297033,4.4989435743400725e-05,0.07106068894927396,0.41308695509769633,1.1467177664377022,1.4224256384830016,0.7265446498541904,0.0006592755618118524,1.7704033954813245,-0.7031729320979617,-0.14093903312973302,9.195174571597255,0.0005599999999999772,7.289816444847653e-05,0.0,0.07570357483301073,5446812.160927309
1,63,time1_63.h5,7500.0,0.011,1.5845618185304917,0.03279627298882862,1.4803475444969285,1.6397259052249726,1.0669657589556685,1.5794801413323254,0.08018003000500083,0.08018003000500083,1.590110288374739,-0.18846142334060698,0.793218359730694,565.4204955648285,0.08084420302249579,3.764368519589536e-05,947.9166666667053,860.4232167784446,3.642223258523716,18.878482047685548,0.9688547936539175,0.00015999999999999348,0.256307236881315,0.9981841524659426,0.9967938126532173,508.5939024755066,-0.38310918495708474,4856.420795308324,31722.548353369006,935593.632041784,12931090.065011304,116226326.45039466,0.5312677745367839,5.332669165426887,35.1788147300212,3.7319881114486264e-05,0.07235226321509393,0.41796776700716054,1.129532443350538,1.397254505105222,0.7263790629140372,0.000559399199773372,1.6846766633718884,-0.539935712862671,-0.22363386992517179,8.762613354095086,0.0005599999999999772,0.0011236196605373956,0.0,0.09137410691361632,5008454.302059597
1,64,time1_64.h5,7500.0,0.012,1.5548295330045665,0.021758239581455133,1.4115294439053214,1.5279747641048833,1.0521637307762808,1.485160085799992,0.08018003000500083,0.08018003000500083,1.5963442989151677,-0.24948023906398006,0.8331411150479476,546.3574714659557,0.07245581670542832,3.331325183559575e-05,918.7500000000375,847.2712141555562,3.6750575845701126,19.27190769598729,0.9616641561323553,0.00015999999999999348,0.2563156952608497,0.9978686729739368,0.9963889589200648,510.11557575822,-0.3799468349937845,4024.284198348815,25916.199403248356,837505.8331818148,11291971.662855431,131140268.77305125,0.45195464861747087,5.399560679884901,33.28363040964849,2.8082993686469232e-05,0.0741682549502637,0.4218472812506608,1.1145020793494,1.3767650313511355,0.7262830941534436,0.00048709500351480986,1.6459891857583786,-0.4650013318623653,-0.26234780986602035,7.349234845238832,0.0005599999999999772,0.002160529551909693,0.0,0.10277092247344895,4671557.079230903
1,65,time1_65.h5,7500.0,0.013,1.552632609330185,-0.012284043899705022,1.3366978670242236,1.3951071322135873,1.0282847957354726,1.3745060931530455,0.08018003000500083,0.08018003000500083,1.6084576654575287,-0.42111338032626117,0.9047082137702581,508.18761672346466,0.05243010771906702,2.6977516470021724e-05,766.6666666666979,838.2836163835899,3.7417497771837063,19.923892414951,0.9425168377173738,0.00015999999999999348,0.25651265922663236,0.9971360798383323,0.995508606197183,520.9755874382054,-0.37396820213736814,4622.567064262898,27873.044701170096,602120.7504363412,7497136.918364268,163539956.89409053,0.29502068236375006,5.174016122474442,28.221164156948756,2.692678403191743e-05,0.08031342591082255,0.4437422672320477,1.0881154803898334,1.3273035142551401,0.7260934077270902,0.00032018908683355,1.7100623050154165,-0.6065171569211123,-0.18124989734009753,8.275538735084373,0.0005599999999999772,0.004922352272398438,0.0,0.1387323964530451,3788391.893820698
1,66,time1_66.h5,7500.0,0.013999999999999999,1.6544309339710437,-0.046287377777859684,1.308328541789363,1.3470163995284028,1.0192813425049176,1.3335548725125632,0.08018003000500083,0.08018003000500083,1.6140606873849546,-0.5416578252877036,0.9342547647636066,482.06866552932183,0.04154319101339262,2.0952170198091096e-05,675.0000000000275,835.5863872352867,3.8646036963268084,21.06061220573596,0.9289175231596425,0.00015999999999999348,0.25675185383227983,0.9966621926568425,0.9950315617834865,531.716373177292,-0.37127854836198065,4460.643289719337,33980.565244240526,470665.5901225669,5571408.34500284,181054613.82775307,0.22138947157170455,4.780511539015102,24.950842575329062,2.3836482835891088e-05,0.08447874594306495,0.4583201245734348,1.0789879493441916,1.2969657502503005,0.7260083177504338,0.00023666450884118952,1.7548847727964973,-0.7105926777953817,-0.11967468364982613,8.689992148214461,0.0005599999999999772,0.006449963385165948,0.0,0.16861456410328315,3255227.7611950445
1,67,time1_67.h5,7500.0,0.015,2.9339431688409454,0.03655229687322154,1.318223933260234,1.3421412033327913,1.0119080856167044,1.3339214567194857,0.08018003000500083,0.08018003000500083,1.7749371203037796,-0.538836685510014,0.9777304343636912,542.6155720937712,0.0356017541269353,4.2697493802250535e-05,835.4166666667007,896.6951288354157,3.388721572771906,16.690126024329594,0.8330915535902372,0.001839999999999925,0.25919501269488304,0.9952559419553212,0.9939426811459395,587.257715296818,-0.3640666785657307,5114.067473247507,51409.13116342169,624344.4466006581,3973133.106648992,218349598.15464175,0.1601990329547443,3.816766837818185,28.737033332948798,2.29326678956023e-05,0.15714158822311414,0.5259506420389523,1.1833022934132247,1.2900415563097427,0.732907330496088,0.00012271581437699392,1.8945140866609296,-1.0330644548487415,0.05997519793925154,10.444150705143498,0.00047999999999998044,0.009485397307528632,0.0,0.2891260084693031,2092536.1350812584
1,68,time1_68.h5,8000.0,0.001,1.3023546484103508,-0.11501770447801839,1.6315312456279751,3.3792199181502545,1.3022527226194969,2.12466600665781,0.08697227758651929,0.08697227758651929,1.6976532987931428,2.4985180759370054,0.41859611117510676,1071.3473722196898,0.10891283108575418,9.120030864719134e-06,2537.777777777663,1447.6405763620562,1.8102325959865806,5.413147256842898,0.8346104835648329,0.00016304347826087695,0.27095648914192794,0.999999921133998,0.9999950465090819,754.7602034014814,-0.49137912124091165,4852.09840793981,8398.161555662227,34959.41877872971,288199.26801002043,514410.698599341,1.2654231479015015,11.05955156488586,7.087207305126528,0.0057028518728362895,0.121302940913487,0.3523788154870151,1.0580294714551681,1.1024666929829063,0.8132496157486372,4.7702288907324735e-06,1.2122921714538673,-0.03871261493391836,-0.30885226704836244,6.1532802652684175,0.0004891304347826309,0.008396347030464213,0.9999999999999546,0.09836434691991552,424411.9918093762
1,69,time1_69.h5,8000.0,0.002,1.3405039887965922,-0.059784294402014625,1.7730893311215785,3.356489406820839,1.2846064639310215,2.277722015885911,0.0871534698314912,0.0871534698314912,1.5922794805287774,0.767853095303122,0.438318746040293,780.9076953254565,0.10202596081805029,4.0111189394111894e-05,1575.5555555554843,1051.4483852637456,2.65977489352199,11.169746260053785,0.9176780299361369,0.00016304347826087695,0.2692634821410109,0.999998150414913,0.9999898281562585,598.643239303961,-0.4655673455073881,4248.803352450635,36761.647830322225,292349.49953742465,2476404.23115155,4609361.130215287,1.182957755794672,3.9050496992056747,20.49490163356976,0.0005726825162972516,0.11805403005691019,0.3609787523315345,1.0723455520477012,1.2431949582339814,0.8125224367173796,5.28589099599249e-05,1.8080733274684861,-0.8923099119875237,-0.0016648896021148139,8.959488588196264,0.0004891304347826309,0.0070913773079744205,0.9999999999999546,0.09866069316716504,1241943.6391368147
1,7,time1_7.h5,2500.0,0.004,1.4215456467827399,-0.037781191787761924,1.7693649855971127,2.913244705869425,1.2476793472726428,2.207600150316875,0.07994888604922495,0.07994888604922495,1.6961184826778386,0.38561771555441104,0.47373899406332265,298.3966114702771,0.08033446293139575,4.828092891491255e-07,562.500000000023,531.2657765280579,5.839868619061139,49.557261208435435,0.9606035866951265,0.0005599999999999772,0.23590266236959961,0.9999989017593642,0.9912336672446781,173.27023719796742,-0.44351487771935366,347.19210959669294,1944.0041290708664,17552.671928515265,204901.16562946353,69070733.01920325,0.03305318643661174,13.900488464557824,2.789327623557921,5.01031408328184e-06,0.08566409017046264,0.2792675503562616,1.005062499836063,1.125122552973406,0.7175839879345196,6.014994960384277e-06,1.9289860416640021,-0.8872336702729361,-0.04961770366097763,0.2742723174529842,0.001519999999999938,0.004941809739095657,1.0000000000000409,0.9205332186615868,209659.0709455017
1,70,time1_70.h5,8000.0,0.003,1.3728123646276915,-0.039399294996686825,1.8587418827962023,3.3568275294830157,1.273134279683388,2.3664280080710873,0.0871534698314912,0.0871534698314912,1.599858090640499,0.5059909042893002,0.4517816694015896,758.5364191704616,0.10173265776317637,6.090280530106754e-05,1433.3333333332685,1018.1471601058541,2.698877016399336,11.274721468936796,0.9394195483697568,0.00016304347826087695,0.26851256356387837,0.9999919793885423,0.999986391247031,574.2820349045037,-0.4564722670162293,4187.399880331127,37865.90979159351,490056.1866712529,4224568.745065266,8178280.586416378,1.152742048710546,4.213440367743969,26.53495219527437,0.0003237273451016691,0.1160014705036317,0.3651030552781509,1.0824930385333833,1.2911855682436375,0.8121140365042993,0.00010110235469332153,1.7908337082883512,-0.8111363193008079,-0.06626093592367203,9.020700926188347,0.0004891304347826309,0.006115129558589794,0.9999999999999546,0.09951467200219638,1623978.3194480108
1,71,time1_71.h5,8000.0,0.004,1.4168974622103634,-0.020823002969448952,1.9684424722288503,3.383435145378459,1.2596678897016926,2.4795837749916987,0.0871534698314912,0.0871534698314912,1.6212831775728649,0.3261412506329672,0.46812094308071794,776.0396393861361,0.10243323609850816,9.330920762011195e-05,1362.2222222221606,1047.4770154385662,2.6700602433264176,10.88701402324234,0.9534074697013343,0.00016304347826087695,0.2678831951024409,0.9999775460153938,0.9999824062508951,559.4518731365054,-0.44845215490841245,4479.241046819902,34175.400148904824,716142.7339577179,6254079.499194682,12757164.668383867,1.1250294966466534,4.361737412878299,32.077036873054055,0.00022661295318722664,0.11450809572374854,0.3662241634805596,1.095689667584159,1.331342559358916,0.8116297943373049,0.00016750531505997938,1.7479399769592532,-0.7038656044164053,-0.1330919986835595,9.008149588734994,0.0004891304347826309,0.005010236800138693,0.9999999999999546,0.10083832705011819,1979206.44936706
1,72,time1_72.h5,8000.0,0.005,1.5501434823809306,0.018696162069588906,2.243913143355075,3.480813769201875,1.2282319312824987,2.7560457736931863,0.0871534698314912,0.0871534698314912,1.715063287637827,0.06676870077346157,0.5111229128549646,793.827097730407,0.107663238674366,0.00014095151955673162,1386.6666666666038,1054.9680854443993,2.6342372646708374,10.652604159996402,0.9681208447118589,0.00016304347826087695,0.26777533270809806,0.9999240865248873,0.9999742257254577,545.9215610288016,-0.4344961363530719,4980.956647707977,38879.481581566055,1239825.2711911278,10590220.270161193,24957880.27254837,1.0743675391293919,16.81867535499234,42.20485481138846,0.0001352352724250492,0.11707266133872932,0.3813267837236681,1.1301354834545387,1.3968601426700522,0.8100008603433314,0.00036028689283420183,1.7985315750764157,-0.7862867290832022,-0.09709035280070825,9.953050576536773,0.0004891304347826309,0.002730493660374617,0.0,0.10486228511240746,2591577.3251164425
1,73,time1_73.h5,8000.0,0.006,1.698730763847352,0.09834667840066917,2.3961966979787395,3.6287803546830406,1.221975178750907,2.9280928883349033,0.0871534698314912,0.0871534698314912,1.8848398930546093,-0.2401071059132952,0.5524201254968232,868.6680270586055,0.12977715507624632,0.0002117765990561096,1551.1111111110408,1112.4290260232299,2.4612609675246175,9.47779751223252,0.9627917110072858,0.002038043478260962,0.2776470663647464,0.9998975638044357,0.9999687141265916,551.3011515067982,-0.4229882718839548,8360.664025696082,89505.20622396469,1906174.5558099614,12952653.011818372,32658155.236344937,1.0890871011957586,10.824049962091664,52.330595338682684,0.00017558942763630503,0.1471647973639619,0.4312304902563527,1.1554084553073427,1.4303891586037911,0.8039579988255472,0.0004913645564929943,1.9330828652132341,-1.0704637824168068,0.059988350199202636,18.962744295270184,0.0004891304347826309,0.0017993504038992245,0.0,0.10506399287087591,2927003.236884857
1,74,time1_74.h5,8000.0,0.007,2.2084604880777965,0.47287203312757936,2.4602411417093215,3.9793399592785805,1.2650913969486237,3.1124299027955225,0.0871534698314912,0.0871534698314912,2.2288216254594935,-0.6427772276532709,0.6434684599527909,999.9213974044872,0.19568581576673252,0.00043805898012554004,1584.4444444443727,1168.6468292613686,2.233825280868344,8.116829209688603,0.942972843896685,0.003913043478261047,0.3005538559276177,0.9998856894479329,0.9999545955765758,589.0975325849184,-0.3922909508978194,25954.618782433827,402767.7412600591,5002749.229704464,17330945.94359769,41903741.835005045,1.2505293206428105,7.062483584133345,84.78023489309655,0.0004013632328864902,0.2886599061577798,0.4858270059857092,1.244959654290774,1.5072404553859167,0.7831595089583989,0.0006517521363322545,2.0453966983205767,-1.367811520603064,0.24349129804295325,61.10206989519013,0.0004891304347826309,0.0012076510671209515,0.0,0.095243521590831,3699742.0790120834
1,75,time1_75.h5,8500.0,0.001,1.2715981565698367,-0.07729553155218197,1.6758479121794279,3.595486869821194,1.317023504330955,2.207131090024265,0.09092631180147755,0.09092631180147755,2.3035240529158227,2.6205153079416235,0.40534608851105847,1217.3191067523321,0.11253250180405612,2.4485753513738717e-05,2833.333333333459,1575.283988753373,1.6566614167133966,4.788148919074915,0.8417513225990813,8.021390374331194e-05,0.2578737006726907,0.9999999972336019,0.9999998736695296,814.3857285389585,-0.46737077028880636,2873.146375189571,13724.60605122169,46548.46128218305,302930.2890967009,514025.78440728714,1.327610012475225,5.716946093193084,8.36016045818703,0.0032645596050991546,0.15366063730696777,0.36224808057101665,1.0637424031627114,1.1128134908820335,0.8653934532411999,2.226831163235473e-06,1.1843398519868984,-0.03476963735689936,-0.2996323858037156,8.093930820283608,0.00048128342245987166,0.00946951913171543,1.0000000000000446,0.17103703786496433,274298.52205464954
1,76,time1_76.h5,8500.0,0.002,1.3336943800267158,-0.021317761236482505,1.9330697020645025,3.7510897597065065,1.2957080556694502,2.50469398513552,0.09111574161773063,0.09111574161773063,1.830184384444129,0.8000135903026667,0.4287468303709052,878.9132766566448,0.10438272084784041,5.480729381428544e-05,1700.0000000000755,1121.461604171998,2.40728790245698,9.621581858947303,0.9184214753354667,0.00016042780748662389,0.2582399917353973,0.9999997439700706,0.9999996643577664,638.0345649917242,-0.4387051259356183,6267.657623785428,46171.639956480445,386189.67819769797,2594857.8978307517,4619317.102501668,1.2389909515204134,3.139767472961726,24.08035357001574,0.0008190014592495846,0.14882883510520736,0.3704146099564424,1.0794897957864125,1.2601188846611695,0.8614804200207784,2.682094503573784e-05,1.7900486820111934,-0.8827350026026798,-0.0021964444707640867,11.902352800691197,0.00048128342245987166,0.00796557819811387,1.0000000000000446,0.17027606688698374,794700.8786038535
1,77,time1_77.h5,8500.0,0.003,1.3859047524167145,0.005794752992639405,2.11173834521854,3.903256620603786,1.2838479529531197,2.711150951681431,0.09111574161773063,0.09111574161773063,1.8859044903228004,0.4630314575882827,0.4459433938683881,869.8466918800895,0.1070837777277977,8.06907728021576e-05,1643.3333333334062,1090.715628409601,2.414346964126791,9.570123555636622,0.939967173860043,0.00016042780748662389,0.2625222185591292,0.9999983367573847,0.9999995327611907,611.4999697731259,-0.42791845029343417,6169.4154044966235,51781.87758267563,655781.0501103224,4424369.879584032,8213661.593465637,1.2089538988556185,4.234155838452475,31.37917341596065,0.00046206744587824007,0.14822021394196302,0.3847231386119495,1.092957257070117,1.3106417514021766,0.8564933394772254,5.424875488139609e-05,1.7879184244227224,-0.830960595814422,-0.05157873353305537,12.570713189622166,0.00048128342245987166,0.006796475422000459,1.0000000000000446,0.16950110912186853,1047842.5713670395
1,78,time1_78.h5,8500.0,0.004,1.7219813358222815,0.3192382004047483,2.260893792129259,4.5113478181155315,1.3320316073344445,3.011581991942404,0.08448569804887289,0.08448569804887289,2.414281581210291,-0.6659027858837059,0.5358826143624094,1048.8083968886679,0.1756318697673127,0.0002170441795885201,1836.944444444526,1180.1172175946313,2.114796459997736,7.744217133929261,0.9285989085152194,0.0019251336898394866,0.2984566225341489,0.9999967466170753,0.9988594526460984,629.1737921335367,-0.39232333449178763,17061.829825595807,218406.35701010277,1964312.5180719853,7208796.003266625,13043169.279299062,1.3618331621159774,4.524586353590946,54.240440169239776,0.0007599333181087657,0.27248829307721684,0.4677186506014962,1.1725281770987974,1.3920135338878927,0.7921836591383176,9.513207410267419e-05,1.984422181682082,-1.2859488648807043,0.21430461580401625,36.38655709293927,0.00048128342245987166,0.005762565942935781,1.0000000000000446,0.12818565424559003,1706965.6712782015
1,79,time1_79.h5,8500.0,0.005,3.161483762438088,1.057407218216276,2.9549877269259137,7.428543885818029,1.4947087789202007,4.416846097037612,0.08031824209130517,0.08031824209130517,2.411046881355605,-0.8536363021142803,0.6895466680688234,1248.9355316611122,0.24449598608006756,0.000503969718958433,2139.1666666667616,1260.356044033892,1.8279906117748368,6.309517580226543,0.9263691050817364,0.0019251336898394866,0.25868306564627863,0.9999577669221877,0.9990341953479128,721.3802359303066,-0.3294114943580067,86989.49414836908,1347617.8612218485,7160752.219233975,12770828.089366836,19582214.127233833,1.6540668049740135,6.086765653606479,103.57543246562908,0.0021243684818745036,0.5607116601308034,0.45746634780780715,1.3255431693496607,1.5310714215231782,0.7558203966158845,0.0003317377014740406,2.0129884271729583,-1.48040001898164,0.3639933491403664,157.89546944915423,0.0004010695187165597,0.004609073382479449,1.0000000000000446,0.08906533693202939,3218951.1784714987
1,8,time1_8.h5,2500.0,0.005,1.5061094556741548,-0.004252617498113552,1.7386179930665893,2.6659390271242516,1.2257156074843265,2.131051209554795,0.08733818545474749,0.08733818545474749,2.2190208974404877,-0.28795974226083687,0.5098764758950061,393.6924722156714,0.08645339563062361,4.50131161710386e-06,714.5833333333625,701.1870674631715,4.690902908089247,30.1408275384458,0.9678089320324668,0.005439999999999778,0.30235319293043394,0.999999455752311,0.9999940429605134,175.2247667257642,-0.4318582213088809,385.3923284798544,4913.764625766238,183539.46872360384,764267.1001331143,111152415.22992262,0.07712364927099571,12.130054835866483,9.019760423762335,3.4377640386866567e-06,0.24015094813270954,0.347771719002305,1.0289927034796893,1.1592290446090614,0.805914304822226,5.7234126910814165e-06,2.485722912048054,-2.0125108093476856,0.5224450699745021,0.46631050252711137,0.001519999999999938,0.003154460968143001,0.0,1.2133473947934363,221379.48862837921
1,80,time1_80.h5,9000.0,0.001,1.3433884948482546,-0.15493969563685306,1.6869211801432837,3.372066557113229,1.2868664173932727,2.170842215515819,0.0952569954356023,0.0952569954356023,2.4917658174760438,1.9768157281219736,0.43322417740656527,1185.5098937433684,0.10738505854868209,5.323335903589002e-05,2885.0000000004143,1539.2088166765907,1.6835203799147915,4.903422856048116,-0.8355286281671613,0.0006349206349205438,0.2834540830549094,0.9999999996876118,0.9999999847378034,816.9156292605508,-0.5162429214759148,4842.8692072072845,8314.25948168926,56908.2313209212,300832.0589707275,572030.9934450639,1.3069671400159033,9.699603161819654,9.45928688212105,0.0051359882080012674,0.18916943731206076,0.36905025224644744,1.0900788319446255,1.1219590770522632,0.9238681480890659,1.3279165241024368e-06,1.2338768787367977,-0.050117264688123817,-0.3372968143963317,6.8151819168883865,0.0004761904761904079,0.008110865554540646,1.0000000000001437,0.2411967918742649,219351.21372546817
1,81,time1_81.h5,9000.0,0.002,1.3524328116277204,-0.11948417309479115,1.8327683742191165,3.492617125363668,1.2786255651652807,2.3434244983029706,0.0952569954356023,0.0952569954356023,2.0221061332376595,0.9163186719007392,0.4436796498608373,958.285558755387,0.10417468436374318,6.430560155078203e-05,1900.0000000002726,1173.59012104473,1.9159801977960331,6.579500917769396,0.8808761839512724,0.00015873015873013596,0.2858064675789529,0.9999999872955879,0.9999999710921547,702.1070450790628,-0.5000647472847148,5704.066686407727,25123.18441905295,222788.45744915184,1179922.6539878207,2286929.645598137,1.2632440775640632,4.7766944877612065,18.71618679548548,0.0015331583752170273,0.18881615392007847,0.3746820111228506,1.0972994583517188,1.2117192139195367,0.9182116203265771,6.425542627490475e-06,1.774894602629787,-0.9320168475681407,0.057298744425506365,9.513418601358003,0.0004761904761904079,0.007517371311152199,1.0000000000001437,0.23893415710860424,430178.33426545287
1,82,time1_82.h5,9000.0,0.003,3.7304292748364154,1.2676108517798563,3.0870562342405017,9.203234822000113,1.5890176753796519,4.905386921099105,0.07977773367731693,0.07977773367731693,2.4932780444201046,-1.240057367419002,0.7236174177366126,1344.141711425929,0.2575555140566175,0.0007055454861026294,2400.0000000003447,1246.2139485961181,1.5860461458975985,5.580365115858862,0.9016316107333906,0.0018253968253965636,0.2613540844563121,0.9999342886666656,0.9977572038309591,814.0673341743621,-0.377970457172298,114426.3494814653,1332406.1665256033,5038820.950824369,6798723.724130916,9847455.19501228,1.79773065494685,7.602906355889565,89.00921463177859,0.0049467049376877145,0.7411421842220075,0.45387262915562304,1.368784884540345,1.489141182814183,0.7429274135846126,0.0001827911188804088,1.9563377818518046,-1.5078380279892132,0.436053411677516,165.00208495027732,0.0003968253968253399,0.006261443265184334,1.0000000000001437,0.08643757600220985,2564642.777934975
1,83,time1_83.h5,9000.0,0.004,5.216898646852365,1.7251532653775599,3.8002686777326775,15.09913077458836,1.8045623212475401,6.857821666453601,0.0799761857511411,0.0799761857511411,2.3813898714370794,-0.7282830729894018,0.8134573200405122,1440.2934343958677,0.3408408142047734,0.0015020584418435747,2577.50000000037,1251.2489907692516,1.5840710262089286,5.603134034534904,0.922102368169586,0.0018253968253965636,0.25738797972764593,0.9994155549216848,0.9969308548765676,899.5860869201683,-0.3534689130897549,358890.2943278686,4256996.428211946,13170476.385176364,13297466.823239688,16019769.289070776,1.9253876028036636,8.106433420706782,143.9037739254162,0.007619169241217606,0.9904500278322647,0.4675292042423781,1.455757504935634,1.6136696277543567,0.7390708998057495,0.00048375320117928755,1.909966271601718,-1.4868161721422037,0.43912907330083073,469.1397728982355,0.0003174603174602719,0.005878396564148706,1.8375000000002637,0.07426801435924009,4253578.877667968
1,84,time1_84.h5,9500.0,0.001,1.3054933111856089,-0.12046749834552214,1.6993552742620297,3.520253096536031,1.301334660767695,2.211429919355572,0.10002083767451553,0.10002083767451553,3.1528271276195334,2.1440758627442245,0.42108376657136337,1262.524263925633,0.11126139545084564,3.578469549196696e-05,3032.0833333333026,1611.1263608517795,1.6529916927130488,4.8088747952419455,0.8349702743440424,7.894736842105343e-05,0.2696111691480771,0.9999999999526386,0.9999999966104929,876.7499018452361,-0.49242806602817896,9901.23762602821,12204.709888114436,73154.43044846659,306000.3702783942,579888.6230755737,1.3975649537089139,6.134750067544901,10.987117796554461,0.010091468144898278,0.23906647688665172,0.3712038956559523,1.0988661711911767,1.1346504489792086,0.9924316615859289,9.522798609481086e-07,1.2006528540910248,-0.04353844822523067,-0.32873299114332283,9.310792869210493,0.0004736842105263206,0.008359018341825255,0.9999999999999898,0.29332521600129596,203000.05801362332
1,85,time1_85.h5,9500.0,0.002,1.3273418460828617,-0.08197356924975369,1.8685217805215846,3.6735702305398212,1.291821650812235,2.41379689109201,0.10002083767451553,0.10002083767451553,2.2866738224682193,0.9969727506288208,0.43250973070104015,1016.3427444126368,0.10761837315786695,7.540498691347085e-05,2037.2222222222017,1196.2403160636986,1.80918234414365,6.112063660701222,0.886786106502605,7.894736842105343e-05,0.28344375096182883,0.999999995449465,0.9999999905776227,745.697247395322,-0.47445838596154266,4514.306844097426,56646.10880208331,290906.4430205833,1193508.5183681343,2319758.936779617,1.347096462070868,4.640150293844776,21.909897716883446,0.0011678955758014293,0.24374056702865865,0.388084089254894,1.1060787580278442,1.229143926540402,0.9719678384835383,4.647859809985494e-06,1.7490632873725898,-0.9209086465307443,0.06058311128517076,13.080129671223114,0.00039473684210526716,0.007723374917392686,0.9999999999999898,0.2846055310202873,397580.77558538516
1,86,time1_86.h5,9500.0,0.003,2.9583888094506205,0.9703709731845017,2.9401767876050346,8.151437584310498,1.5143748911418111,4.452529902667054,0.07959991664930194,0.07959991664930194,2.579045945231398,-1.3886087324558334,0.6523394424558637,1384.317139139151,0.2440162480381433,0.0007200159720406602,2638.8888888888623,1319.8570803047116,1.5445082975007436,5.213470301316302,0.8713479311505816,0.006157894736842168,0.25306107139948014,0.9999871280544912,0.9980230723174538,819.264299478249,-0.38219412528723523,60921.360985241874,592307.4525260135,2270425.3144503203,3533879.8724934137,5533574.966917855,1.7419883114323589,8.513725995601355,61.20923670936189,0.005080544355906162,0.6424738237772546,0.4634488857539582,1.3189008118240129,1.407865079798806,0.744878547875114,8.083877314246955e-05,1.877917023206719,-1.3610995747886458,0.35789263570193275,94.57680194913023,0.00039473684210526716,0.007243811644344431,0.9999999999999898,0.09768621899455739,1689928.4232616068
1,87,time1_87.h5,9500.0,0.004,5.961283433842026,1.912744431066789,3.9925182796113012,19.40819363545284,1.928963247968539,7.701421028212779,0.08022504688476766,0.08022504688476766,2.296641617356169,-0.5445636098867682,0.8348779962797066,1528.199163786424,0.3616595888390751,0.0021696244530084023,2649.4444444444175,1291.1185408124404,1.550873152290561,5.33507590372633,0.8870249299508898,0.014052631578947511,0.2430883613084221,0.9991095068769592,0.9972257964522582,968.4695108549962,-0.33121882180812046,539053.828802936,6109915.821934694,17029414.80301742,15151525.72873099,16755582.346371647,1.9705349959977134,9.432667865300335,167.63298197963755,0.00969774313905884,1.1239405923804422,0.47401043950148053,1.4955544129977307,1.6590300118724295,0.7381022763926669,0.0006077034650677386,1.831414691556653,-1.3851414771555277,0.39058945164609715,739.4970433048485,0.00031578947368421373,0.004533188245934106,1.7958333333333152,0.07182429825558839,4923155.5822257325
1,88,time1_88.h5,10000.0,0.001,1.269110494986458,-0.0755146345603617,1.6812487306387194,3.6300111091504363,1.3187962733185903,2.2172245604879532,0.10528624698398771,0.10528624698398771,3.9088688268027307,2.283915119199134,0.40420610520678013,1301.1716947092077,0.11415633964417263,5.526076493817697e-05,3074.999999999969,1587.6642730468127,1.5344297979097326,4.385492841405574,0.8438781334432681,7.894736842105343e-05,0.25510835418571315,0.999999999989924,0.999999999240149,937.0462109847061,-0.46499582128870026,8711.129852781396,14713.308046319753,103787.3554630433,306853.83970334526,585869.515396517,1.4631546241027034,8.972072764269361,13.423352047516612,0.008540866412847122,0.33823059070527195,0.3776189464951734,1.1079960504884363,1.1487887864494213,0.931944256933379,7.159065429238731e-07,1.1659980813412822,-0.038549603824899005,-0.3202353102626212,12.712315772675206,0.00039473684210526716,0.009540827388505901,0.9999999999999899,0.3354008081303675,200055.60524308396
1,89,time1_89.h5,10000.0,0.002,1.3252283164164609,0.01484329261631086,1.8162612835555385,3.8555436288587446,1.3236264655097874,2.4040515031948875,0.0908093880236894,0.0908093880236894,2.7463559521131256,0.6169815997644966,0.43936676891512716,1169.573633550842,0.13181864116263617,0.0001266866104160529,2499.9999999999745,1264.4398921011718,1.6063053881237406,5.309795747177656,0.8918824554759718,7.894736842105343e-05,0.30562831796962214,0.9999999969731214,0.9999999803254814,796.2916982503986,-0.43777773458307356,10696.821146467779,82969.87726744439,433003.4863387717,1226927.4481911245,2361168.700209907,1.458078196070799,3.876082059102332,27.417915539076766,0.0025996181266189477,0.3529169446629909,0.39726591841277753,1.1260853062454008,1.2532159293071805,0.8742260477848075,5.060432333019569e-06,1.7132948478536587,-0.9265166198593074,0.08542937590165905,21.636275339526268,0.00039473684210526716,0.008690545861737179,0.9999999999999899,0.2337291413321451,483255.12169352494
1,9,time1_9.h5,2500.0,0.006,2.168327329291919,0.48515473244052154,2.2382506125684527,3.6416052242401684,1.2742199966420655,2.8520236880310748,0.08789377187621535,0.08789377187621535,1.8626934065321274,-0.8179553700562953,0.6134799356007212,787.1728446077514,0.13751176630138182,8.67438086242602e-05,1293.7500000000528,1115.5725789177527,2.6604275097915946,10.446178243786829,0.9386769280651385,0.005519999999999775,0.3244969401280278,0.9999951666714764,0.9999560565384755,257.1345657536289,-0.3953495499121148,4302.008529078137,116037.8596492716,4087979.418355328,14298018.886616182,151224144.94398066,0.5861279906188691,6.1942540407105415,42.568152506843866,2.534611608987959e-05,0.2859122967155909,0.4462173925790851,1.1321529360570215,1.279503399301607,0.853434611067012,2.3690360784702395e-05,2.5939023126636642,-2.3088260413320163,0.7048387940725056,3.4836471285833017,0.0017599999999999283,0.0019085376083888498,0.0,0.34210583473318507,1001609.8939230851
1,90,time1_90.h5,10000.0,0.003,3.8460160071028526,1.3082513118243109,3.3324730621229954,11.072121668796505,1.6368101162794324,5.454625620311616,0.08050010967317395,0.08050010967317395,2.4222760881724175,-1.0802879577399536,0.6991382065157938,1406.3775294353627,0.31006380339802925,0.0012468375559099262,2505.55555555553,1248.318303729945,1.5576163693214968,5.46795894186617,0.8756025039462031,0.011921052631579068,0.2331411002635618,0.9999510648892125,0.9974161539143006,902.1865001534806,-0.33412389475375903,99867.6596479639,1062937.014003526,3336694.9965305114,4001515.198485352,5729226.678504956,1.8635575698732934,7.437691702444883,76.1108077282824,0.007017987664995652,0.8338578840818879,0.45498294228051883,1.404162268643896,1.4673128645041427,0.743951516560308,0.00011193504273212125,1.868181956657843,-1.395846039298664,0.3868353691943203,147.72224549036508,0.00031578947368421373,0.008408664838610105,0.9999999999999899,0.08758941300761199,2108663.858254239
1,91,time1_91.h5,10500.0,0.001,1.3538753664020973,-0.16451918098374985,1.699126532322479,3.3812349850418393,1.2840670104149712,2.1817923266760824,0.11113683723084047,0.11113683723084047,3.231494707109593,1.5887976114786708,0.436141353188378,1280.1957163806308,0.10926875882830722,8.563617807370019e-05,2800.0000000000346,1587.0738301150373,1.595691919485628,4.614687744574759,-0.8387964379991144,0.0005555555555555487,0.2874046072728004,0.9999999999963461,0.9999999997593885,926.8668892474137,-0.521795032552648,3327.1297371018986,13665.881896233628,132668.63636740495,286119.4104434574,668869.982500541,1.4138995491115687,4.735610241078483,15.587864845758038,0.003011928304758046,0.4636827545596483,0.3824951903209084,1.1550208606670347,1.1622069425476993,0.8579283192579844,6.03389095128185e-07,1.2169629148214611,-0.055043877076410536,-0.3627794295159116,10.397738609539926,0.00039682539682539195,0.008169679693894039,1.0000000000000124,0.38515608902118315,191862.98349997817
1,92,time1_92.h5,10500.0,0.002,2.685957696104827,0.8320639578247058,2.8489710147740186,7.585072677746523,1.4769882682381932,4.207896765371886,0.08103727714748785,0.08103727714748785,2.5192916873520477,-1.2021398425602223,0.6350085854853458,1406.8887721651085,0.2552089748846272,0.0008409262173075576,2633.7500000000323,1306.1175460674033,1.4289018471717299,4.715088866220668,0.8405864852449308,0.004126984126984076,0.2578349270314057,0.9999935150197993,0.9978015745397808,889.5904178454737,-0.43473937420116926,41391.616574509055,285466.7825988096,1180362.1653477082,1523400.635055272,2816931.8039861503,1.7423836881877055,5.046937223255482,46.495377331521354,0.007078450857870366,0.7748205811302438,0.4648870826761443,1.3323344934861479,1.3551802666747643,0.7542060492184682,3.870618392760221e-05,1.7593430990387735,-1.1899124737543632,0.27660400279750763,64.01673473891289,0.00031746031746031356,0.008060693691170078,1.0000000000000124,0.10264264954569494,1194496.2500232973
1,93,time1_93.h5,10500.0,0.003,5.133464247674971,1.704937021281784,3.778169626641073,16.404882445093133,1.8325149645514114,6.923552379433385,0.08103727714748785,0.08103727714748785,2.236551828349625,-0.6747437510721392,0.800796403134925,1478.1500564021678,0.3419766941862026,0.0019032870199937046,2508.333333333364,1249.510180142893,1.5083381284869277,5.3793727038055446,0.8894212656288237,0.004126984126984076,0.24968112175076687,0.9997471531463367,0.9963698476336632,998.4840617736173,-0.38226565313111227,182552.1028055476,2217671.2852514917,6057398.8983113,5217184.317835404,6773935.20395557,1.9590919608485322,5.796797036509322,105.3287013115117,0.008927302448149007,1.1610475170684595,0.4653628242681163,1.5075346036994572,1.5501959655858444,0.7475987131867509,0.0001969712475574444,1.9005653958332072,-1.5083151508831203,0.4594575426981412,257.8771195891677,0.00031746031746031356,0.00763016200316348,1.7250000000000212,0.07672797267242738,2972348.9182086806
1,94,time1_94.h5,11000.0,0.001,1.3085852555259592,-0.1254922670316728,1.7113682692134815,3.5498789019267836,1.3008017443976552,2.2261508298996926,0.1176759009561167,0.1176759009561167,3.8247766671745276,1.7749432708567083,0.4205149226016258,1292.9147464172995,0.11245763521527179,8.074507705764912e-05,2933.333333333337,1549.662776804608,1.5210734775375359,4.371848948169931,0.8380030629722202,8.021390374331541e-05,0.2741236658063383,0.9999999999981248,0.999999999848261,987.025066745032,-0.49430616508064407,9277.40542833155,15058.899021464435,179985.589138522,270058.13802233594,682661.2793440542,1.49398855174525,7.569525996865747,18.676418918936765,0.00801821451014268,0.6664697848269833,0.3969645045513354,1.173883372791333,1.1799706529143852,0.7809180896739869,5.443386303189776e-07,1.174595456516049,-0.0465123617236517,-0.35606435847767254,14.924330386466812,0.00040106951871657706,0.00826959234572373,1.0000000000000013,0.4130860362637595,201047.05139172066
1,95,time1_95.h5,11000.0,0.002,2.923291552208876,0.9509805493151849,2.957922275566974,8.491529064453873,1.521584144742346,4.5007276358829085,0.08212797254228978,0.08212797254228978,2.3796426728403635,-0.9012421811475171,0.6420193466821233,1449.0521825479696,0.2782324043575203,0.0013708232696506275,2707.222222222226,1311.5633723154758,1.4193124099829193,4.703676847560862,0.8677646520283728,0.004010695187165771,0.24114173324229385,0.9999901692120271,0.9976410244756715,938.095057059982,-0.3996036109905531,49723.59022934073,390503.0612630403,1467160.6878831321,1536321.7563840328,2895507.0942310514,1.8031219670353746,5.33992733457118,53.32287237154597,0.007843807300317751,0.9549826927767515,0.4803886776558803,1.3863432748705065,1.3925876454684198,0.7663397380782434,4.4435308820882966e-05,1.743173315931596,-1.1900253396137312,0.27758539387467707,83.0157906064297,0.00032085561497326165,0.008096570614362607,1.0000000000000013,0.09948610383348157,1324356.7874571162
1,96,time1_96.h5,11000.0,0.003,4.429035117706739,1.570522786999345,3.2400488170391157,13.785158627698971,1.807465577282405,5.85627670551278,0.08212797254228978,0.08212797254228978,2.0207643602333447,-0.2703883605400281,0.7830850590666674,1524.1537108531088,0.3519739561468816,0.002182730979201807,2710.277777777781,1271.7790407670343,1.4104206647334243,4.915447146708015,0.9136081213415435,0.004010695187165771,0.2336012502064009,0.9997688295786804,0.9971396388723522,1022.8250463339077,-0.3641695305961009,226959.3730896855,2318255.943503756,5966825.629904199,5046835.678113988,6798367.876459725,1.9754453343419607,6.031000503501043,107.53423828684411,0.0111488258186289,1.1822904509809626,0.47068536996516186,1.5374681581245222,1.5790232574233471,0.7629050683472076,0.00019460536605886243,1.8090197490712572,-1.3792078887397055,0.3970208895475444,329.7334222064413,0.00032085561497326165,0.00711883712231783,1.0000000000000013,0.07931243240378899,2968500.551063295
1,97,time1_97.h5,11500.0,0.001,1.265430696605906,-0.07221129599440847,1.7342204969742656,3.780961181012729,1.321648082043936,2.29202919366732,0.12503256056264653,0.12503256056264653,4.416990475833651,1.932607997077545,0.40330116002794725,1363.253858535981,0.11723315711294534,7.270245366338505e-05,3066.6666666666583,1593.4288941128436,1.4566699443189293,4.161289831935283,0.844139420558585,8.1521739130435e-05,0.2598227813989252,0.9999999999998082,0.9999999999507846,1049.339600938853,-0.461798184888167,6291.367494547501,14921.480184670654,234130.23964670242,262417.5912948096,691758.4351194422,1.5155893385967836,4.006754594865556,21.798349297814315,0.005201544500684101,0.8922048193928885,0.41247926299207555,1.20078943055002,1.200015847519994,0.7018774039196356,4.7438541786165506e-07,1.129618996535583,-0.04097987704229727,-0.34912247152276177,21.395549503326865,0.00032608695652174,0.0096200446678508,0.9999999999999973,0.434720714748397,214939.78715271212
1,98,time1_98.h5,11500.0,0.002,3.0072060983107702,0.9924818783612619,3.0206598347473284,9.0169299067597,1.541756453976458,4.657121795489155,0.08361552487626986,0.08361552487626986,2.4105371554016055,-0.7518468710638153,0.6311628332899972,1503.401241537335,0.24418901364137657,0.00043328415817025774,2807.9166666666592,1311.422979081312,1.2718139917885805,4.271003445045697,0.8486333495762165,0.007907608695652196,0.22814367938720329,0.9999807132089116,0.9966070980624384,975.6718781322444,-0.3636894786785113,61711.91957858225,435642.2606919548,2071428.384733549,1074071.8004256692,3006096.541051456,1.7870888912480352,3.329316136256547,65.22529205066847,0.009281452133813652,1.9285753372471133,0.4988437868850724,1.4222914505658943,1.4217061662354449,0.7880615383636382,4.626417977346744e-05,1.7405520381200295,-1.2109996051251704,0.29114395860493003,98.04626237473111,0.00032608695652174,0.008748608162284772,0.9999999999999973,0.10178276238040558,1373819.2723639798
1,99,time1_99.h5,11500.0,0.003,4.92186914035293,1.6450368946625946,3.2492116192059357,13.571533672316036,1.7959672351511249,5.835477608166194,0.08387600937744204,0.08387600937744204,2.255727316280223,-0.5076663946095907,0.7681386383171215,1481.538596884617,0.2656198776020807,0.0005953227292421996,2561.9444444444375,1233.7536654395765,1.3079457040467144,4.634610550411676,0.8733586473959852,0.0,0.20260061452576536,0.9997646149032218,0.9977198140693561,1048.476357137895,-0.3321688974402314,184532.65863877127,1159775.3804361625,8800558.914138004,3043438.3598829396,7317978.348805206,1.7582674913236127,4.412361474793168,134.5641242305307,0.008998834780658823,2.891650125115891,0.45169111983220267,1.5800590036846662,1.603820836118243,0.7851519008565544,0.000189973540581644,1.7010766239228605,-1.2371344886297628,0.3304311989540105,441.10732535765004,0.00032608695652174,0.007431638985477787,1.666666666666662,0.0831303722347289,2950109.5335847475
